Numéro notice,Titre,Mentions de responsabilité,Titre propre de la collection,Éditeur,Date,DateDébut,DateFin,Date d'autorisation,Édition,Format,ISBN/ISSN,Notes,Langue,Lieu,Cycle,Niveau,Discipline
00000001,La Route Champlain = The Champlain route,,,Le Droit,1953,1953-01-01,1953-12-31,,,"38 cm: 152 p., ill.",,Textes juxtalinéaires en français et anglais. -- Comprend un index,Anglais|Français,"Ottawa, ON",,,
00000002,Atlas général Holt,"DE VARENNES, Jean|LAVALLÉE, Jean",,"Holt, Rinehart and Winston Limited",[1970?],1970-01-01,1970-12-31,,,"32 cm: v, 158 p., cartes en coul.",,Comprend un index,Français,"Montréal, QC|Toronto, ON",,,
00000003,Géographie universelle : pour garçons et filles,"WERNER, E.-J.|DE WITT, C.",Un grand livre d'or,Deux coqs d'or,[1952?],1952-01-01,1952-12-31,,,"31 cm: 93 p., ill. en coul.",,,Français,"Paris, FR",,,
00000004,Géographie,"BROUILLETTE, Benoit|DAGENAIS, Pierre|FACUHER, Jean-Charles",Pierre Dagenais,Centre de psychologie et de pédagogie,[1941?],1941-01-01,1941-12-31,1960-02-24,,"25 cm: 166 p., ill., graph. et cartes en coul",,,Français,"Montréal, QC",Primaire|Intermédiaire,6e et 7e année,
00000005,Les Continents du sud,"CLEE, David|JONES, David|MARLEAU, C.",,Éditions H.R.W. ltée.,[1977?],1977-01-01,1977-12-31,,,"25 cm: iv, 252 p., ill., graph. et cartes en coul.",ISBN 0-03-929340-8,Trad. de : Introducing the Southern Continents. -- Comprend un index,Français,"Montréal, QC",,,
00000006,Mon milieu et ma région,"CYR, Hervé","Mon univers ; 1 ; ""Je fais ma géographie""",Éditions des frères Maristes,[1976?],1976-01-01,1976-12-31,,Nouv. éd. ; éd. ontarienne de la collection,"26 cm: 55 p., ill., graph. et cartes en coul.",ISBN 0-88519-132-3,Titre de la collection de l'édition ontarienne : Je fais ma géographie. -- Comprend un lexique,Français,"Laval, QC",Primaire,4e année,
00000007,Ma région et ma province,"CYR, Hervé","Mon univers ; 2 ; ""Je fais ma géographie""",Éditions des frères Maristes,[1976?],1976-01-01,1976-12-31,,Nouv. éd.,"26 cm: 111 p., ill., graph. et cartes en coul.",,Titre de la collection de l'édition ontarienne : Je fais ma géographie. -- Comprend un lexique et une partition. -- ISBN 0-88519-133-1,Français,"Laval, QC",Primaire,5e année,
00000008,Ma province et mon pays,"CYR, Hervé","Mon univers ; 3 ; ""Je fais ma géographie""",Éditions des frères Maristes,[1976?],1976-01-01,1976-12-31,,Nouv. éd.,"26 cm: 125 p., ill., graph. et cartes en coul.",ISBN 0-88519-134-X,Titre de la collection de l'édition ontarienne : Je fais ma géographie. -- Comprend un lexique,Français,"Laval, QC",Primaire,6e année,
00000009,L'ABC de la géographie : guide du maître,"DAGENAIS, Pierre",L'ABC de la géographie,Beauchemin,1947,1947-01-01,1947-12-31,1947-05-07,,23 cm: 79 p.,,,Français,"Montréal, QC",Primaire,1ère année,
00000010,Géographie générale : l'Afrique,"DUPÂQUIER, J.|REBOTIER, M.|GUIOT, P.",Nouvelle collection Maurice Le Lannou,Bordas,[1969?],1969-01-01,1969-12-31,,,"23 cm: 256 p., ill., graph. et cartes en coul.",,Également sur la couv. : classe de 6e,Français,France,Système français,6e année (France),
00000011,Géographie,"GAY, F.-J.|JOURNEAUX, A.",André Journaux,Hatier,[1962?],1962-01-01,1962-12-31,,,"22 cm: 95 p., ill. et cartes (certaines en coul.)",,Comprend des résumés,Français,"Paris, FR",Système français,8e année (France),
00000012,Géographie : 5e année : ma province,,,Éditions des Frères Maristes,1954,1954-01-01,1954-12-31,1954-02-11,2e éd.,"25 cm: 118 p., ill. et graph. en coul.",,"Sur la p. de t. : Cours de géographie des frères Maristes, enseignement primaire et secondaire",Français,"Saint-Vincent-de-Paul, QC",Primaire,5e année,
00000013,Géographie : 6e et 7e années,,,Éditions des Frères Maristes,1962,1962-01-01,1962-12-31,1962-03-15,2e édition,"25 cm: 160 p., ill., graph. et cartes (certaines en coul.)",,"Sur la p. de t. : Cours de géographie des frères Maristes, enseignement primaire et secondaire",Français,"Saint-Vincent-de-Paul, QC",Primaire|Intermédiaire,6e et 7e année,
00000014,Géographie : 6e et 7e années,,,Éditions des Frères Maristes,1963,1963-01-01,1963-12-31,,3e éd.,"25 cm: 160 p., ill., graph. et cartes (certaines en coul.)",,"Sur la p. de t. : Cours de géographie des frères Maristes, enseignement primaire et secondaire",Français,"Saint-Vincent-de-Paul, QC",Primaire|Intermédiaire,6e et 7e année,
00000015,Cahier de géographie : 6e et 7e années,,,Éditions des Frères Maristes,[1962?]-[1963?],1962-01-01,1963-12-31,,,"25 cm: 144 p., graph. et cartes",,,Français,"Saint-Vincent-de-Paul, QC",Primaire|Intermédiaire,6e et 7e année,
00000016,Géographie : l'Europe et l'Asie,"JOSSE, R.|JOURNAUX, A.",André Journaux,Hatier,[1960?],1960-01-01,1960-12-31,,,"22 cm: 308 p., ill., graph. et cartes en coul.",,Comprend des résumés,Français,"Paris, FR",Secondaire,10e année,
00000017,Nouveau cours de géographie pour l'enseignement du second degré : classe de quatrième,"LENTACKER, F.|OZOUF, M.|MOREAU, J.-P.",,Fernand Nathan,1957,1957-01-01,1957-12-31,,,"20 cm: 319 p., ill. et cartes pliés",,Comprend des résumés,Français,"Paris, FR",Système français,4e année (France),
00000018,La Chasse aux phoques,"MERCER, M. C.|BLACKWOOD, David|WONG, Lin",,Pêches et Environnement Canada,[1977?],1977-01-01,1977-12-31,,,"25 cm: 26 p., ill. et carte en coul.",ISBN 0-662-005279,Comprend un glossaire. -- Cat. no.: FS 99-16/1977 F,Français,"Ottawa, ON",,,
00000019,Nouveau cours de géographie pour l'enseignement du second degré : classe de première des lycées et collèges,"MOREAU, J.-P.|PASQUIER, Y.",,Fernand Nathan,1957,1957-01-01,1957-12-31,,,"20 cm: 511 p., ill. et cartes pliées (certaines en coul.)",,,Français,"Paris, FR",Système français,1ère année (France),
00000020,Nouveau cours de géographie pour l'enseignement du second degré : classe de troisième des lycées et collèges,"MOREAU, J.-P.|LENTACKER, F.",,Fernand Nathan,1957,1957-01-01,1957-12-31,,,"20 cm: 319 p., ill. et cartes pliées (certaines en coul.)",,Comprend des résumés,Français,"Paris, FR",Système français,3e année (France),
00000021,Géographie,"OZOUF, M.|PINCHEMEL, Ph.",,Fernand Nathan,[1961?],1961-01-01,1961-12-31,,,"20 cm: 319 p., ill., graph. et cartes pliées (certaines en coul.)",,Comprend un lexique,Français,"Paris, FR",Système français,2e année (France),
00000022,Géographie,"PASDELOUP, B.|GAY, F.",André Journaux,Hatier,[1962?],1962-01-01,1962-12-31,,,"22 cm: 224 p., ill. et cartes en coul.",,Comprend des résumés,Français,"Paris, FR",Système français,9e année (France),
00000023,Nouveau cours de géographie pour l'enseignement du second degré : classe de cinquième,"PINCHEMEL, Ph.|OZOUF, M.",,Fernand Nathan,1956,1956-01-01,1956-12-31,,,"22 cm: 303 p., ill. et carte pliée en coul.",,Comprend des résumés. -- Comprend un vocabulaire à la fin de l'ouvrage,Français,"Paris, FR",Système français,5e année (France),
00000024,Mon milieu et ma région,"RACINE, Jean-Bernard|POULIN, André",Je fais ma géographie ; 1,Éditions des frères Maristes,[1970?],1970-01-01,1970-12-31,,2e éd.,"26 cm: 55 p., ill., graph. et cartes en coul.",,Comprend des résumés. -- Comprend un lexique à la fin de l'ouvrage,Français,"Saint-Vincent-de-Paul, QC",Primaire,4e année,
00000025,Ma région et ma province,"GEOFFROY, Jacques|SAUVAGEAU, Roger|RACINE, Jean-Bernard|POULIN, André",Je fais ma géographie ; 2,Éditions des frères Maristes,[1970?],1970-01-01,1970-12-31,,,"26 cm: 110 p., ill., graph. et cartes en coul.",,Comprend des résumés. -- Comprend un lexique à la fin de l'ouvrage,Français,"Saint-Vincent-de-Paul, QC",Primaire,5e année,
00000026,Le Canada et ses voisins,"SEIVERIGHT, Dorothy|LLOYD, Trevor",,Ginn and company,[1967?],1967-01-01,1967-12-31,,Éd. rev.,"26 cm: vi, 250 p., ill. et cartes (certaines en coul.)",,Comprend un index,Français,"Toronto, ON",,,
00000027,Le Canada et ses voisins,"TAYLOR, Griffith|SEIVERIGHT, Dorothy|LLOYD, Trevor|LEJEUNE, J.-Theodule",,Ginn and company,[19--?],1899-12-31,1999-12-31,,,"26 cm: viii, 248 p., ill. et cartes (certaines en coul.)",,Comprend un index,Français,"Toronto, ON",,,
00000028,Ma province et mon pays,"GEOFFROY, Jacques|RACINE, Jean-Bernard|POULIN, André",Je fais ma géographie ; 3,Éditions des frères Maristes,[1970?],1970-01-01,1970-12-31,,,"26cm: 124 p., ill., graph. et cartes en coul.",,Comprend des résumés. -- Comprend un lexique à la fin de l'ouvrage,Français,"Saint-Vincent-de-Paul, QC",Primaire,6e année,
00000029,Géographie générale : classe de seconde,"ALLIX, Jean-Pierre|DACIER, Gérard",Nouvelle collection Max Derruau,Masson et co.,[1970?],1970-01-01,1970-12-31,,,"20 cm: 327 p., ill., graph. et cartes (certaines en coul.)",,,Français,"Paris, FR",Système français,2e année (France),
00000030,La Vie des hommes,"BELLEROSE, Yvonne|GUERTIN, Marc-Aimé|LEFEBVRE, André",Jeu de la vie,Guérin,1972,1972-01-01,1972-12-31,,,"29 cm: env. 56 p., ill. en coul.",,L'ouvrage est un livret pédagogique,Français,"Montréal, QC",Primaire,2e année,
00000031,La Géographie par l'image,"LÉGARÉ, Jérôme",,Éditions des frères Maristes,1959,1959-01-01,1959-12-31,1959-05-20,1re édition,48 p.,,,Français,"Ottawa, ON",Primaire,3e année,
00000032,La Géographie par l'image,"LÉGARÉ, Jérôme",,Éditions des frères Maristes,1959,1959-01-01,1959-12-31,1959-05-20,1re éd.,39 p.,,,Français,"Ottawa, ON",Primaire,1ère année,
00000033,Géographie générale,"GOUROU, P.|PAPY, L.|HUETZ DE LEMPS, A.|LASSERRE, G.|VIERS, G.",,Hachette,[1961?],1961-01-01,1961-12-31,,,"25 cm: 285 p., ill., graph. et cartes en coul.",,"Comprend un index. -- Sur la couv. : Cours de géographie, 2e",Français,"Paris, FR",Système français,2e année (France),
00000034,Géographie générale,"GOUROU, P.|PAPY, L.|HUETZ DE LEMPS, A.|LASSERRE, G.|VIERS, G.",,Hachette,[1966?],1966-01-01,1966-12-31,,Nouv. éd.,"25 cm: 303 p., ill., graph. et cartes en coul.",,"Comprend un index. -- Sur la couv. : Cours de géographie, 2e",Français,"Paris, FR",Système français,2e (France),
00000035,Initiation aux méthodes statistiques en géographie,"Groupe Chadule|CHAMUSSY, Henry",Géographie,Masson et co.,1974,1974-01-01,1974-12-31,,,"24 cm: 191 p., graph. et tabl.",ISBN 2-225-40216-7,Comprend un annexe et un index à la fin de l'ouvrage. -- Comprend des bibliogr. à la fin des chapitres,Français,"Paris, FR",,,
00000036,Histoire Géographie : programme 1977,"BEAUTIER, F.|VINCENT, Marc",,Bordas,[1977?],1977-01-01,1977-12-31,,,"25 cm: 240 p., ill. et cartes en coul.",ISBN 2-04007166-0,Comprend un dictionnaire et un lexique,Français,"Paris, FR",Système français,6e année (France),
00000037,Un Ranch en Alberta,"DE LEEUW, Gary|SABBE, Jules-Ernest|MOORE, Evelyn",,"Holt, Rinehart and Winston Limited",[1969?],1969-01-01,1969-12-31,,,"23 cm: 87 p., ill., graph. et cartes (certaines en coul.)",,Sous-titre : étude d'un ranch des montagnes rocheuses canadiennes : méthode inductive,Français,"Montréal, QC|Toronto, ON",,,
00000038,L'Invitation au voyage : récits et poèmes choisis,"MAREFUL, André|BERGERON, Colette|HISBERGUE, A.|JOUIN, Michel|MOYNE, Michel|LE BAS, Michèle",Méthode dynamique de lecture et de français,Éducation nouvelle; Librairie Istra,[1969?],1969-01-01,1969-12-31,,,"26 cm: 231 p., ill. en coul.",ISBN 0-7769-4068-6,Comprend un lexique,Français,"Montréal, QC|France",Primaire,5e année,
00000039,A la découverte du monde : récits et poèmes choisis,"MAREFUL, André|BERGERON, Colette|HISBERGUE, A.|DE SAINTE-CROIX, G.|MOYNE, Michel",Méthode dynamique de lecture et de français,Éducation nouvelle; Librairie Istra,[1970?],1970-01-01,1970-12-31,,,"26 cm: 254 p., ill. en coul.",ISBN 0-7769-4068-6,Comprend un lexique,Français,"Montréal, QC|France",Primaire,6e année,
00000040,Ma province mon pays : cahier d'exercices,"POULIN, André|RACINE, Jean-Bernard",Je fais ma géographie ; 3,Éditions des frères Maristes,[1970?],1970-01-01,1970-12-31,,Nouv. éd.,"28 cm: 63 p., ill. et cartes",ISBN 88519-008-4,Cahier d'exercice d'un ouvrage du même nom,Français,"Saint-Vincent-de-Paul, QC",Primaire,6e année,
00000041,Ma région et ma province : cahier d'exercices,"POULIN, André|RACINE, Jean-Bernard",Je fais ma géographie ; 2,Éditions des frères Maristes,[1970?],1970-01-01,1970-12-31,,Nouv. éd.,"28 cm: 64 p., ill. et cartes",,Cahier d'exercice d'un ouvrage du même nom,Français,"Saint-Vincent-de-Paul, QC",Primaire,5e année,
00000042,Mon milieu et ma région : cahier d'exercices,"POULIN, André|RACINE, Jean-Bernard",Je fais ma géographie ; 1,Éditions des frères Maristes,[1970?],1970-01-01,1970-12-31,,2e éd.,"28 cm: 62 p., ill. et cartes",,Cahier d'exercice d'un ouvrage du même nom,Français,"Saint-Vincent-de-Paul, QC",Primaire,4e année,
00000043,Quinze Études choisies de géographie régionale,"SWATRIDGE, Léonard A.|DE MEULEMEESTER, Edmond|TANGUAY, Jean",,McGraw-Hill Ryerson Limited,[1978?],1978-01-01,1978-12-31,,Éd. rev.,"24 cm: ix, 422 p., ill., graph. et cartes (certaines en coul.)",ISBN 0-07-082827-X,Trad. de : Selected Studies in World Geography. -- Comprend une bibliogr. et un index,Français,"Toronto, ON|Montréal, QC",,,
00000044,Atlas historique du Canada français : des origines à 1867,"TRUDEL, Marcel",,Les presses de l'Université Laval,1961,1961-01-01,1961-12-31,,Éd. remaniée,"28 cm: 93 p., cartes (certaines pliées)",,Comprend un index,Français,"Laval, QC",,,
00000045,Ma première géographie en couleurs,"VALETTE, Paul|LECHAUSSÉE, Bernard|MOREAU, S.",,Fernand Nathan,[1957?],1957-01-01,1957-12-31,,,"25 cm: 63 p., ill. et graph. en coul.",,,Français,"Paris, FR",Système français,"1ère ou 10e année, primaire (France)",
00000046,Villes et Villages du monde,"GIRT, Hilary|World Communities|MONTEL, Suzanne|PLAIN, Elizabeth|CLARK, Brenda",,Ginn and company,[1979?],1979-01-01,1979-12-31,,,"26 cm: 279 p., ill., graph. et cartes (certaines en coul.)",ISBN 0-7702-0605-0,,Français,"Toronto, ON",,,
00000047,Croquis : problèmes et méthodes,"ALLIX, Jean-Pierre|ARCHAMBAULT, Michel",Géographie,Masson et Co.,1969,1969-01-01,1969-12-31,,,"24 cm: 113 p., cartes en coul.",,Sur la couv. : abrégés documents méthodes,Français,"Paris, FR",Système français,1er cycle (France),
00000048,Atlas moderne Larousse,"CURRAN, Donald|COQUERY, Michel|CLOZIER, René|REYNAUD-DULAURIER, Georges",,Librairie Larousse,[1969?],1969-01-01,1969-12-31,,,"30 cm: 144, 31 p., cartes en coul.",,Comprend un index à la fin de l'ouvrage : p. 1-31,Français,"Paris, FR",,,
00000049,Le Document géographique,"BARRÈRE, Pierre|CASSOU-MOUNAT, Micheline",Géographie,Masson et Co.,1972,1972-01-01,1972-12-31,,,"24 cm: 221 p., 8 p. de pl., graph. et cartes en coul.",ISBN 2-225-35630-0,,Français,"Paris, FR",,,
00000050,Chine,"BÉLAND, Claudette",,Association des enseignants franco-ontariens; Conseil scolaire d'Ottawa,[197-?],1970-01-01,1979-12-31,,,"28 cm + 1 transparent: env. 45 p., graph. et cartes",,Ouvrage imprimé seulement recto des pages. -- Sur la couv. : Eurasie : projet conjoint AEFO-CSO,Français,,,,
00000051,L'enseignement de la géographie,Commission de l'enseignement de la géographie de l'Union géographique internationale,Unesco : programmes et méthodes d'enseignement,Unesco,1966,1966-01-01,1966-12-31,,,"23 cm + 1 carte plié: 221, ill., graph. et cartes (certaines en coul.)",,Sur la p. de t. : préparé par la Commission de l'enseignement de la géographie de l'Union géographique internationale dans le cadre du Projet majeur relatif à l'appréciation mutuelle des valeurs culturelles de l'Orient et de l'Occident,Français,,,,
00000053,Géographie : classe de 5e : les poles - l'Amérique - l'Asie - l'Océanie,"FROMENT, Roland|BIENFAIT, Jean",Maurice Le Lannou,Bordas,[1962?],1962-01-01,1962-12-31,,,"23 cm: 260 p., ill., graph. et cartes en coul.",,,Français,"Paris, FR",Système français,5e année (France),
00000054,Géographie vivante 5e : les poles - l'Amérique - l'Asie - l'Océanie et travaux dirigés de géographie générale : programme 1969,"GAY, F.-J.",André Journaux,Hatier,[1970?],1970-01-01,1970-12-31,,,"23 cm: 191 p., ill., graph. et cartes en coul.",,Comprend un lexique. -- ISBN 2-218-01436-X,Français,"Paris, FR",Système français,5e année (France),
00000055,Le Québec : exercices : guide du maître,"GRENIER, Fernand|HAMELIN, Louis-Edmond",Géographie contemporaine/Hamelin-Grenier,Éditions du renouveau pédagogique inc.,[1976?],1976-01-01,1976-12-31,,,22 cm: 75 p.,,,Français,"Montréal, QC",Secondaire|Universitaire et Collégial,Secondaire; collégial,
00000056,Initiation à la géographie par les contrats de travail,"GROSMAIRE, Jean-Louis|GUÉRIN, Marc-Aimé",Jean-Louis Grosmaire,Guérin,[1974?],1974-01-01,1974-12-31,,,"20 x 24 cm: 298 p., ill. et cartes (certaines en coul.)",,,Français,"Montréal, QC",Secondaire,Secondaire 1,
00000057,L'Amérique du Nord,"KRUGER, R.|HILDEBRAND, W.|DULUDE, F.|MARLEAU, C.",,Éditions H.R.W. ltée.,[1977?],1977-01-01,1977-12-31,,,"26 cm: iv, 258 p., ill., graph. et cartes (certaines en coul.)",,Sur la p. de t. : version SI. -- Trad. et adap. de : North America Introducing the Continent. -- Comprend des statistiques et un index. -- ISBN 0-03-929339-4,Français,"Montréal, QC",,,
00000058,Le Québec : 5. Le Québec nordique,"HAMELIN, Louis-Edmond",Géographie contemporaine/Hamelin-Grenier,Éditions du renouveau pédagogique inc.,1968,1968-01-01,1968-12-31,,,"27 cm: 32 p., ill. et cartes (certaines en coul.)",,,Français,"Montréal, QC",Secondaire,Secondaire,
00000059,Le Canada,"LAFAY-HAMELIN, Colette|HAMELIN, Louis-Edmond",Géographie contemporaine/Hamelin-Grenier,Éditions du renouveau pédagogique inc.,[1971?],1971-01-01,1971-12-31,,,"28 cm: 128 p., ill., graph. et cartes en coul.",,,Français,"Ottawa, ON",Secondaire|Universitaire et Collégial,Secondaire; collégial,
00000060,Géographie : notions de géographie générale le continent africain,"PERNET, L.|PERPILLOU, A.",,Hachette,[1961?],1961-01-01,1961-12-31,,,"24 cm: 221 p., ill., graph et cartes (certaines en coul.)",,Comprend des statistiques,Français,"Paris, FR",Système français,6e année (France),
00000061,Géographie du monde contemporain,"PRÉVOT, Victor|TROUX, Albert",Cours de géographie V. Prévot,Librairie classique Eugène Belin,[1966?],1966-01-01,1966-12-31,,,"25 cm: 464 p., ill., graph et cartes (certaines en coul.)",,Comprend une filmographie. -- Sur la p. de t. : édition plus spécialement destinée aux sections littéraires. -- No d'éditeur 3425,Français,"Paris, FR",Système français,Classes terminales,
00000062,Rétrospective Canada,"CRUXTON, J.|WILSON, W. Douglas|ARCHAMBAULT, Maryel",,Oxford University Press,1981,1981-01-01,1981-12-31,,,"23 cm: 389 p., ill. et cartes (certaines en coul.)",,Comprend une bibliogr. et un index. -- ISBN 0-19-540367-3,Français,"Toronto, ON",,,
00000063,Histoire du Canada : cours supérieur,"FARLEY, Paul-Émile|LAMARCHE, Gustave",,Librairie des Clercs de Saint-Viateur,1945,1945-01-01,1945-12-31,1934-09-26,4e éd.,"22 cm: 551 p., ill. et cartes",,Comprend des tableaux et des index à la fin de l'ouvrage,Français,"Montréal, QC",Secondaire,Supérieur,
00000064,La Découverte du Canada : Jacques Cartier,"GROULX, Lionel",,Librairie Granger frères ltée.,[1934?],1934-01-01,1934-12-31,,,20 cm: 290 p.,,Comprend une bibliogr. et une table onomastique,Français,"Montréal, QC",,,
00000065,La Nouvelle-France,"HÉROUX, Denis|LAHAISE, Robert|VALLERAND, Noël",,Centre de psychologie et de pédagogie,1967,1967-01-01,1967-12-31,,,"25 cm: 249 p., ill. et cartes (certaines en coul.)",,"Comprend une bibliogr., des tables et un index",Français,"Montréal, QC",,,
00000066,Histoire du Canada (C.S.),,,Frères des écoles chrétiennes,1914,1914-01-01,1914-12-31,,,"23 cm: 634 p., ill. et cartes",,"Sur la p. de t. : soixante-neuf gravures, dont trente-trois portraits hors texte et trente et une cartes historiques. -- Comprend une appendice et des tables à la fin de l'ouvrage",Français,"Montréal, QC",Système français,Cycle supérieur,
00000067,Histoire du Canada : 8e et 9e années : mon pays,"LAVIOLETTE, Guy|CUVELIER, J.J.|BERNIER, J.",,Frères de l'instruction chrétienne,1954,1954-01-01,1954-12-31,1954-05-12,,"21 cm: 453 p., ill. et cartes en coul.",,Comprend une table analytique à la fin de l'ouvrage,Français,"La Prairie, QC",Intermédiaire|Secondaire,8e et 9e année,
00000068,Histoire du Canada : 6e et 7e année : l'épopée canadienne,"LAVIOLETTE, Guy|VINCENT-FUMET, Odette|BERNIER, J.",,Frères de l'instruction chrétienne,1954,1954-01-01,1954-12-31,1953-12-12,,"21 cm: 329 p., ill. et cartes en coul.",,Comprend une table analytique à la fin de l'ouvrage,Français,"La Prairie, QC",Primaire|Intermédiaire,6e et 7e année,
00000069,Histoire du Canada : 4e et 5e années : découvreurs et pionners,"LAVIOLETTE, Guy|VINCENT-FUMET, Odette",,Frères de l'instruction chrétienne,1958,1958-01-01,1958-12-31,1958-02-26,,"21 cm: 280 p., ill. et cartes en coul.",,,Français,"La Prairie, QC",Primaire,4e et 5e année,
00000070,Histoire du Canada : 4e année : à la découverte de notre pays,"LAVIOLETTE, Guy|VINCENT-FUMET, Odette",,Frères de l'instruction chrétienne,1951,1951-01-01,1951-12-31,1951-05-09,,"21 cm: 248 p., ill. et cartes en coul.",,Comprend une table analytique à la fin de l'ouvrage,Français,"La Prairie, QC",Primaire,4e année,
00000071,Histoire du Canada : mon troisième album : 3eme année,"LAVIOLETTE, Guy",,Frères de l'instruction chrétienne,1952,1952-01-01,1952-12-31,1952-12-03,,"22 cm: 95 p., ill. en coul.",,,Français,"La Prairie, QC",Primaire,3e année,
00000072,Histoire du Canada : mon second album : les français s'établissent au pays des indiens; Guide du maître,"LAVIOLETTE, Guy",,Frères de l'instruction chrétienne,1952,1952-01-01,1952-12-31,1952-02-19,,"22 cm: 64 p., ill. en coul.",,,Français,"La Prairie, QC",,,
00000073,"Paul de Chomedey, sieur de Maisonneuve (1612-1676) et les fondateurs de Ville-Marie","LAVIOLETTE, Guy|BOULANGER, Rolland",Gloires nationales ; 5,Apostolat de la presse,1953,1953-01-01,1953-12-31,,,"25 cm: 32 p., ill. en coul.",,Comprend une bibliogr. à la fin de l'ouvrage,Français,"Sherbrooke, QC",,,
00000074,Robert Cavalier de la Salle (1643-1687) : aventurier de génie,"LAVIOLETTE, Guy",Gloires nationales ; 13,Apostolat de la presse,1954,1954-01-01,1954-12-31,,2e éd.,"24 cm: 31 p., ill. en coul.",,,Français,"Montréal, QC|Sherbrooke, QC",,,
00000075,Samuel de Champlain (1567-1635) : fondateur et père de la patrie,"LAVIOLETTE, Guy|FRENIÈRE, Richard",Gloires nationales ; 3,Apostolat de la presse,1954,1954-01-01,1954-12-31,,2e éd.,"25 cm: 32 p., ill. en coul.",,,Français,"Montréal, QC|Sherbrooke, QC",,,
00000076,Mon devoir d'histoire du Canada : 5e année,,,Frères de l'instruction chrétienne,[19--?],1899-12-31,1999-12-31,,,"25 cm: 79 p., cartes",,Sur la couv. : les pionniers,Français,"La Prairie, QC",Primaire,5e année,
00000077,La Vie en Nouvelle France,"NEERING, Rosemary|GARROD, Stan|BIRCH, Daniel R.",Une nation en marche ; 9,Lidec inc.,[1978?],1978-01-01,1978-12-31,,,"28 cm: 64 p., ill. et cartes",,Comprend un vocabulaire à la fin de l'ouvrage. -- ISBN 2-7608-3021-7,Français,"Montréal, QC",,,
00000078,Trois-Rivières : 1535-1935,"TESSIER, Albert",Quatre siècles d'histoire,Le Nouvelliste,1935,1935-01-01,1935-12-31,,2e éd.,"25 cm: 199 p., ill.",,Comprend un appendice,Français,,,,
00000079,Histoire générale : des origines au XIIIe siècle,"BADOUX, E.|DÉGLON, R.",,Librairie Payot,1962,1962-01-01,1962-12-31,,,"24 cm: 295 p., ill. et cartes",,Comprend un lexique,Français,"Lausanne, CH",Système français,Secondaire (France),
00000080,Histoire du Canada pour tous : le régime français : tome 1,"BRUCHÉSI, Jean",Documents historiques,Éditions Albert Lévesque,1936,1936-01-01,1936-12-31,,,21 cm: 295 p.,,Comprend une bibliogr.,Français,"Montréal, QC",,,
00000081,Histoire générale : de 1789 à nos jours,"CHEVALLAZ, Georges-André",,Librairie Payot,1962,1962-01-01,1962-12-31,,2e éd.,"21 cm: 393 p., ill., graph et cartes",,Comprend un appendice,Français,"Lausanne, CH",Système français,Secondaire (France),
00000082,Rome et le Moyen-Age : jusqu'en 1328,"DAURON, M.|DEVISSE, J.|GENET, L.",Histoire Hatier,Hatier,[1964?],1964-01-01,1964-12-31,,,"22 cm: 256 p., ill. et cartes (certaines en coul.)",,Sur la couv. : programme 1963. -- Comprend un lexique,Français,"Paris, FR",Système français,5e année (France),
00000083,A la découverte de notre pays,,Histoire du Canada,Frères des écoles chrétiennes,1953,1953-01-01,1953-12-31,1951-05-09,,"25 cm: 215 p., ill. et cartes (certaines en coul.)",,Sur la couv. : 4e année,Français,"Montréal, QC",Primaire,4e année,
00000084,L'Épopée canadienne,,Histoire du Canada,Frères des écoles chrétiennes,1954,1954-01-01,1954-12-31,1953-12-16,,"25 cm: 264 p., ill. et cartes (certaines en coul.)",,Sur la couv. : 6e année,Français,"Montréal, QC",Primaire,6e année,
00000085,L'Épopée canadienne : guide du professeur,,Histoire du Canada,Lidec inc.,1961,1961-01-01,1961-12-31,1961-02-22,,25 cm: 96 p.,,Sur la couv. : Cahier d'exercices sur le manuel de 6e et 7e année. -- Comprend des tables à la fin de l'ouvrage,Français,"Montréal, QC",Primaire|Intermédiaire,6e et 7e année,
00000086,Histoire contemporaine : de 1789 à nos jours,"GAGNOL, P.","Cours d'histoire, édition abrégée",Librairie Ch. Poussielgue,1901,1901-01-01,1901-12-31,,2e éd.,"18 cm: 612 p., ill.",,Sur la p. de t. : rédigé conformément aux programmes officiels (enseignements classique et moderne). -- Comprend des résumés à la fin des chapitres,Français,"Paris, FR",,,
00000087,"Les Temps modernes : XVIe, XVIIe et XVIIIe siècles : le dix-septième siècle","GASCON, R.-F.",,Gigord,1959,1959-01-01,1959-12-31,,,"21 cm: 2e partie (436 p.), ill. et cartes",,Sur la p. de t. : deuxième partie. -- Comprend des tables à la fin de l'ouvrage,Français,"Paris, FR",Système français,3e année (France),
00000088,Histoire du Canada : tome II,,,Fides,[19--?],1899-12-31,1999-12-31,,,22 cm: t. 2 (211 p.),,"Sous-titre : Régime britannique : 1- Régime métropolitain (1760-1842). -- Sur la p. de t. : Synthèse publiées dans la revue ""Mes fiches""",Français,"Montréal, QC|Paris, FR",,,
00000089,Nos gloires nationales,"LAVIOLETTE, Guy",Gloires nationales,Apostolat de la presse,1953-1958,1953-01-01,1958-12-31,,,"25 cm: 188 p. en pag. multiple, ill. en coul.",,"Rassemblement de plusieurs ouvrages de la collection, Gloires nationales. --    Sommaire : Jacques Cartier (1491-1557) : découvreur du Canada. --  Samuel de Champlain (1567-1635) : fondateur et père de la patrie. -- La Vérendrye (1685-1749) : père de l'Ouest canadien. -- Jean de Brebeuf 1593-1649 : le géant des missions huronnes. -- Robert Cavalier de la Salle (1643-1687) : aventurier de génie. -- Louis-Joseph marquis de Montcalm 1712-1759",Français,"Sherbrooke, QC|Montréal, QC|Paris, FR",,,
00000090,Nos gloires nationales,"LAVIOLETTE, Guy",Gloires nationales,Apostolat de la presse; Gloires nationales,1944-1954,1944-01-01,1954-12-31,,,"25 cm: 158 p. en pag. multiple, ill. en coul.",,"Dépouillement : Paul Chomedey, sieur de Maisonneuve (1612-1676) : et les fondateurs de Ville-Marie. -- Marie-Madeleine de Verchères (1678-1747) : chatelaine de la Pérade - Louis Jolliet (1645-1700). -- Christophe Colomb 1451-1506 : découvreur de l'Amérique. -- Isaac Jogues 1607-1646 : deux fois martyr de Jésus-Christ",Français,"Sherbrooke, QC|Montréal, QC|Ottawa, ON",,,
00000091,Un Canada nouveau : vue d'ensemble de l'historique et de la politique du mouvement C.C.F.,"LEWIS, David|SCOTT, Frank",,Éditions Bernard Valiquette,1944,1944-01-01,1944-12-31,,,"19 cm: 275 p., ill. et graph.",,Comprend des appendices à la fin de l'ouvrage,Français,"Montréal, QC",,,
00000092,Peuples lointains : livre de lecture pour le cours de sciences sociales des classes moyennes du cours primaire,"MCVEETY, Marion|CHARBONNEAU, Louis",,School Aids and Text Book Publishing Co. Ltd.,1943,1943-01-01,1943-12-31,,,"18 cm: 250 p., ill.",,,Français,"Régina, SK|Toronto, ON",Système français,"Classes moyennes, primaire",
00000093,Les Débuts de l'époque contemporaine : de 1789 à 1851 : classe de première,"MÉTHIVIER, H.|TAPIÉ, Victor-L.",Nouveau cours d'histoire,Librairie A. Hatier,1956,1956-01-01,1956-12-31,,3e éd. abrégée,"22 cm: 543 p., ill. et cartes",,Sur la p. de t. : programmes de mai 1948,Français,"Paris, FR",Système français,1ère année (France),
00000094,L'Avenir constitutionnel du Canada,"OLLIVIER, Maurice",Documents politiques,Éditions Albert Lévesque,1935,1935-01-01,1935-12-31,,,19 cm: 181 p.,,,Français,"Montréal, QC",,,
00000095,Précis d'histoire contemporaine : de 1789 à nos jours : à l'usage des élèves de classes supérieures,"RUTCHÉ, J.",,Desclée de Brouwer & cie.,1927,1927-01-01,1927-12-31,,,"19 cm: 328 p., ill.",,Comprend une bibliogr.,Français,"Bruges, BE|Paris, FR",Système français,Classes supérieures (France),
00000096,Le Canada : puissance internationale,"SIEGFRIED, André",,Librairie Armand Colin,1937,1937-01-01,1937-12-31,,2e éd.,"22 cm: 234 p., graph. et cartes",,Sur la p. de t. : avec 11 cartes et graphiques. -- Comprend un index et une table à la fin de l'ouvrage,Français,"Paris, FR",,,
00000097,Explorateurs et Conquérants : l'histoire des explorations et des découvertes dans les deux Amériques,"TAIT, George E.|GASCON, Adélard|MOULD, Vernon",,The Ryerson Press,1957,1957-01-01,1957-12-31,,,"21 cm: 241 p., ill. et cartes (certaines en coul.)",,Comprend un tableau et un index à la fin de l'ouvrage,Français,"Toronto, ON",,,
00000098,La Vie des pionniers du Canada,"CARTES, F.E.C|BERNIER, J.",Histoire du Canada,Frères des écoles chrétiennes,1953,1953-01-01,1953-12-31,1951-12-12,,"24 cm: 229 p., ill. et cartes en coul.",,Sur la couv. : 5e année,Français,"Montréal, QC",Primaire,5e année,
00000099,"La Fin du Moyen Age et l'époque moderne 1328-1715 : 4e, programme 1963","BRULET, E.|CLOET R.|COQUERELLE, Simone|COQUERELLE, Paul",Histoire Hatier,Hatier,1965,1965-01-01,1965-12-31,,,"22 cm: 288 p., ill. et cartes (certaines en coul.)",,Comprend un tableau et un lexique,Français,"Paris, FR",Système français,4e année (France),
00000100,La Révolution française et les débuts de l'époque contemporaine (1789-1848) : classe de seconde,"COQUERELLE, Paul|COQUERELLE, Simone|GENET, L.",Histoire Hatier,Librairie A. Hatier,[1960?],1960-01-01,1960-12-31,,,"21 cm: 447 p., ill., graph, tableaux et cartes (certaines en coul.)",,Sur la p. de t. : programme 1957,Français,"Paris, FR",Système français,2e année (France),
00000101,La Fin de l'Ancien Régime et les débuts du monde contemporain 1715-1870,"COQUERELLE, Simone|COQUERELLE, Paul|GENET, L.",Histoire Hatier,Librairie A. Hatier,[1966?],1966-01-01,1966-12-31,,,"22 cm: 383 p., ill., graph., tableaux et cartes (certaines en coul.)",,"Sur la p. de t. : 3e, programme 1963. -- Comprend un lexique",Français,"Paris, FR",Système français,3e année (France),
00000102,L'époque contemporaine 1848-1914 : classe de première,"GENET, L.",Histoire Hatier,Hatier,[1961?],1961-01-01,1961-12-31,,,"21 cm: 511 p., ill. et cartes (certaines en coul. )",,Sur la p. de t. : programme 1959. -- Comprend un lexique,Français,"Paris, FR",Système français,1ère année (France),
00000103,"L'Égypte, l'Orient, la Grèce : enseignement du second degré et collèges d'enseignement général","HARMAND, L.|GENET, L.",Histoire Hatier,Hatier,[1960?],1960-01-01,1960-12-31,,,"22 cm: 192 p., ill., cartes (certaines en coul.) et une carte plié en coul.",,"Sur la couv. : Histoire, 6e cycle d'observation. -- Sur la p. de t. : programme 1963. -- Comprend un lexique et des tables à la fin de l'ouvrage",Français,"Paris, FR",Système français,6e année (France),
00000104,"Orient, Grèce : (classe de sixième)","JARRY, E.",H. X. Arquillière ; 426,Éditions de l'école,[1957?],1957-01-01,1957-12-31,,,"21 cm: 158 p., ill. et cartes",,Sur la couv. : Histoire ancienne. -- Comprend des appendices. -- Éditeurs no 2084,Français,"Paris, FR",Système français,6e année (France),
00000105,Le Monde contemporain : classes terminales,"GENET, L.|TAPIÉ, V.L.",Histoire Hatier,Hatier,[1962?],1962-01-01,1962-12-31,,,"21 cm: 720, XV p., ill., graph., et cartes",,Comprend une bibliogr. : p. V-VII,Français,"Paris, FR",Système français,Classes terminales (France),
00000106,Histoire 5e : Rome et le Moyen Age jusqu'en 1328 : livre de documentation,"BOSSUAT, A.|DAURON, M.|DEVISSE, J.",Histoire Hatier,Hatier,[1964?],1964-01-01,1964-12-31,,,"21 cm: 175 p., ill. et graph.",,Sur la p. de t. : programme de 1963,Français,"Paris, FR",Système français,5e année (France),
00000107,Notre histoire,"BROWN, George W.|HARMAN, Eleanor|JEANNERET, Marsh|BILODEAU, Charles Bilodeau|BYERS, Virginia|SALISBURY, Margaret|BROWN, Sylvia",,The Copp Clark Company Ltd.,1952,1952-01-01,1952-12-31,,,"21 cm: 434 p., ill. (certaines en coul.)",,Comprend un index,Français,"Toronto, ON",,,
00000108,Habitations et Nations,"CHATTERTON, W. Gordon|CARRIÈRE, Laurier|RICHARDSON, Aileen",,John C. Winston & Company,1957,1957-01-01,1957-12-31,,,"23 cm: v, 236 p., ill. (certaines en coul.)",,Comprend un index,Français,"Toronto, ON",Primaire,3e année,
00000109,Le Canada et d'autres contrées,"CHATTERTON, W. Gordon|CARRIÈRE, Laurier|RICHARDSON, Aileen",,John C. Winston & Company,1957,1957-01-01,1957-12-31,,,"23 cm: iv, 266 p., ill. (certaines en coul.)",,Comprend un index,Français,"Toronto, ON",Primaire,4e année,
00000110,La Confédération,Frère Charles|Frère Léon,Histoire de mon pays ; 4,Ed. Nelson Canada,1962,1962-01-01,1962-12-31,,,"22 cm: 320 p., ill. et cartes",,Comprend un index,Français,"Toronto, ON",Intermédiaire,8e année,
00000111,La Découverte,"Frère Charles|Frère Léon|MERLE SMITH, John|KUNZ, Robert",Histoire de mon pays ; 1,Thomas Nelson & Sons Canada Ltd.,1958,1958-01-01,1958-12-31,,,"22 cm: 160 p., ill. et cartes (certaines en coul.)",,Comprend une table à la fin de l'ouvrage,Français,"Toronto, ON",Primaire,5e année,
00000112,La Découverte,"Frère Charles|Frère Léon|MERLE SMITH, John|KUNZ, Robert",Histoire de mon pays ; 1,Thomas Nelson & Sons Canada Ltd.,1960,1960-01-01,1960-12-31,,Éd. revisé,"22 cm: 160 p., ill. et cartes (certaines en coul.)",,Comprend une table à la fin de l'ouvrage,Français,"Toronto, ON",Primaire,5e année,
00000113,Les Deux Canada,"Frère Charles|Frère Léon|MERLE SMITH, John|MINDAK, H.E.",Histoire de mon pays ; 3,Thomas Nelson & Sons Canada Ltd.,1961,1961-01-01,1961-12-31,,,"22 cm: 224 p., ill et cartes",,Comprend un index. -- ISBN 0-176-32882-3,Français,"Toronto, ON",Intermédiaire,7e année,
00000114,La Nouvelle-France,"Frère Charles|Frère Léon|MERLE SMITH, John|ADAMS, Charles",Histoire de mon pays ; 2,Thomas Nelson & Sons Canada Ltd.,1960,1960-01-01,1960-12-31,,,"22 cm: 192 p., ill et cartes (certaines en coul.)",,Comprend un index,Français,"Toronto, ON",Primaire,6e année,
00000115,Notre héritage européen,"Frère Léon|MINDAK, H.E.",Histoire de mon pays,Ed. Nelson Canada,[1963?],1963-01-01,1963-12-31,,,"23 cm: 368 p., ill. et cartes",,Comprend un index,Français,"Toronto, ON",Secondaire,9e année,
00000116,Le Moyen Age et le commencement des temps modernes (395 à 1453) : classe de cinquième (division A et B),"GAGNOL, P.",Cours d'histoire ; 2,J. de Gigord,1925,1925-01-01,1925-12-31,,11e éd.,"18 cm: 344 p., ill.",,Comprend des résumés à la fin des chapitres,Français,"Paris, FR",Système français,5e année (France),
00000117,La Découverte du monde,"HAMILTON, Marjorie W.|CHARBONNEAU, Louis|SCOTT, Lloyd|VAN DEN HOOGEN, D. A. G.|HUTCHINGS, Priscilla",,"Clarke, Irwin & Company Ltd.",1955,1955-01-01,1955-12-31,,,"21 cm: xiv, 417 p., ill., graph. et cartes",,Comprend un index,Français,Canada,,,
00000118,"Histoire 6e : l'Égypte, l'Orient, la Grèce : livre de documentation","HARMAND, L.",Histoire Hatier,Hatier,[1964?],1964-01-01,1964-12-31,,,"22 cm: 119 p., graph. et cartes",,Sur la couv. : programme 1963,Français,"Paris, FR",Système français,6e année (France),
00000119,Mon village de Val-des-Bois,"HOLMES, M. W.|FRAZER, Geoffrey|CYR, Hervé",,J. M. Dent & Sons Canada Ltd.,1960,1960-01-01,1960-12-31,,,"23 cm: 196 p., ill. en coul.",,"Sur la couv. : sciences sociales, 2e année. -- Comprend un index",Français,"Toronto, ON|Vancouver, CB",Primaire,2e année,
00000120,"Les Origines de Montréal, Ville-Marie 1642-1665","MARCHAL, Léon",,Beauchemin; Bulletin des études françaises,1942,1942-01-01,1942-12-31,,,"24 cm: 214 p., ill.",,Comprend une bibliogr. à la fin de l'ouvrage,Français,"Montréal, QC",,,
00000121,Au Canada et à l'étranger,"MCKEOWN, Elizabeth|CHARBONNEAU, Louis|BANKS, Robert|DEWNEY, Selwyn",,MacMillan and Co. of Canada Ltd.,1957,1957-01-01,1957-12-31,,,"21 cm: x, 237 p., ill.",,Comprend un lexique,Français,Canada,,,Géographie|Histoire
00000122,L'Époque contemporaine (1789 à nos jours) : classe de troisième (division A et B),"UNY, Jules",Cours d'histoire ; 4,J. de Gigord,1920,1920-01-01,1920-12-31,,9e éd.,"18 cm: xii, 340 p., ill.",,Comprend un lexique au début de l'ouvrage. -- Comprend des résumés à la fin des chapitres,Français,"Paris, FR",,,
00000123,Histoire du Canada,"VIATOR, C. S.",,Les Clercs de Saint-Viateur,1915,1915-01-01,1915-12-31,1915-09-22,,"17 cm: 259 p., ill. et cartes",,Sur la couv. : cours intermédiaire. -- Comprend un lexique à la fin de l'ouvrage,Français,"Montréal, QC",Secondaire,Intermédiaire,
00000124,Petit Manuel d'histoire du Québec,"BERGERON, Léandre",,Éditions québécoises,1971,1971-01-01,1971-12-31,,5e éd.,"18 cm: 253 p., ill., graph. et cartes",,Comprend un tableau à la fin de l'ouvrage,Français,Québec,,,
00000125,Le Canada au XXe siècle,"BRAULT, Lucien",,Thomas Nelson & Sons Canada Ltd.,[1965?],1965-01-01,1965-12-31,,,"23 cm: 341 p., ill. et cartes (certaines en coul.)",,Comprend une bibliogr. et un index à la fin de l'ouvrage,Français,"Toronto, ON",,,
00000126,Histoire du Canada par les textes : tome II (1855-1960),,,Fides,[1963?],1963-01-01,1963-12-31,,Éd. revue et augmentée,24 cm: 281 p.,,Comprend des tableaux et un index à la fin de l'ouvrage,Français,"Montréal, QC|Paris, FR",,,
00000127,Canada : unité et diversité,"CORNELL, Paul G.|HAMELIN, Jean|OUELLET, Fernand|TRUDEL, Marcel",,"Holt, Rinehart and Winston Limited",[1968?],1968-01-01,1968-12-31,,,"26 cm: ix, 578 p., ill., graph., tableaux et cartes",,Comprend des notes bibliogr.s et un index à la fin de l'ouvrage,Français,"Montréal, QC|Toronto, ON",,,
00000128,Canada : unité et diversité,"CORNELL, Paul G.|HAMELIN, Jean|OUELLET, Fernand|TRUDEL, Marcel",,"Holt, Rinehart and Winston Limited",[1971?],1971-01-01,1971-12-31,,Éd. revue et augmentée,"26 cm: ix, 622 p., ill., graph., tableaux et cartes",,"Comprend des notes bibliogr., des tableaux et un index à la fin de l'ouvrage. -- ISBN 0-03-925272-8",Français,"Montréal, QC|Toronto, ON",,,
00000129,Le Canada sauvé,"CARTES, F.E.C|BERNIER, J.",Lectures historiques ; 4,Frères des écoles chrétiennes,1961,1961-01-01,1961-12-31,,,"25 cm: 32 p., ill. et cartes en coul.",,,Français,"Montréal, QC",,,
00000130,Champlain et le développement du Canada,"CARTES, F.E.C|BERNIER, J.",Lectures historiques ; 3,Frères des écoles chrétiennes,1961,1961-01-01,1961-12-31,,,"25 cm: 32 p., ill. et une carte en coul.",,,Français,"Montréal, QC",,,
00000131,Cinq Découvreurs,"CARTES, F.E.C|BERNIER, J.",Lectures historiques ; 5,Frères des écoles chrétiennes,1961,1961-01-01,1961-12-31,,,"25 cm: 32 p., ill. et cartes en coul.",,,Français,"Montréal, QC",,,
00000132,Le Monde moins l'Amérique : volume II,"DAGENAIS, Pierre",Pierre Dagenais,Centre de psychologie et de pédagogie,1965,1965-01-01,1965-12-31,1957-05-15,,"23 cm: 203 p., ill. et cartes (certaines en coul.)",,Comprend des tableaux à la fin de l'ouvrage,Français,"Montréal, QC",Secondaire,Secondaire,
00000133,Les Débuts du Canada français,"CARTES, F.E.C|BERNIER, J.",Lectures historiques ; 2,Frères des écoles chrétiennes,1961,1961-01-01,1961-12-31,,,"25 cm: 32 p., ill. et cartes en coul.",,,Français,"Montréal, QC",,,
00000134,Découvreurs et Pionniers,"CARTES, F.E.C|BERNIER, J.",Histoire du Canada,Frères des écoles chrétiennes,1958,1958-01-01,1958-12-31,1958-02-26,,"24 cm: 159 p., ill. et cartes en coul.",,Sur la couv. : manuel de 4e et 5e année,Français,"Montréal, QC",Primaire,4e et 5e année,
00000135,Découvreurs et Pionniers,,Histoire du Canada,Lidec inc.,1961,1961-01-01,1961-12-31,1961-02-22,,"25 cm: 96 p., ill. et cartes en coul.",,Sur la couv. : cahier d'exercice sur le manuel de 4e et 5e année. -- Comprend des tables à la fin de l'ouvrage,Français,"Montréal, QC",Primaire,4e et 5e année,
00000136,Québec : initiation à la géographie urbaine,"DESJARDINS, Micheline",,"Holt, Rinehart and Winston Limited",[1970?],1970-01-01,1970-12-31,,,"23 cm: 88 p., ill., graph. et cartes (certaines en coul.)",,Comprend une bibliogr. à la fin de l'ouvrage. -- ISBN 0-03-925761-4,Français,"Montréal, QC|Toronto, ON",,,
00000137,"La Vie quotidienne en Nouvelle-France : la Canada, de Champlain à Montcalm","DOUVILLE, Raymond|CASANOVA, Jacques-Donat",La Vie quotidienne,Hachette,[1964?],1964-01-01,1964-12-31,,,20 cm: 272 p.,,Comprend une bibliogr. à la fin de l'ouvrage,Français,"Paris, FR",,,
00000138,"En Amérique, avant la découverte du Canada","CARTES, F.E.C|BERNIER, J.",Lectures historiques ; 1,Frères des écoles chrétiennes,1961,1961-01-01,1961-12-31,,,"25 cm: 32 p., ill. et cartes en coul.",,,Français,"Montréal, QC",,,
00000139,L'exploration se poursuit,"CARTES, F.E.C|BERNIER, J.",Lectures historiques ; 7,Frères des écoles chrétiennes,1961,1961-01-01,1961-12-31,,,"25 cm: 32 p., ill. et cartes en coul.",,,Français,"Montréal, QC",,,
00000142,Notre héritage : la patrie,"CARTES, F.E.C|BERNIER, J.",Lectures historiques ; 10,Frères des écoles chrétiennes,1961,1961-01-01,1961-12-31,,,"25 cm: 32 p., ill.",,,Français,"Montréal, QC",,,
00000143,Le Peuple canadien d'aujourd'hui,"CARTES, F.E.C|BERNIER, J.",Lectures historiques ; 9,Frères des écoles chrétiennes,1961,1961-01-01,1961-12-31,,,"25 cm: 32 p., ill.",,,Français,"Montréal, QC",,,
00000144,Le peuplement se poursuit,"CARTES, F.E.C|BERNIER, J.",Lectures historiques ; 8,Frères des écoles chrétiennes,1961,1961-01-01,1961-12-31,,,"25 cm: 32 p., ill. et cartes (certaines en coul.)",,,Français,"Montréal, QC",,,
00000145,"Histoire générale I : l'Orient, la Grèce, Rome : le Moyen Age jusqu'en 1328","SAVARD, P.|DUSSAULT, H.",Collection d'histoire ; 1,Centre éducatif et culturel inc.,[1966?],1966-01-01,1966-12-31,,,"23 cm: 318 p., ill., graph. et cartes (certaines en coul.)",,Comprend des références et une table à la fin de l'ouvrage,Français,"Montréal, QC",,,
00000146,Histoire générale II :  de 1328 à 1815,"SAVARD, P.|DUSSAULT, H.",Collection d'histoire ; 2,Centre éducatif et culturel inc.,[1967?],1967-01-01,1967-12-31,,,"23 cm: 320 p., ill., graph. et cartes (certaines en coul.)",,Comprend des références et une table à la fin de l'ouvrage,Français,"Montréal, QC",,,
00000147,Histoire générale II :  de 1815 à 1968,"SAVARD, P.|DUSSAULT, H.",Collection d'histoire ; 3,Centre éducatif et culturel inc.,[1968?],1968-01-01,1968-12-31,,,"23 cm: 320 p., ill., graph. et cartes (certaines en coul.)",,"Comprend un tableau, des références et une table à la fin de l'ouvrage",Français,"Montréal, QC",,,
00000148,Québec Canada : histoire du Canada : tome II (1763-1958),"TESSIER, Albert",,Éditions du Pélican,1958,1958-01-01,1958-12-31,,,"21 cm: 308 p., ill.",,,Français,Québec,,,
00000149,Les Grandes Étapes de la civilisations française,"THORAVAL, Jean",,Bordas; Centre éducatif et culturel inc.,[1968?],1968-01-01,1968-12-31,,,"24 cm: vii, 760 p., ill. (certaines en coul.)",,"Sur la couv. : son extension au Canada. -- Comprend une extension à la fin de l'ouvrage. -- Comprend une chronologie, un index et une table à la fin de l'ouvrage",Français,"Paris, FR|Montréal, QC",,,
00000150,La Vie au Canada à la fin du régime français,"CARTES, F.E.C|BERNIER, J.",Lectures historiques ; 6,Frères des écoles chrétiennes,1961,1961-01-01,1961-12-31,,,"25 cm: 32 p., ill. et cartes (certaines en coul.)",,,Français,"Montréal, QC",,,
00000151,Québec : ville historique,"VINCENT, Rodolphe",Collection Canada,Centre de psychologie et de pédagogie,1964,1964-01-01,1964-12-31,,,"24 cm: env. 28 p., ill. en coul.",,Comprend des sources à la fin de l'ouvrage,Français,"Montréal, QC",,,
00000152,Exploring Southern Continents,"BRAUND, W. Bruce",,McGraw-Hill Ryerson Limited,[1976?],1976-01-01,1976-12-31,,,"24 cm: 290 p., ill., graph., tableaux et cartes (certaines en coul.)",ISBN 0-07-082307-3,,Anglais,"Toronto, ON",,,
00000153,Home and Homeland,"CHATTERTON, W. Gordon|RICHARDSON, Aileen",,The John C. Winston Co. Limited,[1956?],1956-01-01,1956-12-31,,,"22 cm: v, 237 p., ill. (certaines en coul.)",,Comprend un index à la fin de l'ouvrage,Anglais,"Toronto, ON",,,
00000154,Jacques Cartier : 1491-1557,"CLÉMENT, Béatrice|TOUSIGNANT, Serge",Panache ; 2,Éditions Jeunesse,[19--?],1899-12-31,1999-12-31,,,"20 cm: env. 20 p., ill. en coul.",,,Français,Québec,,,
00000155,Samuel de Champlain,"CLÉMENT, Béatrice|PERREAULT, Gabriel",Panache ; 3,Éditions Jeunesse,[19--?],1899-12-31,1999-12-31,,,"20 cm: env. 20 p., ill. en coul.",,,Français,Québec,,,
00000156,Hélène Boullé : femme de Samuel de Champlain,"CLÉMENT, Béatrice|GAGNON, Cécile",Panache ; 4,Éditions Jeunesse,[19--?],1899-12-31,1999-12-31,,,"20 cm: env. 20 p., ill. en coul.",,,Français,Québec,,,
00000157,Maps,"D'AGAPEYEFF, Alexander|HADFIELD, E. C. R.",Compass Book ; 3,Oxford University Press,1950,1950-01-01,1950-12-31,,Nouv. éd.,"19 cm: x, 199 p., ill., graph. et cartes",,Comprend une liste d'ouvrages et un index,Anglais,"London, UK",,,
00000158,A New World Geography for Canadian Schools,"DENTON, V. L.|LORD, A. R.",,J. M. Dent & Sons Canada Ltd.,[1952?],1952-01-01,1952-12-31,,,"24 cm: x, 660 p., ill. et cartes",,Comprend des appendices et un index à la fin de l'ouvrage,Anglais,"Toronto, ON|Vancouver, C-B",,,
00000159,Geography for Canadians : Canada,"FELLS, Mabel|PIPHER, Eldon|PLEVA, E. G.",,McGraw-Hill Company of Canada Ltd.,[1961?],1961-01-01,1961-12-31,,,"23 cm: x, 294 p., ill. et cartes (certaines en coul.)",,Sur la p. de t. : book I. -- Comprend des statistiques et un index à la fin de l'ouvrage,Anglais,"Toronto, ON",,,
00000160,"Geography for Canadians : United States of America, Mexico, Central America, West Indies, South America","FELLS, Mabel|GRAY, Vincent|PLEVA, E. G.",,McGraw-Hill Company of Canada Ltd.,[1963?],1963-01-01,1963-12-31,,Éd. révisée,"23 cm: ix, 326 p., ill. et cartes (certaines en coul.)",,Sur la p. de t. : Book II. -- Comprend des statistiques et un index à la fin de l'ouvrage,Anglais,"Toronto, ON",,,
00000161,L'Héritage du vieux monde : manuel d'histoire générale à l'usage des écoles secondaires publiques,"FILTEAU, Gérard",Notre civilisation,Centre de psychologie et de pédagogie,1941,1941-01-01,1941-12-31,1956-05-16,,"21 cm: 441 p., ill. et cartes",,Sur la couv. : 8e et 9e année. -- Comprend des tables à la fin de l'ouvrage,Français,"Montréal, QC",Intermédiaire|Secondaire,8e et 9e année,
00000162,"Le Monde moderne, les Amériques et le Canada : histoire générale : tome II","FILTEAU, Gérard",Notre civilisation,Centre de psychologie et de Pédagogie,1965,1965-01-01,1965-12-31,,,"21 cm: 523 p., ill. et cartes",,Comprend des tables à la fin de l'ouvrage,Français,"Montréal, QC",Intermédiaire|Secondaire,8e et 9e année,
00000163,La Civilisation catholique et française au Canada : histoire générale : tome III,"FILTEAU, Gérard",Notre civilisation,Centre de psychologie et de pédagogie,1965,1965-01-01,1965-12-31,,,"21 cm: 503 p., ill. et cartes",,Comprend des tables à la fin de l'ouvrage,Français,"Montréal, QC",,,
00000164,L'Amérique du Nord britannique : 1760-1815 : la colonisation britannique et la formation du Canada continental,"LAHAISE, Robert|VALLERAND, Noël",Histoire du Canada,Centre de psychologie et de pédagogie,1969,1969-01-01,1969-12-31,,,"25 cm: 130 p., ill. et cartes (certaines en coul.)",,"Sur la couv. : 2a. -- Comprend une bibliogr., des listes, un tableau et un index à la fin de l'ouvrage",Français,"Montréal, QC",Secondaire|Universitaire et Collégial,Secondaire; collégial,
00000165,Far Away People : Grades III & IV Social Studies,"MCVEETY, Marion",Social Studies Series,School Aids and Text Book Publishing Co. Ltd.,[1942?],1942-01-01,1942-12-31,,,"18 cm: 224 p., ill. et cartes",,"Sur la p. de t. : ""B"" Course in Saskatchewan",Anglais,"Régina, SK|Toronto, ON",Système français,3e et 4e année de la classe B,
00000166,Class Room Plays from Canadian History,"STEPHEN, A. M.",,J. M. Dent & Sons Limited,1929,1929-01-01,1929-12-31,,,"18 cm: vii, 164 p., ill.",,,Anglais,"Toronto, ON",Intermédiaire,Intermédiaire,
00000167,People of Other Times,"TOOMBS, M. P.",Social Studies Series,School Aids and Text Book Publishing Co. Ltd.,[19--?],1899-12-31,1999-12-31,,,"18 cm: 183 p., ill.",,Comprend un index à la fin de l'ouvrage,Anglais,"Régina, SK|Toronto, ON",Système français,3e et 4e année de la classe A,
00000168,Initiation à la Nouvelle-France : histoire et institutions,"TRUDEL, Marcel",,"Holt, Rinehart and Winston Limited",[1968?],1968-01-01,1968-12-31,,,"25 cm: xviii, 323 p., ill. et cartes",,Comprend des tables et une bibliogr. au début de l'ouvrage. -- Comprend un index à la fin de l'ouvrage,Français,"Montréal, QC|Toronto, ON",,,
00000169,Regional Geography of the World,"WHEELER, Jesse H.|TRENTON KOSTBADE, J.|THOMAS, Richard S.",,"Holt, Rinehart and Winston Limited",[1969?],1969-01-01,1969-12-31,,3e éd.,"26 cm: xi, 799 p., ill., tableaux et cartes (certaines en coul.)",,Comprend un index à la fin de l'ouvrage,Anglais,"Montréal, QC|Toronto, ON",Universitaire et Collégial,Collégial; universitaire,
00000170,Histoire des Indiens d'Amérique du Nord,"WISSLER, Clark|DAYNE, Claude",Jeune Science,Robert Laffont,1969,1969-01-01,1969-12-31,,,"21 cm: 363 p., ill.",,Trad. de : Indians of the United States,Français,"Paris, FR",,,
00000171,We Live in Ontario,"BRAITHWAITE, Max|LAMBERT, R. S.|KUNZ, Robert|KAY, Betty P.",,The Book Society of Canada Ltd.,[1957?],1957-01-01,1957-12-31,,,"24 cm: 256 p., ill. (certaines en coul.)",,Comprend un dictionnaire de termes et un index à la fin de l'ouvrage,Anglais,"Agincourt, ON",,,
00000172,"Geography for Canadians : British Isles, Africa, Australia, New Zealand, Antarctica","BRAUND, W. Bruce|WOODS, John K.|PLEVA, E. G.",,McGraw-Hill Company of Canada Ltd.,[1960?],1960-01-01,1960-12-31,,,"22 cm: x, 323 p., ill., graph. et cartes",,Sur la p. de t. : Book III. -- Comprend un index à la fin de l'ouvrage,Anglais,"Toronto, ON",,,
00000173,Geography for canadians : Europe and Asia,"BRAUND, W. Bruce|WOODS, John K.|SLADE, W. Glenn|PLEVA, E. G.",,McGraw-Hill Company of Canada Ltd.,[1962?],1962-01-01,1962-12-31,,,"22 cm: x, 422 p., ill., graph. et cartes (certaines en coul.)",,Sur la p. de t. : Book IV. -- Comprend un index à la fin de l'ouvrage,Anglais,"Toronto, ON",,,
00000174,Canada in North America to 1800,"BROWN, George W.|HARMAN, Eleanor|JEANNERET, Marsh|MERLE SMITH, John|BAGSHAW, Ruth|KUNZ, Robert",,The Copp Clark Publishing Co. Ltd.,[1960?],1960-01-01,1960-12-31,,,"21 cm: xiv, 368 p., ill. et cartes (certaines en coul.)",,Comprend un index à la fin de l'ouvrage,Anglais,"Vancouver, C-B|Toronto, ON",,,
00000175,Canada in North America 1800-1901,"BROWN, George W.|HARMAN, Eleanor|JEANNERET, Marsh|MERLE SMITH, John|BAGSHAW, Ruth|KUNZ, Robert",,The Copp Clark Publishing Co. Ltd.,[1961?],1961-01-01,1961-12-31,,,"21 cm: x, 371 p., ill. et cartes en coul.)",,Comprend un index à la fin de l'ouvrage,Anglais,"Vancouver, C-B|Toronto, ON",,,
00000176,The Modern Age : 1500-1763,"CRUICKSHANK, J. E.",,Longmans Canada Ltd.,[1963?],1963-01-01,1963-12-31,,,"20 cm: 568 p., ill. et cartes",,"Comprend un glossaire, un bibliogr. et un index à la fin de l'ouvrage",Anglais,"Toronto, ON",,,
00000177,The Great Adventure,"DICKIE, Donalda|SCOTT, Lloyd",,J. M. Dent & Sons Canada Ltd.,[1950?],1950-01-01,1950-12-31,,,"21 cm: xviii, 470 p., ill. et cartes",,Sur la p. de t. : An Illustrated History of Canada for Young Canandians. -- Comprend un index à la fin de l'ouvrage,Anglais,"Toronto, ON",,,
00000178,Ontario High School History of Canada,"GRANT, W. L.",,The Ryerson Press,[1922?],1922-01-01,1922-12-31,,Éd. revisée et élargie,"20 cm: xii, 465 p., ill. et cartes",,Comprend un index à la fin de l'ouvrage,Anglais,"Toronto, ON",Secondaire,High School,
00000179,"Explorers, Soldiers and Statesmen : a History of Canada Through Biography","KARR, W. J.|SAMPSON, Joan",,J. M. Dent & Sons Limited,1929,1929-01-01,1929-12-31,,,"19 cm: xii, 345 p., ill. et cartes",,Comprend un index à la fin de l'ouvrage,Anglais,"Toronto, ON",,,
00000180,The Romance of Ontario,"MIDDLETON, J. E.",The Romance of Canada,W. J. Gage & Co. Ltd.,1938,1938-01-01,1938-12-31,,,"19 cm: x, 267 p., ill. et cartes",,Comprend un index à la fin de l'ouvrage,Anglais,"Toronto, ON",,,
00000181,The Romance of Maritimes Provinces,"SEARY, V. P.",The romance of Canada,W. J. Gage & Co. Ltd.,1931,1931-01-01,1931-12-31,,,"19 cm: xii, 243 p., ill. et cartes",,Comprend un index à la fin de l'ouvrage,Anglais,"Toronto, ON",,,
00000182,By Star and Compass : Tales of the Explorers of Canada,"WALL, W. S.",,Oxford University Press,1923,1923-01-01,1923-12-31,,,"18 cm: vi, 190 p., cartes",,,Anglais,"Toronto, ON",,,
00000183,Brief Review in Modern History : with Drill Exercises,"ESTRIN, Jack C.",,Colonial Book Company,1941,1941-01-01,1941-12-31,,Éd. revisée,"18 cm: ii, 126 p. en pag. multiple",,Comprend un index à la fin de l'ouvrage,Anglais,"New York, NY",,,
00000185,North America and the Modern World,"MCINNIS, Edgar",,J. M. Dent & Sons Canada Ltd.,[1945?],1945-01-01,1945-12-31,,,"22 cm: xii, 438 p., ill. et cartes",,Comprend un index à la fin de l'ouvrage,Anglais,"Toronto, ON",,,
00000186,North America and the Modern World,"MCINNIS, Edgar",,J. M. Dent & Sons Canada Ltd.,[1945?],1945-01-01,1945-12-31,,,"22 cm: x, 478 p., ill. et cartes",,Comprend un index à la fin de l'ouvrage,Anglais,"Toronto, ON",,,
00000187,"History of Europe our Own Times : the Eighteenth and Nineteenth Centuries, the Opening of the Twentieth Century, the World War, and Recent Events","ROBINSON, James Harvey|BEARD, Charles A.",,Ginn and Company,[1927?],1927-01-01,1927-12-31,,Éd. révisée,"20 cm: xii, 654, xxiv p., ill. et cartes (certaines en coul.)",,Comprend une bibliogr. et un index à la fin de l'ouvrage,Anglais,"Boston, MA",,,
00000188,Citizenship and Character Education : a Manual for Grade V and VI (including Valuable Lesson Material for grades VII and VIII),"SCARROW, C. A.|GRIFFIN, G. N.",,School Aids and Text Book publishing Co. Ltd.,1939,1939-01-01,1939-12-31,,,"22 cm: 163 p., cartes",,,Anglais,"Régina, SK",Primaire,4e et 5e année,
00000189,Discovering Our World : Science for the Middle Grades,"BEAUCHAMP, Wilbur L.|MELROSE WILLIAMS, Mary|BLOUGH, Glenn O.",Basic Studies in Science ; 2,W. J. Gage & Co. Ltd.,[19--?],1899-12-31,1999-12-31,,,"25 cm: 256 p., ill. en coul.",,Comprend un lexique et un index à la fin de l'ouvrage,Anglais,"Toronto, ON",Intermédiaire,Middle Grade,
00000190,Canada Under British Rule 1760-1900,"BOURINOT, John G.",,The Copp Clark Company Ltd.,1901,1901-01-01,1901-12-31,,,"19 cm: xi, 346 p., cartes",,Comprend des appendices et un index à la fin de l'ouvrage,Anglais,"Toronto, ON",,,
00000191,"Canada, A New Land","DEYELL, Edith|ALEXANDER, Irene|ALEXANDER, R. S.|HUTCHINGS, Priscilla",History of Canada ; 1,W. J. Gage & Co. Ltd.,[19--?],1899-12-31,1999-12-31,,,"25 cm: x, 349 p., ill. et cartes",,Ouvrage porte sur les années avant 1800. -- Comprend un index à la fin de l'ouvrage,Anglais,"Toronto, ON",Primaire,Primaire,
00000192,"Canada, the New Nation","DEYELL, Edith|ALEXANDER, Irene|ALEXANDER, R. S.|HUTCHINGS, Priscilla",History of Canada ; 2,W. J. Gage & Co. Ltd.,[19--?],1899-12-31,1999-12-31,,,"25 cm: xi, 496 p., ill. et cartes",,Ouvrage porte sur les années 1800-1900. -- Comprend un index à la fin de l'ouvrage,Anglais,"Toronto, ON",Primaire,Primaire,
00000193,Dent's Canadian School Atlas,,,J. M. Dent & Sons Canada Ltd.,[19--?],1899-12-31,1999-12-31,,,28 cm: 72 p.,,"Sur la p. de t. : 48 pages of coloured maps, 40 pages of black-and-white maps and tables and index. -- Comprend un index à la fin de l'ouvrage",Anglais,"Toronto, ON",,,
00000194,Land of Promise,"FIELD, John L.|DENNIS, Lloyd|MAITLAND, Allistair",The Canadian Heritage Series ; 1,The House of Grant Canada Ltd.,[1960?],1960-01-01,1960-12-31,,,"22 cm: viii, 375 p., ill. et cartes",,Comprend un index à la fin de l'ouvrage,Anglais,"Toronto, ON",,,
00000195,From Sea to Sea,"FIELD, John L.|DENNIS, Lloyd|MAITLAND, Allistair",The Canadian Heritage Series ; 2,The House of Grant Canada Ltd.,[1962?],1962-01-01,1962-12-31,,,"22 cm: viii, 368 p., ill. et cartes (certaines en coul.)",,Comprend un index à la fin de l'ouvrage,Anglais,"Toronto, ON",,,
00000196,Unit Outlines in World History,"HOLT, Solomon|KALVIN, Louis",,College Entrance Book Company,[1959?],1959-01-01,1959-12-31,,,"18 cm: 228, xxii p. en pag. multiple, ill., graph. et cartes",,Comprend un index à la fin de l'ouvrage,Anglais,"New York, NY",,,
00000197,Junior History of England,,,The Ryerson Press,1930,1930-01-01,1930-12-31,,,"20 cm: vii, 222 p., ill. et cartes",,Sur la p. de t. : authorized by the Minister of Education,Anglais,"Toronto, ON",,,
00000198,Ancient and Medieval History,"KIVLEN, Maude D.",Oxford Review Series,Oxford Book Company,[1927?],1927-01-01,1927-12-31,,Éd. révisée,"19 cm: iv, 173 p.",,Comprend un appendice à la fin de l'ouvrage,Anglais,"New York, NY",,,
00000199,Teachers' Manual to Accompany World History : and Key for Workbook and Tests for World History,,,Ginn and Company,[1957?],1957-01-01,1957-12-31,,Éd. révisée,"23 cm: 267 p. en pag. multiple, cartes",,,Anglais,"Toronto, ON",,,
00000200,The Canadian Oxford School Atlas,"PLEVA, E. G.|INCH, Spencer",,The Oxford University Press,1957,1957-01-01,1957-12-31,,,"26 cm: iv, 137 p., cartes en coul.",,Comprend des gazettes à la fin de l'ouvrage. -- Comprend un tableau à la fin de l'ouvrage,Anglais,"Toronto, ON",,,
00000201,The Canadian Oxford School Atlas,"PLEVA, E. G.|INCH, Spencer",,The Oxford University Press,1963,1963-01-01,1963-12-31,,2e éd.,"26 cm: viii, 155 p., cartes en coul.",,Comprend un tableau au début de l'ouvrage. -- Comprend des gazettes à la fin de l'ouvrage,Anglais,"Toronto, ON",,,
00000202,Geography : a Study of its Physical Elements,"STANFORD, Quentin H.|MORAN, Warren",,The Oxford University Press,1978,1978-01-01,1978-12-31,,,308 p.,,Comprend une bibliogr. et un index à la fin de l'ouvrage. -- ISBN 0-19-540282-0,Anglais,"Toronto, ON",,,
00000203,The Story of the British People,,,Thomas Nelson & Sons Ltd.; The Copp Clark Company Ltd.,[19--?],1899-12-31,1999-12-31,,,"20 cm: 384 p., ill. en coul.",,Sur la couv. : a reader for pupils in form III. of the public schools,Anglais,"London, UK|Toronto, ON",Secondaire,Pupils in form III,
00000204,The Enduring Past : Earliest Times to the Sixteenth Century,"TRUEMAN, John|MOULD, Vernon",,The Ryerson Press,[1964?],1964-01-01,1964-12-31,,Éd. révisée,"23 cm: 501 p., ill., tableaux et cartes",,Comprend un index à la fin de l'ouvrage,Anglais,"Toronto, ON",,,
00000205,A History of the Canadian People,"STEWART WALLACE, W. M.",,The Copp Clark Company Ltd.,[1930?],1930-01-01,1930-12-31,,,"20 cm: xiii, 404 p., ill. et cartes",,Sur la p. de t. : authorized by the Minister of Education. -- Comprend un index à la fin de l'ouvrage,Anglais,"Toronto, ON",,,
00000206,Canada and the Commonwealth,"BROWN, George W.|MACLEOD, C. R.",Spotligh on Canada Series ; 1,J. M. Dent & Sons Canada Ltd.,[1953?],1953-01-01,1953-12-31,,,"22 cm: x, 454 p., ill. et cartes",,Sur la p. de t. : approved for use in the schools of Ontario. -- Comprend des bibliogr. à la fin des chapitres. -- Comprend un index à la fin de l'ouvrage,Anglais,"Toronto, ON",,,
00000207,Canada and the Commonwealth,"BROWN, George W.|MACLEOD, C. R.",Spotligh on Canada Series ; 1,J. M. Dent & Sons Canada Ltd.,[1953?],1953-01-01,1953-12-31,,,"22 cm: x, 462 p., ill. et cartes",,Sur la p. de t. : approved for use in the schools of Ontario. -- Comprend des bibliogr. à la fin des chapitres. -- Comprend un appendice et un index à la fin de l'ouvrage,Anglais,"Toronto, ON",,,
00000208,Modern History,"DORF, Philip",Oxford Visualized History Series,Oxford Book Company,1960,1960-01-01,1960-12-31,,Éd. révisé,"19 cm: vii, 377, xvi p., ill., tableaux et cartes",,Comprend un index à la fin de l'ouvrage,Anglais,"New York, NY",,,
00000209,World History,"DORF, Philip",Oxford Visualized History Series,Oxford Book Company,1959,1959-01-01,1959-12-31,,Nouv. éd.,"19 cm: vi, 363, xiv p., ill., tableaux et cartes",,Comprend un index à la fin de l'ouvrage,Anglais,"New York, NY",,,
00000210,Early Life in Upper Canada,"GUILLET, Edwin C.",,The Ontario Publishing Co. Ltd.,1933,1933-01-01,1933-12-31,,,"23 cm: xliii, 782 p., ill. (certaines en coul.)",,Comprend une bibliogr. et un index à la fin de l'ouvrage,Anglais,"Toronto, ON",,,
00000211,Mexico : in Story and Pictures,"HENRY, Marguerite|WIESE, Kurt",Pictured Geography,Albert Whitman and Company,1943,1943-01-01,1943-12-31,,Éd. révisé,"15 x 21 cm: env. 28 p., ill. (certaines en coul.)",,,Anglais,"Chicago, IL",,,
00000212,Historic Ontario,"Department of Public Records and Archives|KETTLEWELL, William",,Department of Tourism & Information of Ontario,[19--?],1899-12-31,1999-12-31,,,"21 cm: 84 p., ill. ",,,Anglais,"Toronto, ON",,,
00000213,Decisive Decades,"HODGETTS, A. B.",,Thomas Nelson & Sons Canada Ltd.,[1960?],1960-01-01,1960-12-31,,,"23 cm: 552 p., ill. et cartes (certaines en coul.)",,Comprend un index à la fin de l'ouvrage,Anglais,"London, UK",,,
00000214,Britain's Story : the Kingsway Histories from the Age of Elizabeth to Modern Times,"WYNN WILLIAMS, E.|GILL, J. L.|BAIRD, R. F. S.",The Kingsway Histories,J. M. Dent & Sons Canada Ltd.,[1938?],1938-01-01,1938-12-31,,Éd. nouv. et révisée,"21 cm: ix, 393 p., ill., graph. et cartes (certaines en coul.)",,Sur la p. de t. : approved for use in the province of Ontario. -- Comprend un index à la fin de l'ouvrage,Anglais,"Toronto, ON",,,
00000215,History of our American Neighbors,"CORDIER, R. W.|MARTIN, T. H. W.|ROBERT, E. B.",,W. J. Gage & Co. Ltd.,[19--?],1899-12-31,1999-12-31,,,"26 cm: vi, 278 p., ill. et cartes (certaines en coul.)",,Comprend un index à la fin de l'ouvrage,Anglais,"Toronto, ON",,,
00000216,"Beyond our Borders : a Geography of the United States of America, Middle America, and South America","HILDEBRAND, W.|QUICK, E. J.",,"Holt, Rinehart & Winston of Canada Ltd.",[1962?],1962-01-01,1962-12-31,,,"24 cm: iv, 344 p., ill., graph. et cartes (certaines en coul.)",,Comprend un glossaire et un index à la fin de l'ouvrage,Anglais,"Toronto, ON",,,
00000217,Geographie,,Ontario Teacher's Manuals,The Ryerson Press,[1926?],1926-01-01,1926-12-31,,,"19 cm: vi, 228 p.",,Sur la couv. : authorized by The Minister of Education. -- Comprend un index à la fin de l'ouvrage,Anglais,"Toronto, ON",Primaire,Primaire,
00000218,Making Canadian History : a Source - Guide Book in Canadian History : Book 1,"SUTHERLAND, Neil|DEYELL, Edith",,W. J. Gage & Co. Ltd.,[1966?],1966-01-01,1966-12-31,,,"23 cm: vii, 136 p., ill., tableaux et cartes",,,Anglais,"Toronto, ON",,,
00000219,Making Canadian history : a source - guide book in canadian history : book 2,"SUTHERLAND, Neil|DEYELL, Edith",,W. J. Gage & Co. Ltd.,[1967?],1967-01-01,1967-12-31,,,"23 cm: vi, 234 p., ill., tableaux et cartes",,,Anglais,"Toronto, ON",,,
00000220,Canada and her Neighbours,"TAYLOR, Griffith|SEIVERIGHT, Dorothy|LLOYD, Trevor",Canadian Geographies,Ginn and Company,[1950?],1950-01-01,1950-12-31,,,"26 cm: viii, 247 p., ill. et cartes (certaines en coul.)",,Comprend un index à la fin de l'ouvrage,Anglais,"Toronto, ON",,,
00000221,Southern Lands,"TAYLOR, Griffith|SEIVERIGHT, Dorothy|LLOYD, Trevor",Canadian Geographies,Ginn and Company,[19--?],1899-12-31,1999-12-31,,,"26 cm: vi, 282 p., ill. et cartes (certaines en coul.)",,Comprend un index à la fin de l'ouvrage,Anglais,"Toronto, ON",,,
00000222,This Land : a Geography of Canada,"WAHL, Edward|JACOB, Georg|JAKOI, John",,Oxford University Press,1961,1961-01-01,1961-12-31,,,"23 cm: xiii, 548 p., ill. et cartes (certaines en coul.)",,Comprend des appendices et un index à la fin de l'ouvrage,Anglais,"Toronto, ON",,,
00000223,Play Story Geography,"AMOSS, Harry",,W. J. Gage & Co. Ltd.,1935,1935-01-01,1935-12-31,,,"19 cm: viii, 163 p., ill.",,,Anglais,"Toronto, ON",,,
00000224,Steps in Map Reading,"ANDERZHON, Louise",,W. J. Gage & Co. Ltd.,[19--?],1899-12-31,1999-12-31,,,"26 cm: iv, 132 p., ill. et cartes",,,Anglais,"Toronto, ON",,,
00000225,The New Canadian School Geography,"CORNISH, George A.",,J. M. Dent & Sons Canada Ltd.,1937,1937-01-01,1937-12-31,,,"19 cm: xii, 562 p., ill. et cartes",,Comprend des appendices et un index à la fin de l'ouvrage,Anglais,"Toronto, ON",,,
00000226,New World Horizons : a Social Geography of North and South America for Juniors,"GOUGH, John",,J. M. Dent & Sons Canada Ltd.,,,,,,"21 cm: x, 303 p., ill. et cartes",,Comprend un index à la fin de l'ouvrage,Anglais,"Toronto, ON",,,
00000227,"South Africa and the Boer-British War : a History of South Africa and its People, including the War of 1899 and 1900","CASTELL HOPKINS, J.|HALSTEAD, Murat",,John C. Winston & Company,[19--?],1899-12-31,1999-12-31,,,"23 cm: xiii, 448 p., ill.",,"Sur la p. de t. : in two volumes, Volume 1. In Two Parts. -- Comprend un glossaire au début de l'ouvrage",Anglais,"Toronto, ON",,,
00000228,The Little World on Maple Street,"LONDERVILLE, John D.|LONDERVILLE, Margaret D.|LOVEJOY, Margot",,J. M. Dent & Sons Canada Ltd.,[1956?],1956-01-01,1956-12-31,,,"23 cm: viii, 232 p., ill. (certaines en coul.)",,Comprend un index à la fin de l'ouvrage,Anglais,"Toronto, ON",,,
00000229,Canada in the Western World,"MCDOUGALL, W. D.|FINN, T. G.",,W. J. Gage & Co. Ltd.,[19--?],1899-12-31,1999-12-31,,,"26 cm: vi, 474 p., ill., graph., tableaux et cartes",,Comprend un index à la fin de l'ouvrage,Anglais,"Toronto, ON",,,
00000230,Nelson's Canadian School Atlas,"WREFORD WATSON, J.|KLAWE, J. J.|MCLEOD, W. T.|SISSONS, J. B.|MACGREGOR, D. R.|QUICK, E. J.|DENNIS, Lloyd|DAVIDSON, R.",,Thomas Nelson & Sons Canada Ltd.,[1958?],1958-01-01,1958-12-31,,,"29 cm: 92 p., ill. et cartes (certaines en coul.)",,Comprend un index à la fin de l'ouvrage,Anglais,"Toronto, ON",,,
00000231,Lands of Europe and Asia,"TAYLOR, Griffith|SEIVERIGHT, Dorothy|LLOYD, Trevor",,Ginn and Company,[19--?],1899-12-31,1999-12-31,,,"26 cm: vi, 346 p., ill., graph. et cartes (certaines en coul.)",,Comprend un index à la fin de l'ouvrage,Anglais,"Toronto, ON",,,
00000232,The Story of the Colonial Times,"BARKER, Eugene C.|ROCKWOOD GRIMM, Mabel|HUGUES, Matilda|STODDARD, Mary Alice",,"Row, Peterson and Company; W. J. Gage & Co. Ltd.",[1937?],1937-01-01,1937-12-31,,,"21 cm: vii, 424 p., ill. et cartes en coul.",,Comprend un index à la fin de l'ouvrage,Anglais,"Evanston, IL|Toronto, ON",,,
00000233,Canada and the Americas,"BROWN, George W.|MACLEOD, C. R.",Spotlight on Canada Series ; 2,J. M. Dent & Sons Canada Ltd.,[1953?],1953-01-01,1953-12-31,,,"21 cm: x, 486 p., ill. et cartes",,Sur la p. de t. : approved for use in the schools of Ontario. -- Comprend des appendices et un index à la fin de l'ouvrage,Anglais,"Toronto, ON",,,
00000234,Canada and the World,"BROWN, George W.|MACLEOD, C. R.",Spotlight on Canada Series ; 3,J. M. Dent & Sons Canada Ltd.,[1954?],1954-01-01,1954-12-31,,,"21 cm: x, 469 p., ill. et cartes",,Sur la p. de t. : approved for use in the schools of Ontario. -- Comprend un index à la fin de l'ouvrage,Anglais,"Toronto, ON",,,
00000235,Canada and Other Lands,"CHATTERTON, W. Gordon|RICHARDSON, Aileen",,The John C. Winston Co. Limited,[1955?],1955-01-01,1955-12-31,,,"22 cm: iv, 266 p., ill. en coul.",,Sur la p. de t. : junior division one. -- Comprend un index à la fin de l'ouvrage,Anglais,"Toronto, ON",,,
00000236,Geography of Commerce for Canadians,"CORNISH, George A.",Pitman's Canadian Commercial Series,Sir Isaac Pitman & Sons Canada Ltd.,1934,1934-01-01,1934-12-31,,,"19 cm: xv, 480 p., ill., graph. et cartes pliées",,Comprend un index à la fin de l'ouvrage,Anglais,"Toronto, ON",,,
00000237,Great Men of Canada,"HENDERSON, John|FERGUSON, G. Howard",,Southam Press Ltd.,1928,1928-01-01,1928-12-31,,,"23 cm: xv, 239 p., ill.",,Sur la p. de t. : life stories of a few of Canada's great men told in narrative form,Anglais,"Toronto, ON",,,
00000238,The Unknown Country : Canada and her People,"HUTCHISON, Bruce",,"Longmans, Green & Company",[1943?],1943-01-01,1943-12-31,,,"22 cm: x, 386 p., ill.",,Comprend un index à la fin de l'ouvrage,Anglais,"Toronto, ON",,,
00000239,"The Picture Gallery of Canadian History, Vol. 1 : Discovery to 1763","JEFFERYS, C. W.|MCLEAN, T. W.",,The Ryerson Press,[1942?],1942-01-01,1942-12-31,,,"22 cm: xiv, 268 p., ill. et cartes",,Comprend des notes et un appendice à la fin de l'ouvrage,Anglais,"Toronto, ON",,,
00000240,"The Picture Gallery of Canadian History, Vol. 2 : 1763 to 1830","JEFFERYS, C. W.|MCLEAN, T. W.",,The Ryerson Press,[1945?],1945-01-01,1945-12-31,,,"22 cm: xvi, 271 p., ill. et cartes",,Comprend des notes et un appendice à la fin de l'ouvrage,Anglais,"Toronto, ON",,,
00000241,"The Picture Gallery of Canadian History, Vol. 3 : 1830 to 1890","JEFFERYS, C. W.|MCLEAN, T. W.",,The Ryerson Press,[1950?],1950-01-01,1950-12-31,,,"22 cm: xxvi, 252 p., ill.",,Comprend des notes et un index à la fin de l'ouvrage,Anglais,"Toronto, ON",,,
00000242,The World Was-Wide : the Story of Great Discovers and Explorers,"TAIT, George E.|MOULD, Vernon",,The Ryerson Press,[1954?],1954-01-01,1954-12-31,,,"22 cm: 263 p., ill. et cartes en coul.",,Comprend un index à la fin de l'ouvrage,Anglais,"Toronto, ON",,,
00000243,The Story of Canada,"BROWN, George W.|HARMAN, Eleanor|JEANNERET, Marsh",,The Copp Clark Company Ltd.,[1950?],1950-01-01,1950-12-31,,,"21 cm: xiii, 434 p., ill. et cartes (certaines en coul.)",,Comprend un index à la fin de l'ouvrage,Anglais,"Toronto, ON",,,
00000244,Social Studies for Canadian : Vol. 1,"CORNISH, George A.|DEWDNEY, Selwyn H.",,The Copp Clark Company Ltd.,[1938?],1938-01-01,1938-12-31,,,"22 cm: viii, 504 p., ill. et cartes",,,Anglais,"Toronto, ON",,,
00000245,The Great Adventure : an Illustrated History of Canada for Young Canadians,"DICKIE, Donalda|SCOTT, Lloyd",,J. M. Dent & Sons Canada Ltd.,[1950?],1950-01-01,1950-12-31,,,"21 cm: xviii, 470 p., ill. et cartes",,Comprend un index à la fin de l'ouvrage,Anglais,"Toronto, ON",,,
00000246,Canada Our Country : Part 1,"GARLAND, Aileen|BANKS, Robert|ROSENTHAL, Joseph",,MacMillan and Co. of Canada Ltd.,[1960?],1960-01-01,1960-12-31,,,"23 cm: vii, 348 p., ill. et cartes",,Sur la p. de t. : based on A first Book of Canadian History by W. Stewart Wallace. --Comprend un index à la fin de l'ouvrage,Anglais,,,,
00000247,Canada Our Country : Part 2,"GARLAND, Aileen|BANKS, Robert|ROSENTHAL, Joseph",,MacMillan and Co. of Canada Ltd.,[1960?],1960-01-01,1960-12-31,,,"23 cm: vii, 375 p., ill. et cartes",,Sur la p. de t. : based on A first Book of Canadian History by W. Stewart Wallace. --Comprend un index à la fin de l'ouvrage,Anglais,,,,
00000248,History,,Ontario Teacher's Manuals,The Copp Clark Company Ltd.,[1926?],1926-01-01,1926-12-31,,,"20 cm: iv, 162 p.",,Sur la p. de t. : authorized by the Minister of Education. -- Comprend un index à la fin de l'ouvrage,Anglais,"Toronto, ON",Primaire,Primaire,
00000249,A World History : from Ancient Time to 1500,"NEW, Chester W.|PHILLIPS, Charles E.",,"Clarke, Irwin & Company Ltd.; J. M. Dent & Sons Canada Ltd.",[1963?],1963-01-01,1963-12-31,,,"22 cm: viii, 495 p., ill. et cartes",,Comprend un index à la fin de l'ouvrage,Anglais,"Toronto, ON",,,
00000250,A Study in Government : Municipal and Provincial Government in Ontario and the Federal System in Canada,,Ontario Teacher's Manuals,"Minister of Education, Ontario",1931,1931-01-01,1931-12-31,,,"20 cm: vi, 74 p.",,Sur la p. de t. : authorized by the Minister of Education,Anglais,"Toronto, ON",,,
00000251,Botany Notes : grade 13,,Another scholastic publication,Cole's Notes & Translations,[19--?],1899-12-31,1999-12-31,,,"20 cm: 82 p., ill.",,Comprend un index au début de l'ouvrage,Anglais,"Toronto, ON",Secondaire,13e année,
00000252,"Intermediate Science, book 1","BRUCE, V. N.|HILES CARTER, A.",,Sir Isaac Pitman & Sons Canada Ltd.,[1953?],1953-01-01,1953-12-31,,,"22 cm: vi, 240 p., ill. et graph.",,Comprend un glossaire et un index à la fin de l'ouvrage,Anglais,"Toronto, ON",,,
00000253,"Intermediate Science, book 2","BRUCE, V. N.|HILES CARTER, A.",,Sir Isaac Pitman & Sons Canada Ltd.,[1954?],1954-01-01,1954-12-31,,,"22 cm: vi, 336 p., ill. graph. et tableaux",,Comprend un glossaire et un index à la fin de l'ouvrage,Anglais,"Toronto, ON",,,
00000254,"Intermediate Science, book 2","BRUCE, V. N.|HILES CARTER, A.",,Sir Isaac Pitman & Sons Canada Ltd.,[1959?],1959-01-01,1959-12-31,,,"22 cm: ix, 336 p., ill., graph. et tableaux",,Comprend un glossaire et un index à la fin de l'ouvrage,Anglais,"Toronto, ON",,,
00000255,New Ideas in Science,"CRAIG, Gerald S.|OLDROYD HYDE, Margaret|SICHEL, Harold",Our World of Science,Ginn and Company,[19--?],1899-12-31,1999-12-31,,,"21 cm: 377 p., ill. (certaines en coul.)",,Comprend un glossaire et un index à la fin de l'ouvrage,Anglais,"Toronto, ON",,,
00000256,Science All About Us,"CRAIG, Gerald S.|BURKE, Agnes|HENDRICKSON, David|ABBOTT, Jacob B.|SICHEL, Harold",Our World of Science,Ginn and Company,[19--?],1899-12-31,1999-12-31,,,"21 cm: 159 p., ill. en coul.",,Comprend un vocabulaire à la fin de l'ouvrage,Anglais,"Toronto, ON",,,
00000257,Science Every Day,"CRAIG, Gerald S.|BALDWIN, Sara E.|SMALLEY, Janet|MCLAVY, Jeanne|BOSTELMANN, Else",Our World of Science,Ginn and Company,[19--?],1899-12-31,1999-12-31,,,"21 cm: 251 p., ill. en coul.",,Comprend un index et un vocabulaire à la fin de l'ouvrage,Anglais,"Toronto, ON",,,
00000258,A First Course in Chemistry,"MARTIN, W. H.",,The Educational Book Company Ltd.,1945,1945-01-01,1945-12-31,,,"20 cm: viii, 324 p., ill. et graph.",,Sur la p. de t. : authorized by the Minister of Education for Ontario. -- Comprend un index à la fin de l'ouvrage,Anglais,"Toronto, ON",,,
00000259,[Note de recherche en astronomie],,,s.n.,[19--?],1899-12-31,1999-12-31,,,29 cm: env. 18 p.,,,Anglais,,,,
00000260,Science 6,"HALLMAN, Maynard|ALTON, Edward|FANTUZ, Gastone|RICHARDSON, Aileen",,"Holt, Rinehart & Winston of Canada Ltd.",[1965?],1965-01-01,1965-12-31,,,"23 cm: iv, 228 p., ill. et graph. en coul.",,Comprend un index et un glossaire à la fin de l'ouvrage,Anglais,"Toronto, ON",,,
00000261,Five,"THURBER, Walter A.|SMITH, Paul E.|DUDLEY, Paul|SPENCER, Hugh|BERNARD, Charles E. B.",Exploring Science Series,MacMillan and Co. of Canada Ltd.,[1957?],1957-01-01,1957-12-31,,Éd. révisé,"22 cm: 319 p., ill. et graph. en coul.",,Comprend un index à la fin de l'ouvrage,Anglais,"Toronto, ON",,,
00000262,Explorer 1,"BALDWIN, Cleda M.|MCKEOEWN, J. A.|BARRETT, Franklin L.|BAGSHAW, Ruth|LASRUK, John|MERLE SMITH, John",,The Copp Clark Publishing Co. Ltd.,[1970?],1970-01-01,1970-12-31,,,"28 cm: vii, 168 p., ill. (certaines en coul.)",,Comprend un glossaire et un index à la fin de l'ouvrage,Anglais,"Toronto, ON",,,
00000263,Discovering Our World : 3,"BEAUCHAMP, Wilbur L.|MELROSE WILLIAMS, Mary|BLOUGH, Glenn O.",Basic Studies in Science ; 3,W. J. Gage & Co. Ltd.,[19--?],1899-12-31,1999-12-31,,,"25 cm: 304 p., ill. en coul.",,Comprend un glossaire et un index à la fin de l'ouvrage,Anglais,"Toronto, ON",,,
00000264,Science Activities 6,"HEDGES, H. G.|FARWELL, D. E.",Science Activities ; 6,W. J. Gage & Co. Ltd.,[1962?],1962-01-01,1962-12-31,,Éd. de l'Ontario,"22 cm: 315 p., ill., graph., tableaux et cartes (certaines en coul.)",,Comprend un glossaire et un index à la fin de l'ouvrage,Anglais,"Toronto, ON",,,
00000265,Science Activities 7,"HEDGES, H. G.|ANDREWS, H. C.|HUNT, T. W.",Science Activities ; 7,W. J. Gage & Co. Ltd.,[19--?],1899-12-31,1999-12-31,,,"24 cm: 392 p., ill., graph. et cartes (certaines en coul.)",,Comprend un index à la fin de l'ouvrage,Anglais,"Toronto, ON",,,
00000266,Science Activities 8,"HEDGES, H. G.|ANDREWS, H. C.|HUNT, T. W.",Science Activities ; 8,W. J. Gage & Co. Ltd.,[19--?],1899-12-31,1999-12-31,,,"24 cm: 439 p., ill., graph. et tableaux (certaines en coul.)",,Comprend un index à la fin de l'ouvrage,Anglais,"Toronto, ON",,,
00000267,Laboratory Manual to Accompany a First Course in Chemistry,"JENNINGS, W. A.",,The Educational Book Company Ltd.,1940,1940-01-01,1940-12-31,,,"20 cm: x, 150 p., graph.",,Sur la couv. : Chemistry Manual. -- Sur la p. de t. : authorized by the Minister of Education for Ontario. -- Comprend des appendices à la fin de l'ouvrage,Anglais,"Toronto, ON",,,
00000268,Laboratory Manual to Accompany a First Course in Chemistry,"JENNINGS, W. A.",,The Educational Book Company Ltd.,1946,1946-01-01,1946-12-31,,,"20 cm: x, 150 p., graph.",,Sur la couv. : Chemistry manual. -- Sur la p. de t. : authorized by the Minister of Education for Ontario. -- Comprend des appendices à la fin de l'ouvrage,Anglais,"Toronto, ON",,,
00000269,Science Experiences,"MACDIARMID, F. E.|SANSOM, G. A.|FANJOY, I. N.|COATES, G.",,The Copp Clark Company Ltd.,[1947?],1947-01-01,1947-12-31,,,"23 cm: xii, 241 p., ill. et graph.",,,Anglais,"Toronto, ON",,,
00000270,Challenger 1,"MERCER, Barbara|BARRETT, Franklin L.",,The Copp Clark Publishing Co. Ltd.,[1970?],1970-01-01,1970-12-31,,,"28 cm: 64 p., ill.",,Comprend un index à la fin de l'ouvrage,Anglais,"Toronto, ON",,,
00000271,Science 9,"CASSON, R. G.",,The Copp Clark Publishing Co. Ltd.,[1965?],1965-01-01,1965-12-31,,,"24 cm: 401 p., ill. et graph.",,Comprend un index à la fin de l'ouvrage,Anglais,"Vancouver, C-B",,,
00000272,"Science Activities Resource Book : grades 4, 5, 6","HEDGES, H. G.",,W. J. Gage & Co. Ltd.,[1966?],1966-01-01,1966-12-31,,,"22 cm: ix, 556 p., ill.",,Comprend une bibliogr. à la fin de l'ouvrage,Anglais,"Toronto, ON",Primaire,4e à 6e année,
00000273,The Canadian Wonderworld of Science : book two,"KNOX, Warren|STONE, George|MEISTER, Morris|NOBLE, Doris",,The Book Society of Canada Ltd.,[1940?]-[1950?],1940-01-01,1950-12-31,,,"20 cm: 168 p., ill. en coul.",,Comprend des notes et un index à la fin de l'ouvrage,Anglais,"Toronto, ON",,,
00000274,The Canadian Wonderworld of Science : book five,"KNOX, Warren|STONE, George|MEISTER, Morris|NOBLE, Doris",,The Book Society of Canada Ltd.,[1940?]-[1950?],1940-01-01,1950-12-31,,,"20 cm: 264 p., ill. en coul.",,Comprend des notes et un index à la fin de l'ouvrage,Anglais,"Toronto, ON",,,
00000275,Anatomie Physiologie Hygiène,"DÉSIRÉ, Ch.|VILLENEUVE, F.",Sciences naturelles,Bordas,[1969?],1969-01-01,1969-12-31,,,"24 cm: 288 p., ill. et graph. (certains en coul.)",,,Français,"Paris, FR",Système français,3e année (France),
00000276,Elementary Principles of Chemistry,"BROWNLEE, Raymond B.",,Allyn and Bacon Inc.,[1921?],1921-01-01,1921-12-31,,,"19 cm: ix, 588, 17 p., ill. et graph.",,Comprend des appendices et un index à la fin de l'ouvrage,Anglais,"Boston, MA",,,
00000277,Sciences naturelles : classe de 5e,"BLOT, J.|GINSBURG, L.|VASSEUR, A.",,Éditions de l'école,[1968?],1968-01-01,1968-12-31,,,"22 cm: 157 p., ill., graph. (certains en coul.)",,,Français,"Paris, FR",Système français,5e année (France),
00000278,Les Chemins de la science : livre 2,"SÉGUIN, Fernand|ROCKCASTLE, Verne N. Rockcastle|SALAMON, Frank R.|SCHMIDT, Victor E.",Les Chemins de la science ; 2,Éditions du renouveau pédagogique inc.,[1971?],1971-01-01,1971-12-31,,,"20 x 24 cm: 171 p., ill. en coul.",,,Français,"Montréal, QC",Primaire,Primaire,
00000279,Les Chemins de la science : livre 4,"SÉGUIN, Fernand|ROCKCASTLE, Verne N. Rockcastle",Les Chemins de la science ; 4,Éditions du renouveau pédagogique inc.,[1972?],1972-01-01,1972-12-31,,,"20 x 24 cm: 283 p., ill. en coul.",,Comprend un index à la fin de l'ouvrage,Français,"Montréal, QC",Primaire,Primaire,
00000280,Les Chemins de la science : livre du maître : livre 4,"SÉGUIN, Fernand|ROCKCASTLE, Verne N. Rockcastle",Les Chemins de la science ; 4,Éditions du renouveau pédagogique inc.,[1973?],1973-01-01,1973-12-31,,,"20 x 24 cm: xvii, 283 p., ill. en coul.",,Comprend un index à la fin de l'ouvrage,Français,"Montréal, QC",Primaire,Primaire,
00000281,Les Chemins de la science : livre 6,"SÉGUIN, Fernand|SICOTTE, Bernard|ROCKCASTLE, Verne N. Rockcastle",Les Chemins de la science ; 6,Éditions du renouveau pédagogique inc.,[1973?],1973-01-01,1973-12-31,,,"20 x 24 cm: 315 p., ill. en coul.",,Comprend un index à la fin de l'ouvrage,Français,"Montréal, QC",Primaire,Primaire,
00000282,Work-a-Text in Earth Science,"STANGER, Robert L.|ROBBIN, Jack",,Cambridge Book Companym Inc.,[1967?],1967-01-01,1967-12-31,,,"26 cm: viii, 247 p., ill., graph. et tableaux",,"Comprend un glossaire, des cartes et index à la fin de l'ouvrage",Anglais,"New York, NY",,,
00000283,Adventures in Science : book III,"WILLERS, Marie H.",Adventures in Science Books ; III,School Aids and Text Book Publishing Co. Ltd.,[19--?],1899-12-31,1999-12-31,,Éd. révisée,"18 cm: 127 p., ill.",,,Anglais,"Régina, SK|Toronto, ON",,,
00000284,Explorations scientifiques 1,"CHARBONNEAU, Henri|LAVOIE, Mario|KUNZ, Robert|MAITLAND, Allistair",,W. J. Gage & Co. Ltd.,[1964?],1964-01-01,1964-12-31,,,"24 cm: 310 p., ill. et graph.",,Comprend un index à la fin de l'ouvrage. -- Adaptation de Science Activities 7,Français,"Toronto, ON",,,
00000285,Explorations scientifiques 2,"CHARBONNEAU, Henri|LAVOIE, Mario",,W. J. Gage & Co. Ltd.,[1965?],1965-01-01,1965-12-31,,,"24 cm: 314 p., ill. et graph.",,Comprend une bibliogr. et un index à la fin de l'ouvrage. -- Adaptation de Science Activities 7,Français,"Toronto, ON",,,
00000286,Scènes de la vie des insectes,"FABRE, J. H.",,Ed. Nelson,1933,1933-01-01,1933-12-31,,,16 cm: 285 p.,,Recueil des oeuvres de l'auteur,Français,"Paris, FR",,,
00000287,Leçons de choses : exercices d'observation : cours moyen 8e et 7e des lycées et collèges,"GODIER, A.|MOREAU, S.|MOREAU, M.",,Fernand Nathan,[1958?],1958-01-01,1958-12-31,,,"23 cm: 160 p., ill. et graph. en coul.",,,Français,"Paris, FR",Système français,"7e et 8e année, lycées et collèges (France)",
00000288,En plein air,"HOUSTON, Ruth|MURRAY, Ronald|CHARBONNEAU, Louis",Au pays des sciences ; 1,School Aids and Text Book Publishing Co. Ltd.,1941,1941-01-01,1941-12-31,,,"18 cm: 100 p., ill. en coul.",,,Français,"Régina, SK|Toronto, ON",,,
00000290,Louis Jolliet (1645-1700),"LAVIOLETTE, Guy|BROUILLY, Louis",Gloires nationales,Gloires nationales,1945,1945-01-01,1945-12-31,,,"25 cm: env. 32 p., ill. en coul.",,,Français,Québec,,,
00000291,Hygiène : 3e,"PANIEL, J.",Sciences naturelles,Hachette,[1959?],1959-01-01,1959-12-31,,,"24 cm: 319 p., ill. et graph. (certains en coul.)",,,Français,"Paris, FR",Système français,3e année (France),
00000292,Électricité,Groupe SO2,Les sciences par objectifs de comportement physique ; 5,Éditions du renouveau pédagogique inc.,[1974?],1974-01-01,1974-12-31,,,"28 cm: 60 p., graph. et tableaux",,,Français,"Montréal, QC",Secondaire,Secondaire,
00000293,Physique : optique géométrique et ondes,Groupe SO2,Les sciences par objectifs de comportement physique ; 7,Éditions du renouveau pédagogique inc.,[197-?],1970-01-01,1979-12-31,,,"28 cm: 62 p., graph. et tableaux",,,Français,"Montréal, QC",,,
00000294,Optique géométrique et ondes,Groupe SO2,Les sciences par objectifs de comportement physique ; 7,Éditions du renouveau pédagogique inc.,[1974?],1974-01-01,1974-12-31,,,"28 cm: 63 p., graph. et tableaux",,,Français,"Montréal, QC",,,
00000295,Les Chemins de la science : livre du maître : 1,"SÉGUIN, Fernand|ROCKCASTLE, Verne N. Rockcastle|SALAMON, Frank R.|SCHMIDT, Victor E.|POPE, Miller",Les chemins de la science ; 1,Éditions du renouveau pédagogique inc.,[1970?],1970-01-01,1970-12-31,,,"27 cm: 168 p., ill. en coul.",,,Français,"Montréal, QC",,,
00000296,Physics for Canadian Schools,"COULTON, J. L.|BROWN, H. E.|SCHWACHTGEN, E. C.|MILLER, Theodore R.|FERGUSON, Virginia",,The Copp Clark Company Ltd.,[19--?],1899-12-31,1999-12-31,,,"24 cm: x, 431 p., ill. et graph.",,Comprend un appendice et un index à la fin de l'ouvrage,Anglais,"Toronto, ON",,,
00000297,Science Through the Year,"CRAIG, Gerald S.|DANIEL, Etheleen|JOUSSET, Albert",Our World of Science,Ginn and Company,[19--?],1899-12-31,1999-12-31,,,"21 cm: 223 p., ill. en coul.",,,Anglais,"Toronto, ON",,,
00000298,Experiments in Elementary Science,"LEAD, H. D.|RIVARD, R. F.",,Sir Isaac Pitman & sons Canada Ltd.,[1965?],1965-01-01,1965-12-31,,,"23 cm: xi, 511 p., ill. et graph.",,Comprend des appendices et un index à la fin de l'ouvrage,Anglais,"Toronto, ON",Primaire,Primaire,
00000299,The Method of Science : 3,"BRACKENBOROUGH, Edwin F.",,"Clarke, Irwin & Company Ltd.",1961,1961-01-01,1961-12-31,,,"25 cm: viii, 408 p., ill.",,Comprend un glossaire et un index à la fin de l'ouvrage,Anglais,"Toronto, ON",Secondaire,9e année,
00000300,The Method of Science : 4,"BRACKENBOROUGH, Edwin F.",,"Clarke, Irwin & Company Ltd.",1961,1961-01-01,1961-12-31,,,"25 cm: viii, 358 p., ill.",,Comprend un glossaire et un index à la fin de l'ouvrage,Anglais,"Toronto, ON",Secondaire,10e année,
00000301,De merveille en merveille,"SMITH, Victor|CLARKE, Katherine|TEETERS, W. R.|CARRIÈRE, Laurier",Les Sciences et la Vie ; 2,"Longmans, Green & Company",1954,1954-01-01,1954-12-31,,,"22 cm: 160 p., ill. (certaines en coul.)",,Comprend un vocabulaire à la fin de l'ouvrage,Français,"Toronto, ON",,,
00000302,D'autres merveilles,"SMITH, Victor|CLARKE, Katherine|TEETERS, W. R.|CARRIÈRE, Laurier",Les Sciences et la Vie ; 3,"Longmans, Green & Company",1957,1957-01-01,1957-12-31,,,"22 cm: 160 p., ill. (certaines en coul.)",,Comprend un glossaire à la fin de l'ouvrage,Français,"Toronto, ON",,,
00000303,Observons la nature,"SMITH, Victor|CLARKE, Katherine|TEETERS, W. R.|CARRIÈRE, Laurier",Les Sciences et la Vie ; 4,"Longmans, Green & Company",1957,1957-01-01,1957-12-31,,,"22 cm: 191 p., ill. (certaines en coul.)",,Comprend un glossaire et un index à la fin de l'ouvrage,Français,"Toronto, ON",,,
00000304,Through the Seasons,"SMITH, Victor|HENDERSON, Barbara|TEETERS, W. R.",Science for Modern Living ; 5,"Longmans, Green & Company",[1952?],1952-01-01,1952-12-31,,,"22 cm: 268 p., ill. (certaines en coul.)",,Comprend un glossaire et un index à la fin de l'ouvrage,Anglais,"Toronto, ON",,,
00000305,Beneath the Skies,"SMITH, Victor|HENDERSON, Barbara|TEETERS, W. R.",Science for Modern Living ; 6,"Longmans, Green & Company",[1952?],1952-01-01,1952-12-31,,,"22 cm: 200 p., ill. (certaines en coul.)",,Comprend un glossaire et un index à la fin de l'ouvrage,Anglais,"Toronto, ON",,,
00000306,Connaissances scientifiques usuelles et hygiène,Soeurs de Sainte-Anne,,Procure des missions,1939,1939-01-01,1939-12-31,1939-05-10,Éd. refondue,"21 cm: 142 p., ill.",,Sur la p. de t. : d'après le programme d'études (1938) des écoles catholiques de la province de Québec,Français,"Lachine, QC",Primaire|Intermédiaire,6e et 7e année,
00000307,Modern Physics for Secondary Schools,"TOVELL, W. V.|MILLOY, A. L.|WRIGHT, J. S.",,The Copp Clark Publishing Co. Ltd.,[1956?],1956-01-01,1956-12-31,,,"23 cm: x, 405 p., ill., graph. et tableaux",,Comprend un index à la fin de l'ouvrage,Anglais,"Vancouver, C-B",Secondaire,Secondaire,
00000308,Manuel de l'Unesco pour l'enseignement des sciences,UNESCO,,Unesco,[1957?],1957-01-01,1957-12-31,,,"24 cm: 237 p., ill. et graph.",,Comprend des annexes à la fin de l'ouvrage,Français,,Primaire,Primaire,
00000309,Manuel de l'unesco pour l'enseignement des sciences,UNESCO,,Unesco,[1964?],1964-01-01,1964-12-31,,"Nouv. éd., revue et aug.","24 cm: 303 p., ill. et graph.",,Comprend des annexes à la fin de l'ouvrage,Français,,Primaire,Primaire,
00000310,UNESCO Source for Science Teaching,UNESCO,,Unesco,[1962?],1962-01-01,1962-12-31,,Éd. révisée et élargie,"24 cm: 250 p., ill. et graph.",,Comprend des appendices et des tables à la fin de l'ouvrage,Anglais,,,,
00000311,Éléments de physique,"BENOIT, Marcel|GAUTHIER, Germain|LABERGE, Jacques",,Beauchemin,1966,1966-01-01,1966-12-31,,,"23 cm: ix, 416 p., ill., graph. et tableaux",,Comprend des appendices et un index à la fin de l'ouvrage,Français,"Montréal, QC",Secondaire,Secondaire,
00000312,Éléments de physique,"BENOIT, Marcel|GAUTHIER, Germain|LABERGE, Jacques",,Beauchemin,1963,1963-01-01,1963-12-31,,,"23 cm: ix, 416 p., ill., graph. et tableaux",,Comprend des appendices et un index à la fin de l'ouvrage,Français,"Montréal, QC",Secondaire,Secondaire,
00000313,Éléments de physique,"BENOIT, Marcel|GAUTHIER, Germain|LABERGE, Jacques",,Beauchemin,1969,1969-01-01,1969-12-31,,,"23 cm: ix, 416 p., ill., graph. et tableaux",,Comprend des appendices et un index à la fin de l'ouvrage,Français,"Montréal, QC",Secondaire,Secondaire,
00000314,General Science : an Introductory Study of our Environment : book one,"BOWERS, Henry",,J. M. Dent & Sons Canada Ltd.,[1938?],1938-01-01,1938-12-31,,,"19 cm: 300 p., ill. et graph.",,Sur la p. de t. : authorized by the minister of Education for Ontario. -- Comprend un glossaire un index et à la fin de l'ouvrage,Anglais,"Toronto, ON",Secondaire,9e année,
00000315,"Physique : classe de première, sections C, D, T","GUINIER, G.|GUIMBAL, R.",Sciences physiques Georges Guinier,Bordas,[1966?],1966-01-01,1966-12-31,,,"24 cm: 463 p., ill. et graph. (certaines en coul.)",,Sur la couv. : programme 1966,Français,"Paris, FR",Système français,1ère année (France),
00000316,"Physique : classe de seconde, sections C et T","GUINIER, G.|GUIMBAL, R.",Sciences physiques Georges Guinier,Bordas,[1967?],1967-01-01,1967-12-31,,Nouv. éd.,"24 cm: 328 p., ill. et graph. (certaines en coul.)",,Sur la p. de t. : programme du 13 juin 1966,Français,"Paris, FR",Système français,Classe de seconde (France),
00000317,Physique : classe de troisième,"MACQ, Pierre|STOUFFS, Pierre",Sciences et Humanités,Casterman,[1965?],1965-01-01,1965-12-31,,,"21 cm: 266 p., ill. et graph. (certaines en coul.)",,Comprend un appendice,Français,Belgique,Système français,Secondaire 3 (France),
00000318,Methods of Science Today 1,"ERWIN, George W.",,"Clarke, Irwin & Company Ltd.",[1980?],1980-01-01,1980-12-31,,,"26 cm: xviii, 366 p., ill. et graph.",,Comprend un glossaire et un index à la fin de l'ouvrage. -- ISBN 0-7720-1217-2,Anglais,"Toronto, ON",Intermédiaire,1ère année dans un programme de science intermédiaire,
00000319,Les Chemins de la science : livre du maître 3,"SÉGUIN, Fernand|SICOTTE, Bernard|ROCKCASTLE, Verne N. Rockcastle|SALAMON, Frank R.|SCHMIDT, Victor E.",Les Chemins de la science ; 3,Éditions du renouveau pédagogique inc.,[1978?],1978-01-01,1978-12-31,,,"19 x 24 cm: xix, 202 p., ill.",,,Français,"Montréal, QC",,,
00000320,Classe de 1er D : tome II : Géologie,"BORIE, J.-L.",Sciences naturelles,Bordas,[1972?],1972-01-01,1972-12-31,,,"23 cm: 191 p., ill., graph., tableaux et cartes (certaines en coul.)",,Comprend un lexique à la fin de l'ouvrage,Français,"Paris, FR",Système français,1ère D (France),
00000321,Classe de 1er D : tome III : Physiologie,"LAISNÉ G.|MOULIN, J.|VALLIN, J.|VILLENEUVE, F.",Sciences naturelles,Bordas,[1972?],1972-01-01,1972-12-31,,,"23 cm: 117 p., ill., graph., tableaux et cartes (certaines en coul.)",,Comprend un lexique à la fin de l'ouvrage,Français,"Paris, FR",Système français,1ère D (France),
00000322,"L'enseignement des sciences 1re, 2e, 3e années",,,Association des enseignants franco-ontariens,[19--?],1899-12-31,1999-12-31,,,"28 cm: 32 p., ill.",,,Français,"Ottawa, ON",Primaire,1ère à 3e année,
00000323,L'enseignement des sciences 4e année,,,Association des enseignants franco-ontariens,[19--?],1899-12-31,1999-12-31,,,"28 cm: 24 p., ill.",,,Français,"Ottawa, ON",Primaire,4e année,
00000324,L'enseignement des sciences 6e année,,,Association des enseignants franco-ontariens,[19--?],1899-12-31,1999-12-31,,,"29 cm: 26 p., ill.",,,Français,"Ottawa, ON",Primaire,6e année,
00000325,Choix de leçons : livre du maître,"SCIS|IRP|CHEVRIER, Jean-Marc",,Institut de recherches psychologiques inc.,[1970?],1970-01-01,1970-12-31,,,"23 cm: iv, 31 p., ill.",,,Français,"Montréal, QC",,,
00000326,Les Cycles vitaux : livre du maître,"SCIS|IRP|CHEVRIER, Jean-Marc",,Institut de recherches psychologiques inc.,[1970?],1970-01-01,1970-12-31,,,"23 cm: 78 p., ill. (certaines en coul.)",,Comprend un glossaire à la fin de l'ouvrage,Français,"Montréal, QC",,,
00000327,Interaction et systèmes,Équipe SCIS,,Institut de recherches psychologiques inc.,[1971?],1971-01-01,1971-12-31,,,"23 cm: 32 p., ill.",,,Français,"Montréal, QC",,,
00000328,Interaction et Systèmes : livre du maître,"SCIS|IRP|CHEVRIER, Jean-Marc",,Institut de recherches psychologiques inc.,[1971?],1971-01-01,1971-12-31,,,"23 cm: 111 p., ill.",,Comprend un glossaire à la fin de l'ouvrage,Français,"Montréal, QC",,,
00000329,Sous-Systèmes et Variables,Équipe SCIS,,Institut de recherches psychologiques inc.,[1971?],1971-01-01,1971-12-31,,,"23 cm: 32 p., ill.",,,Français,"Montréal, QC",,,
00000330,Sous-Systèmes et Variables : livre du maître,"SCIS|IRP|CHEVRIER, Jean-Marc",,Institut de recherches psychologiques inc.,[1971?],1971-01-01,1971-12-31,,,"23 cm: 111 p., ill.",,Comprend un glossaire à la fin de l'ouvrage,Français,"Montréal, QC",,,
00000331,L'Univers des objets,Équipe SCIS,,Institut de recherches psychologiques inc.,[1970?],1970-01-01,1970-12-31,,,"23 cm: 24 p., ill.",,,Français,"Montréal, QC",,,
00000332,L'Univers des objets : livre du maître,"SCIS|IRP|CHEVRIER, Jean-Marc",,Institut de recherches psychologiques inc.,[1970?],1970-01-01,1970-12-31,,,"23 cm: 79 p., ill.",,,Français,"Montréal, QC",,,
00000333,Le Vivant : livre du maître,"SCIS|IRP|CHEVRIER, Jean-Marc",,Institut de recherches psychologiques inc.,[1971?],1971-01-01,1971-12-31,,,"23 cm: 63 p., ill.",,Comprend un appendice et un glossaire à la fin de l'ouvrage,Français,"Montréal, QC",,,
00000334,L'Énergie,"THIBAULT, Paul",Sciences physiques ; 2,Hurtubise,[1973?],1973-01-01,1973-12-31,,,"27 cm: 44 p., ill.",,"Sur la couv. : sciences physiques, approche thématique et expérimentale",Français,"Montréal, QC",,,
00000336,L'Énergie : fiches de rapport,"THIBAULT, Paul",Sciences physiques ; 2,Hurtubise,[1973?],1973-01-01,1973-12-31,,,"27 cm: 21 p., tableaux",,"Sur la couv. : sciences physiques, approche thématique et expérimentale",Français,"Montréal, QC",,,
00000337,General Biology,,,s.n.,[s.d.],,,,2e éd.,"23 cm: viii, 620 p., ill. et graph.",,Comprend un index à la fin de l'ouvrage,Anglais,,,,
00000338,L'Interaction,"THIBAULT, Paul",Sciences physiques ; 3,Hurtubise,[1973?],1973-01-01,1973-12-31,,,"27 cm: 62 p., ill.",,"Sur la couv. : sciences physiques, approche thématique et expérimentale",Français,"Montréal, QC",,,
00000339,L'Interaction : fiches de rapport,"THIBAULT, Paul",Sciences physiques ; 3,Hurtubise,[1973?],1973-01-01,1973-12-31,,,"27 cm: 29 p., tableaux",,"Sur la couv. : sciences physiques, approche thématique et expérimentale",Français,"Montréal, QC",,,
00000340,La Matière,"THIBAULT, Paul",Sciences physiques ; 1,Hurtubise,[1973?],1973-01-01,1973-12-31,,,"27 cm: 40 p., ill.",,"Sur la couv. : sciences physiques, approche thématique et expérimentale",Français,"Montréal, QC",,,
00000341,La Matière : fiches de rapport,"THIBAULT, Paul",Sciences physiques ; 1,Hurtubise,[1973?],1973-01-01,1973-12-31,,,"27 cm: 25 p., tableaux",,"Sur la couv. : sciences physiques, approche thématique et expérimentale",Français,"Montréal, QC",,,
00000342,Mes premières découvertes,"MORRIS PARKER, B.|OECHSLI, K.",Je veux connaître,Deux coqs d'or,[19--?],1899-12-31,1999-12-31,,,"19 x 26 cm: 63 p., ill. en coul.",,,Français,,,,
00000343,La Prévision : méthode de travail,"THIBAULT, Paul",Sciences physiques,Hurtubise,[1973?],1973-01-01,1973-12-31,,,"27 cm: 40 p., ill. et tableaux",,"Sur la couv. : sciences physiques, approche thématique et expérimentale",Français,"Montréal, QC",,,
00000344,La Prévision : méthode de travail : fiches de rapport,"THIBAULT, Paul",Sciences physiques,Hurtubise,[1973?],1973-01-01,1973-12-31,,,"27 cm: 25 p., tableaux",,Sur la couv. : approche thématique et expérimentale,Français,"Montréal, QC",,,
00000345,La Technique,"THIBAULT, Paul",Sciences physiques ; 4,Hurtubise,[1973?],1973-01-01,1973-12-31,,,"27 cm: 61 p., ill.",,"Sur la couv. : sciences physiques, approche thématique et expérimentale",Français,"Montréal, QC",,,
00000346,La Technique : fiches de rapport,"THIBAULT, Paul",Sciences physiques ; 4,Hurtubise,[1973?],1973-01-01,1973-12-31,,,"27 cm: 28 p., ill.",,"Sur la couv. : sciences physiques, approche thématique et expérimentale",Français,"Montréal, QC",,,
00000347,Petit guide du bibliothécaire,"BACH, Charles Henri|ODDON, Yvonne|ODDON, Michèle",,Éditions Bourrelier,1952,1952-01-01,1952-12-31,,,"23 cm: viii, 178 p., ill.",,Comprend une bibliogr. à la fin de l'ouvrage,Français,"Paris, FR",,,
00000348,L'Informatique commerciale : initiation au traitement des données,"BÉRUBÉ, Yvon",,McGraw-Hill,[1979?],1979-01-01,1979-12-31,,2e éd.,"23 cm: 302 p., ill., graph et tableaux",,"Comprend un glossaire, une bibliogr. et un index à la fin de l'ouvrage. -- ISBN 0-07-082720-6",Français,"Montréal, QC",,,
00000349,Les Rouages de l'économie,"BOUVIER, Émile|ALARY, Hélène|POIRIER, Michel",,Guérin,[1975?],1975-01-01,1975-12-31,,,"22 cm: 512 p., ill., graph et tableaux",,Comprend un lexique à la fin de l'ouvrage,Français,"Montréal, QC",Secondaire,Secondaire,
00000350,Électricité appliquée à l'automobile,"CARIGNAN, Joseph",,"Ministère de l'Éducation, service des cours par correspondance",[1967?],1967-01-01,1967-12-31,,,"24 cm: 407 p., graph.",,,Français,"Montréal, QC",,,
00000351,Cours pratique de dessin d'observation : aux maîtres de l'école primaire canadienne,"LAGACÉ, Jean-Baptiste",,Soeurs de Sainte-Croix et des Sept Douleurs,1928,1928-01-01,1928-12-31,,,"22 cm: xi, 324 p., ill. (certaines en coul.)",,,Français,"Ottawa, ON",,,
00000352,Économie domestique à l'école primaire supérieure,,,Action catholique,1942,1942-01-01,1942-12-31,,,"23 cm: 273 p., ill.",,,Français,Québec,Système français,Primaire supérieure,
00000353,Économie domestique à l'école complémentaire,,,Action catholique,1942,1942-01-01,1942-12-31,,,"23 cm: 273 p., ill.",,,Français,Québec,,,
00000354,Principes d'économie sociale,"FALLON, Valère",,Museum Lessianum,1935,1935-01-01,1935-12-31,,5e éd.,"23 cm: xii, 508 p.",,Comprend une bibliogr. au début de l'ouvrage. -- Comprend des index à la fin de l'ouvrage,Français,"Louvain, BE",,,
00000355,Étude de la comptabilité : 8e et 9e années,Frère Irénée,,Le Centre pédagogique,1941,1941-01-01,1941-12-31,1942-02-01,,"22 cm: 128 p., tableaux",,Sur la p. de t. : ouvrage approuvé par le Conseil de l'instruction publique à sa séance de février 1942. -- Comprend un index et un glossaire à la fin de l'ouvrage,Français,Québec,Intermédiaire|Secondaire,8e et 9e année,
00000356,What Shall We Do in Art ? : Practical Ideas for Elementary Schools,"HART, Florence M.|GAITSKELL, C. D.",,The Book Society of Canada Ltd.,[1957?],1957-01-01,1957-12-31,,,21 cm: 160 p.,,Comprend un index à la fin de l'ouvrage,Anglais,"Agincourt, ON",,,
00000357,Initiation à la vie économique,"THOMASSIN, Robert",Administration et affaires,Centre de psychologie et de pédagogie,[1969?],1969-01-01,1969-12-31,,,"25 cm: xiii, 239 p., graph. et tableaux",,Comprend des appendices dans certains des chapitres,Français,"Montréal, QC",Secondaire,Secondaire,
00000358,Shorthand Simplified : for Colleges : volume one,"LESLIE, Louis A.|ZOUBEK, Charles E.|HOSLER, Russell J.",,McGraw-Hill Book Company Inc.,[1958?],1958-01-01,1958-12-31,,2e éd.,23 cm: 384 p.,,Comprend un index à la fin de l'ouvrage,Anglais,"New York, NY|Toronto, ON",Universitaire et Collégial,Collégial,
00000359,Le Soudage,"PENDER, James A.|POTTIER, Michel",,McGraw-Hill Book Company Inc.,[1972?],1972-01-01,1972-12-31,,,"24 cm: xi, 200 p., ill. et graph.",,Comprend un lexique et un index à la fin de l'ouvrage. -- ISBN 0-07-092948-3,Anglais,"Toronto, ON",,,
00000360,"Physical Education Junior Division : grades 4, 5, 6",,,Department of Education,1959,1959-01-01,1959-12-31,,,"20 cm: 277 p., ill.",,,Anglais,Ontario,Primaire,4e à 6e année,
00000361,Letters in Business : Practical Information for French-Canadians,,,Concours bilingues canadiens,[19--?],1899-12-31,1999-12-31,,,"22 cm: xvi, 329 p., ill.",,,Anglais,Québec,,,
00000362,"Peinture, Vitrerie, Isolation","ROBITAILLE, Ludger|BELISLE, Louis-A.",Art - métiers et technique,La Société canadienne de technologie; Belisle,1949,1949-01-01,1949-12-31,,,"16 cm: 358 p., ill. et graph.",,Comprend une bibliogr. au début de l'ouvrage. -- Comprend une table à la fin de l'ouvrage,Français,Québec,,,
00000363,Sténographie Gregg simplifiée,Soeur Marie-Ernestine,,McGraw-Hill Company of Canada Ltd.,[1954?],1954-01-01,1954-12-31,,,23 cm: 152 p.,,Sur la p. de t. : Gregg Division. -- Comprend une table à la fin de l'ouvrage,Français,"Toronto, ON",,,
00000364,Vitesse progressive en sténographie Gregg simplifiée,Soeur Marie-Ernestine,,McGraw-Hill Company of Canada Ltd.,[1962?],1962-01-01,1962-12-31,,,"23 cm: iv, 366 p.",,Sur la p. de t. : Gregg Division,Français,"Toronto, ON",,,
00000365,"Savez-vous, petits bambins, dessiner avec entrain ? : méthode attrayante d'initiation au dessin enfantin","SCHOTT, Lise","Pour nos petits bambins ; 1, 2",Fernand Nathan,1962-1963,1962-01-01,1963-12-31,,,"23 cm: 56, 63 p., ill.",,Sur la p. de t. : plus de 500 exercices variés et graduée en 50 centres d'intérêt illustrés. -- L'ouvrage est la réunion de la série 1 et 2,Français,"Paris, FR",Primaire,Primaire,
00000366,Activités mathématiques : A Élève,"BOURGET, Bernard|FILION, Paul|GAULIN, Claude",SMP,Éditions H.R.W. ltée.,[1976?],1976-01-01,1976-12-31,,,"23 cm: vii, 220 p., graph. et tableaux (certains en coul.)",,Trad. et adaptation de : SMP (School Mathematics Project) Book A. -- Comprend un index à la fin de l'ouvrage. -- ISBN 0-03-920574-6,Français,"Montréal, QC",,,
00000367,Activités mathématiques : B Élève,"BOURGET, Bernard|FILION, Paul|GAULIN, Claude",SMP,Éditions H.R.W. ltée.,[1976?],1976-01-01,1976-12-31,,,"23 cm: v, 241 p., graph. et tableaux (certains en coul.)",,Trad. et adaptation de : SMP (School Mathematics Project) Book B. -- Comprend un index à la fin de l'ouvrage. -- ISBN 0-03-920577-0,Français,"Montréal, QC",,,
00000368,La Mathématique à l'élémentaire : manipulations - découvertes - applications : guide du maître 1,"EICHOLZ, Robert E.|GILMOR, Sue",La Mathématique à l'élémentaire,Éditions du renouveau pédagogique inc.,[1973?],1973-01-01,1973-12-31,,,"27 cm: xi, 303 p. en pag. multiple, ill., graph. et tableaux (certains en coul.)",,"Sur la couv. : édition métrique, ce livre contient un guide complémentaire destiné aux maîtres dont les élèves utilisent l'édition métrique. -- Comprend un lexique et un index à la fin de l'ouvrage. -- Comprend des feuillets détachables à la fin de l'ouvrage",Français,"Montréal, QC",Primaire,Primaire,
00000369,La Mathématique à l'élémentaire : manipulations - découvertes - applications : guide du maître 2,"EICHOLZ, Robert E.|GILMOR, Sue",La Mathématique à l'élémentaire,Éditions du renouveau pédagogique inc.,[1973?],1973-01-01,1973-12-31,,,"27 cm: xi, 303 p. en pag. multiple, ill., graph. et tableaux (certains en coul.)",,Comprend un lexique et un index à la fin de l'ouvrage. -- Comprend des feuillets détachables à la fin de l'ouvrage,Français,"Montréal, QC",Primaire,Primaire,
00000370,La Mathématique à l'élémentaire : manipulations - découvertes - applications : guide du maître 2,"EICHOLZ, Robert E.|WARUSFEL, André|GILMOR, Sue",La Mathématique à l'élémentaire,Éd. du renouveau pédagogique inc.,[1976?],1976-01-01,1976-12-31,,Éditions métrique (SI),"27 cm: x, 310, 26 p., ill., graph. et tableaux (certains en coul.)",,Sur la couv. : édition métrique (SI). -- Comprend un lexique et un index à la fin de l'ouvrage. -- Comprend des feuillets détachable à la fin de l'ouvrage,Français,"Montréal, QC",Primaire,Primaire,
00000371,La mathématique à l'élémentaire : manipulations - découvertes - applications : 3,"EICHOLZ, Robert E.|WARUSFEL, André|GILMOR, Sue|FANCHER, Reid",La Mathématique à l'élémentaire,Éd. du renouveau pédagogique inc.,[1975?],1975-01-01,1975-12-31,,Éditions métrique (SI),"24 cm: 317, 48 p., ill., graph. et tableaux (certains en coul.)",,"Comprend un guide complémentaire pour le maître pour les livres 1, 2 et 3 détaché de l'ouvrage. -- Comprend un lexique, une table et un index à la fin de l'ouvrage",Français,"Montréal, QC",Primaire,Primaire,
00000372,La Mathématique à l'élémentaire : manipulations - découvertes - applications : 4,"EICHOLZ, Robert E.|WARUSFEL, André|GILMOR, Sue",La Mathématique à l'élémentaire,Éditions du renouveau pédagogique inc.,[1976?],1976-01-01,1976-12-31,,Éd. métrique (SI),"24 cm: 355, 39 p., ill., graph. et tableaux (certains en coul.)",,"Comprend un lexique, une table et un index à la fin de l'ouvrage",Français,"Montréal, QC",Primaire,Primaire,
00000373,La Mathématique à l'élémentaire : manipulations - découvertes - applications : 5,"EICHOLZ, Robert E.|WARUSFEL, André|DWYER, Patti",La Mathématique à l'élémentaire,Éd. du renouveau pédagogique inc.,[1976?],1976-01-01,1976-12-31,,Éditions métrique (SI),"24 cm: 341, 38 p., ill., graph. et tableaux (certains en coul.)",,"Comprend un lexique, une table et un index à la fin de l'ouvrage",Français,"Montréal, QC",Primaire,Primaire,
00000374,La Mathématique à l'élémentaire : manipulations - découvertes - applications : 6,"EICHOLZ, Robert E.|WARUSFEL, André|DWYER, Patti",La Mathématique à l'élémentaire,Éditions du renouveau pédagogique inc.,[1976?],1976-01-01,1976-12-31,,Éd. métrique (SI),"24 cm: 363, 32 p., ill., graph. et tableaux (certains en coul.)",,"Comprend un lexique, une table et un index à la fin de l'ouvrage",Français,"Montréal, QC",Primaire,Primaire,
00000375,Pointage et double pointage : cahier d'exercices en arithmétique pour élèves,Soeurs de la communauté Sainte Croix,Pointage et double pointage,Jack Hood School Supplies Co. Ltd.,[1964?],1964-01-01,1964-12-31,,,27 cm: 120 p.,,,Français,"Stratford, ON",Primaire,4e année,
00000376,Mathématique 8 : niveau élémentaire - groupes des 9 ans,"FERLAND, Yvette|LEGRIS, Roberte|GADBOIS, Mario|GRATTON, Ginette",,Éditions H.R.W. ltée.,[1976?],1976-01-01,1976-12-31,,Éd. SI,"25 cm: 108 p., ill., graph. et tableaux (certaines en coul.)",ISBN 0-03-929311-4,,Français,"Montréal, QC",Primaire,4e année,
00000377,Mathématique 8 : niveau élémentaire - groupes des 9 ans : livre du maître,"FERLAND, Yvette|LEGRIS, Roberte|GADBOIS, Mario",,Éditions H.R.W. ltée.,[1976?],1976-01-01,1976-12-31,,Éd. SI,"28 cm: 302 p., graph. et tableaux",ISBN 0-03-929313-0,,Français,"Montréal, QC",Primaire,4e année,
00000378,Mathématique 9 : niveau élémentaire - groupes des 9 ans,"FERLAND, Yvette|LEGRIS, Roberte|GADBOIS, Mario|GRATTON, Ginette",,Éditions H.R.W. ltée.,[1976?],1976-01-01,1976-12-31,,Éditions SI,"25 cm: 108 p., ill., graph. et tableaux (certaines en coul.)",ISBN 0-03-929314-9,,Français,"Montréal, QC",Primaire,4e année,
00000379,Mathématique 9 : niveau élémentaire - groupes des 9 ans : livre du maître,"FERLAND, Yvette|LEGRIS, Roberte|GADBOIS, Mario",,Éditions H.R.W. ltée.,[1976?],1976-01-01,1976-12-31,,Éditions SI,"28 cm: 288 p., ill., graph. et tableaux",ISBN 0-03-929316-5,,Français,"Montréal, QC",Primaire,4e année,
00000380,Mathématique 10 : niveau élémentaire - groupes des 10 ans,"FERLAND, Yvette|LEGRIS, Roberte|GADBOIS, Mario|GRATTON, Ginette",,Éditions H.R.W. ltée.,[1974?],1974-01-01,1974-12-31,,Éditions SI,"25 cm: 108 p., ill., graph. et tableaux (certaines en coul.)",ISBN 0-03-920552-5,,Français,"Montréal, QC",Primaire,5e année,
00000381,Mathématique 10 : niveau élémentaire - groupes des 10 ans : livre du maître,"FERLAND, Yvette|LEGRIS, Roberte|GADBOIS, Mario",,Éditions H.R.W. ltée.,[1974?],1974-01-01,1974-12-31,,Éditions SI,"28 cm: iv, 331 p., graph. et tableaux",ISBN 0-03-920554-1,,Français,"Montréal, QC",Primaire,5e année,
00000382,Mathématique 11 : niveau élémentaire - groupes des 10 ans,"FERLAND, Yvette|LEGRIS, Roberte|GADBOIS, Mario|GRATTON, Ginette",,Éditions H.R.W. ltée.,[1975?],1975-01-01,1975-12-31,,Éditions SI,"25 cm: 108 p., ill., graph. et tableaux (certaines en coul.)",,Comprend un lexique à la fin de l'ouvrage. -- ISBN 0-03-920556-8,Français,"Montréal, QC",Primaire,5e année,
00000383,Mathématique 11 : niveau élémentaire - groupes des 10 ans : livre du maître,"FERLAND, Yvette|LEGRIS, Roberte|GADBOIS, Mario",,Éditions H.R.W. ltée.,[1975?],1975-01-01,1975-12-31,,Éditions SI,"28 cm: 348 p., graph. et tableaux",ISBN 0-03-920558-4,,Français,"Montréal, QC",Primaire,5e année,
00000384,Mathématique 11 : niveau élémentaire - groupes des 11 ans : livre du maître,"FERLAND, Yvette|LEGRIS, Roberte|GADBOIS, Mario",,Éditions H.R.W. ltée.,[1975?],1975-01-01,1975-12-31,,Éd. SI,"28 cm: 348 p., graph. et tableaux",ISBN 0-03-920558-4,,Français,"Montréal, QC",Primaire,5e année,
00000385,Mathématique 12 : niveau élémentaire - groupes des 11 ans,"FERLAND, Yvette|LEGRIS, Roberte|GADBOIS, Mario|GRATTON, Ginette",,Éditions H.R.W. ltée.,[1975?],1975-01-01,1975-12-31,,Éditions SI,"25 cm: 108 p., ill., graph. et tableaux",,Comprend un lexique à la fin de l'ouvrage. -- ISBN 0-03-920630-0,Français,"Montréal, QC",Primaire,5e année,
00000386,Mathématique 13 : niveau élémentaire - groupes des 11 ans,"FERLAND, Yvette|LEGRIS, Roberte|GADBOIS, Mario|GRATTON, Ginette",,Éditions H.R.W. ltée.,[1976?],1976-01-01,1976-12-31,,Éditions SI,"25 cm: 108 p., ill., graph. et tableaux",,Comprend un lexique à la fin de l'ouvrage. -- ISBN 0-03-920581-9,Français,"Montréal, QC",Primaire,5e année,
00000387,Introduction aux mathématiques nouvelles : guide méthodologique : tome 1,"DIONNE, Gilles",,"Holt, Rinehart & Winston of Canada Ltd.",[1965?],1965-01-01,1965-12-31,,,"23 cm: vii, 118 p., graph. et tableaux",,Comprend des appendices à la fin de l'ouvrage,Français,"Toronto, ON",Secondaire,Secondaire,
00000388,Mathématique contemporaine 1,"CHIVERS, Roberta","Cours d'arythmétique et de mathématiques Holt, Rinehart et Winston ; 7","Holt, Rinehart & Winston of Canada Ltd.",[1965?],1965-01-01,1965-12-31,,,"23 cm: iv, 396 p., graph. et tableaux (certaines en coul.)",,,Français,"Toronto, ON",Intermédiaire,7e année,
00000389,Patterns in Arythmetic 3,"SMITH, J. Edwin|CAREY, Peter","Cours d'arythmétique et de mathématiques Holt, Rinehart et Winston ; 3","Holt, Rinehart & Winston of Canada Ltd.",[1964?],1964-01-01,1964-12-31,,,"24 cm: v, 306 p., graph. et tableaux (certaines en coul.)",,Comprend un index à la fin de l'ouvrage,Anglais,"Toronto, ON",,,
00000390,L'Univers des nombres 6 : cahier d'exercices,"ROBERT, Yvon|TRUDEL, Maurice",,"Holt, Rinehart & Winston of Canada Ltd.",[1968?],1968-01-01,1968-12-31,,,"28 cm: 128 p., graph.",,"Sur la p. de t. : adapté de Patterns in Arithmetic 6, Practice Book",Français,"Montréal, QC",,,
00000391,Practice Book for Patterns in Arithmetic 6,"BRANGIAN, Murray|HANWELL, Alfred P.",,"Holt, Rinehart & Winston of Canada Ltd.",[1965?],1965-01-01,1965-12-31,,,"28 cm: 128 p., graph.",,,Anglais,"Toronto, ON",,,
00000392,Le Calcul vivant : arithmétique 3e année,"BEAUDRY, Gérard|CHARVET, J. R.|LAREAU, D.",,Centre de psychologie et de pédagogie,1965,1965-01-01,1965-12-31,1950-12-13,Éd. revue et corrigée,"28 cm: 217 p., ill. et graph. (certains en coul.)",,,Français,"Montréal, QC",Primaire,3e année,
00000393,Mathématiques nouvelles : 320 330,"LANGLOIS, Jean-Paul|HAMEL, Onil|HÉBERT, Marcel|MÉNARD, Jean",,Éditions FIC,1971,1971-01-01,1971-12-31,,,"23 cm: xiii, 592 p., ill. et graph.",,Comprend un index à la fin de l'ouvrage,Français,"La Mennais, QC",Secondaire,Secondaire,
00000394,Mon devoir de calcul : 1re partie,,,Frères de l'instruction chrétienne,[19--?],1899-12-31,1999-12-31,,,22 cm: 96 p.,,,Français,"La Mennais, QC",Primaire,4e année,
00000395,Mon devoir de calcul : 2e partie,,,Frères de l'instruction chrétienne,[19--?],1899-12-31,1999-12-31,,,22 cm: 96 p.,,,Français,"La Mennais, QC",Primaire,4e année,
00000396,An Introduction to the Assignment Card Method,The Ontario Teachers' Federation,,Ontario Teachers' Federation,1967,1967-01-01,1967-12-31,,,30 cm: 24 p.,,,Anglais,"Toronto, ON",,,
00000397,L'Univers des nombres : livre 2,"DESCHAMPS, J. A. A.|FANTUZ, Gastone",,"Holt, Rinehart and Winston Limited",[1966?],1966-01-01,1966-12-31,,,"24 cm: 160 p., ill. et graph. (certains en coul.)",,,Français,"Montréal, QC|Toronto, ON",,,
00000398,L'Univers des nombres 3,"SÉGUIN, Rosaline","Cours d'arythmétique et de mathématiques Holt, Rinehart et Winston ; 3","Holt, Rinehart and Winston Limited",[1966?],1966-01-01,1966-12-31,,,"24 cm: iii, 314 p., ill., graph. et tableaux (certains en coul.)",,Sur la p. de t. : adapté de Patterns in Arithmetic 3,Français,"Toronto, ON",Primaire,3e année,
00000399,L'Univers des nombres 4,"SÉGUIN, Rosaline","Cours d'arythmétique et de mathématiques Holt, Rinehart et Winston ; 4","Holt, Rinehart and Winston Limited",[1966?],1966-01-01,1966-12-31,,,"24 cm: iii, 332 p., ill., graph. et tableaux (certains en coul.)",,Sur la p. de t. : adapté de Patterns in Arithmetic 4,Français,"Montréal, QC",Primaire,4e année,
00000400,L'Univers des nombres 5,"SÉGUIN, Rosaline","Cours d'arythmétique et de mathématiques Holt, Rinehart et Winston ; 5","Holt, Rinehart and Winston Limited",[1966?],1966-01-01,1966-12-31,,,"24 cm: iii, 348 p., ill., graph. et tableaux (certains en coul.)",,Sur la p. de t. : adapté de Patterns in Arithmetic 5,Français,"Montréal, QC",Primaire,5e année,
00000401,L'univers des nombres 6,"SÉGUIN, Rosaline","Cours d'arythmétique et de mathématiques Holt, Rinehart et Winston ; 6","Holt, Rinehart and Winston Limited",[1966?],1966-01-01,1966-12-31,,,"24 cm: iii, 380 p., ill., graph. et tableaux (certains en coul.)",,Sur la p. de t. : adapté de Patterns in Arithmetic 6,Français,"Montréal, QC",Primaire,5e année,
00000402,L'Arithmétique et ses secrets,"BRUMFIELD, Charles F.",,Éditions du renouveau pédagogique inc.,[1966?],1966-01-01,1966-12-31,,,"23 cm: x, 390 p., graph. (certains en coul.)",,Trad. de : Arithmetic : Concepts and Skills. -- Comprend un index à la fin de l'ouvrage,Français,"Montréal, QC",Primaire,Primaire,
00000403,Introduction aux mathématiques : avec problèmes supplémentaires,"BRUMFIELD, Charles F.|EICHOLZ, Robert E.|SHANKS, Merrill E.|VERMANDERE, Placide",,Éditions du renouveau pédagogique inc.,[1967?],1967-01-01,1967-12-31,,,"23 cm: xi, 369 p., graph. (certains en coul.)",,Trad. de : Arithmetic : Concepts and Skills. -- Comprend un index à la fin de l'ouvrage,Français,"Montréal, QC",Secondaire,Secondaire,
00000404,Éléments de mathématiques modernes : livre 2,"EICHOLZ, Robert E.|MARTIN JR., Emerson|ROY, Ghislain|TISSEYRE, Pierre|KELLEY, Adelaide|GALLOT, Maurice A.",,Éditions du renouveau pédagogique inc.,[1968?],1968-01-01,1968-12-31,,,"22 cm: 320 p., ill., graph. et tableaux (certains en coul.)",,,Français,"Montréal, QC",,,
00000405,Éléments de mathématiques modernes : livre 3,"EICHOLZ, Robert E.|O'DAFFER, Phares G.|BRUMFIELD, Charles F.|SHANKS, Merrill E.|ROY, Ghislain",,Éditions du renouveau pédagogique inc.,[1967?],1967-01-01,1967-12-31,,,"24 cm: 332 p., ill., graph. et tableaux (certains en coul.)",,Comprend un index à la fin de l'ouvrage,Français,"Montréal, QC",,,
00000406,Éléments de mathématiques modernes : livre 5,"EICHOLZ, Robert E.|O'DAFFER, Phares G.|BRUMFIELD, Charles F.|SHANKS, Merrill E.|ROY, Ghislain",,Éditions du renouveau pédagogique inc.,[1967?],1967-01-01,1967-12-31,,,"24 cm: 332 p., ill., graph. et tableaux (certains en coul.)",,Comprend un index à la fin de l'ouvrage,Français,"Montréal, QC",,,
00000407,Answer to Living Arithmetic Grade Eight,"BUSWELL, Guy T.",,Ginn and Company,[19--?],1899-12-31,1999-12-31,,Canadienne,19 cm: 29 p.,,,Anglais,"Toronto, ON",Intermédiaire,8e année,
00000408,Au pays des nombres,,,W. J. Gage & Co. Ltd.,[19--?],1899-12-31,1999-12-31,,,"18 cm: 128 p., ill. (certaines en coul.)",,,Français,"Toronto, ON",Primaire,3e année,
00000409,Contemporary Mathematics 1,"MACPHERSON, Eric D.","Cours d'arythmétique et de mathématiques Holt, Rinehart et Winston ; 7","Holt, Rinehart & Winston of Canada Ltd.",[1964?],1964-01-01,1964-12-31,,,"23 cm: viii, 133 p.",,,Anglais,"Toronto, ON",Secondaire,Secondaire,
00000410,Solutions of the Examples in the Crawford Algebras,"CRAWFORD, J. T.",,MacMillan and Co. of Canada Ltd.,1930,1930-01-01,1930-12-31,,,"19 cm: 145 p., graph.",,,Anglais,"Toronto, ON",Secondaire,Secondaire,
00000411,Copp Clark Arithmetics : book three,WHEAT|KAUFFMAN|DOUGLASS,,The Copp Clark Publishing Co. Ltd.,[1952?],1952-01-01,1952-12-31,,,"21 cm: 312 p., ill. (certaines en coul.)",,Comprend un index à la fin de l'ouvrage,Anglais,"Vancouver, C-B",,,
00000412,Les Arithmétiques Copp Clark : cinquième livre,WHEAT|KAUFFMAN|DOUGLASS|DEGRACE,,The Copp Clark Publishing Co. Ltd.,1956,1956-01-01,1956-12-31,,,"21 cm: 336 p., ill., graph. et tableaux (certains en coul.)",,Comprend des tables à la fin de l'ouvrage,Anglais,"Vancouver, C-B",,,
00000413,English-French Lexicon of Mathematical Terms : tome 1,"LEBLANC, Roger A.",,Comité de langue française O.S.S.T.F. Publication,1972,1972-01-01,1972-12-31,,,16 cm: 90 p.,,Comprend une préface en anglais et en français,Anglais|Français,"Toronto, ON",Secondaire|Universitaire et Collégial,Secondaire; post-secondaire,
00000414,English-French Lexicon of Mathematical Terms : tome 2,"LEBLANC, Roger A.",,Comité de langue française O.S.S.T.F. Publication,1974,1974-01-01,1974-12-31,,,16 cm: 90 p.,,Comprend une préface en anglais et en français,Anglais|Français,"Toronto, ON",Secondaire|Universitaire et Collégial,Secondaire; post-secondaire,
00000415,Introduction aux mathématiques nouvelles : guide méthodologique : tome 1,"DIONNE, Gilles",,"Holt, Rinehart & Winston of Canada Ltd.",[1965?],1965-01-01,1965-12-31,,,"23 cm: vii, 118 p., graph.",,Sur la couv. : classe de 1e à 6e. -- Comprend un glossaire à la fin de l'ouvrage,Français,"Toronto, ON",Primaire,1ère à 6e année,
00000416,General Mathematics : book 1,"JACKSON, W. A.|DEAN, J. E.|CRAWFORD, J. T.",,MacMillan and Co. of Canada Ltd.,[1938?],1938-01-01,1938-12-31,,,"20 cm: xi, 394 p., ill. et graph.",,Sur la p. de t. : authorized by the Minister of Education for Ontario,Anglais,"Toronto, ON",,,
00000417,"Mathématiques : cours secondaire, 10e année",,,F.I.C.,[19--?],1899-12-31,1999-12-31,,,18 cm: 260 p.,,,Français,,Secondaire,10e année,
00000418,Mon cahier de calcul : troisième année : 1re partie,,,Frères de l'instruction chrétienne,1950,1950-01-01,1950-12-31,,,22 cm: 80 p.,,,Français,"La Mennais, QC",Primaire,3e année,
00000419,Arithmétique appliquée à l'industrie,"NORMANDEAU, Lucien",,Office des cours par correspondance,1950,1950-01-01,1950-12-31,,2e éd.,"21 cm: 245 p., graph.",,Sur la p. de t. : Ministère du Bien-Etre social et de la Jeunesse. -- Comprend des tables à la fin de l'ouvrage,Français,"Montréal, QC",,,
00000420,Oral Mathematics : for grades two to eight,"DAVIS, T. I.",,J. M. Dent & Sons Canada Ltd.,[1939?],1939-01-01,1939-12-31,,,"21 cm: 196 p., graph.",,,Anglais,"Toronto, ON",Primaire|Intermédiaire,2e à 8e année,
00000421,Passeport mathématique 4,"CATHCART, W. George|LANGLAIS, Jacques|BUREAU, Réjean|DEL GRANDE, John|EYRE, Brian|POPESKI, Arnold",,Éditions du Trécarré,[1983?],1983-01-01,1983-12-31,,,"24 cm: vi, 344 p., ill., graph.",,Comprend un index à la fin de l'ouvrage. -- ISBN 2-89249-045-6,Français,"Montréal, QC",Primaire,4e année,
00000422,Patterns in Arithmetic 3 : Teachers' Guide,"SMITH, J. Edwin","Cours d'arythmétique et de mathématiques Holt, Rinehart et Winston ; 3","Holt, Rinehart & Winston of Canada Ltd.",[1964?],1964-01-01,1964-12-31,,,"23 cm: x, 134 p.",,,Anglais,"Toronto, ON",Primaire|Intermédiaire,1ère à 8e année,
00000423,Patterns in Arithmetic 4 : Teachers' Guide,"SMITH, J. Edwin","Cours d'arythmétique et de mathématiques Holt, Rinehart et Winston ; 4","Holt, Rinehart & Winston of Canada Ltd.",[1964?],1964-01-01,1964-12-31,,,"23 cm: viii, 118 p.",,,Anglais,"Toronto, ON",Primaire|Intermédiaire,1ère à 8e année,
00000424,Patterns in Arithmetic 5 : Teachers' Guide,"HANWELL, Alfred P.","Cours d'arythmétique et de mathématiques Holt, Rinehart et Winston ; 5","Holt, Rinehart & Winston of Canada Ltd.",[1964?],1964-01-01,1964-12-31,,,"23 cm: vii, 120 p.",,,Anglais,"Toronto, ON",Primaire|Intermédiaire,1ère à 8e année,
00000425,Patterns in Arithmetic 6,"HANWELL, Alfred P.","Cours d'arythmétique et de mathématiques Holt, Rinehart et Winston ; 6","Holt, Rinehart & Winston of Canada Ltd.",[1964?],1964-01-01,1964-12-31,,,"23 cm: v, 314 p., graph.",,Comprend un index à la fin de l'ouvrage,Anglais,"Toronto, ON",Primaire|Intermédiaire,1ère à 8e année,
00000426,Patterns in Arithmetic 6 : Teachers' Guide,"HANWELL, Alfred P.","Cours d'arythmétique et de mathématiques Holt, Rinehart et Winston ; 6","Holt, Rinehart & Winston of Canada Ltd.",[1964?],1964-01-01,1964-12-31,,,"23 cm: vii, 120 p.",,,Anglais,"Toronto, ON",Primaire|Intermédiaire,1ère à 8e année,
00000427,Politique d'adoption du système métrique,Ministère de l'Éducation de l'Ontario,,Ministère de l'éducation de l'Ontario,[197-?],1970-01-01,1979-12-31,,,21 cm: 24 p.,,"Sur la couv. : publié avec l'autorisation du ministre de l'Éducation, l'honorable Thomas L. Wells",Français,"Toronto, ON",,,
00000428,Self-Teaching Flash Cards : no. 2138,,,Kenworthy Educational Service,[1948?],1948-01-01,1948-12-31,,,16 cm: env. 90 p.,,,Anglais,"Buffalo, NY",Intermédiaire,7e année,
00000429,"Cinq Types d'opérations linguistiques : addition, soustraction, permutation, commutation, transformation","SIMARD, Claude |GOSSELIN, Michèle|PERRON, Nicole|POULIN, Daniel",,s.n.,[19--?],1899-12-31,1999-12-31,,,30 cm: 44 p.,,,Français,,,,
00000430,La Lecture sous toutes ses formes,"CANAC-MARQUIS, Jean",,s.n.,[19--?],1899-12-31,1999-12-31,,,"28 cm: 36 p., tableaux",,,Français,,Primaire|Intermédiaire,"10 à 12 ans, 7e niveau",
00000431,Teacher's Commentary for Mathematics 9,"COLEMAN, A. J.",,W. J. Gage & Co. Ltd.,[1963?],1963-01-01,1963-12-31,,,"23 cm: 118 p., tableaux",,,Anglais,"Toronto, ON",Secondaire,9e année,
00000432,Teacher's Commentary for Mathematics 10,"COLEMAN, A. J.",,W. J. Gage & Co. Ltd.,[1963?],1963-01-01,1963-12-31,,,"23 cm: 92 p., graph. et tableaux",,,Anglais,"Toronto, ON",Secondaire,[10e année],
00000433,Algèbre : éléments de mathématiques modernes,"FILION, R.|VAILLANCOURT, R.|THÉORÊT, J.|COLEMAN, A. J.",,Gage Ltd.,[1980?],1980-01-01,1980-12-31,,,"cm: xi, 539 p., graph.",,Comprend un index à la fin de l'ouvrage. -- ISBN 0-7715-2444-7,Français,"Toronto, ON",,,
00000434,Algèbre et notions d'analyse : éléments de statistique : classe de première A,"LEBOSSÉ, C.|HÉMERY, C.|FAURE, P.",Lebossé et Hémery,Fernand Nathan,[1966?],1966-01-01,1966-12-31,,,"24 cm: 175 p., graph. et tableaux",,Sur la p. de t. : programme 1966. -- Comprend des tables à la fin de l'ouvrage,Français,"Paris, FR",Système français,"2e cycle, 1er A",
00000435,Algèbre et statistique : classe de première B,"LEBOSSÉ, C.|HÉMERY, C.|FAURE, P.",Lebossé et Hémery,Fernand Nathan,[1967?],1967-01-01,1967-12-31,,,"24 cm: 352 p., graph. et tableaux",,Sur la p. de t. : programme 1966. -- Comprend des tables à la fin de l'ouvrage,Français,"Paris, FR",Système français,"2e cycle, 1er B",
00000436,Algèbre et notions d'analyse : classe de première C et D,"LEBOSSÉ, C.|HÉMERY, C.",Lebossé et Hémery,Fernand Nathan,[1967?],1967-01-01,1967-12-31,,,"24 cm: 336 p., graph. et tableaux",,Sur la p. de t. : programme 1966. -- Comprend des tables à la fin de l'ouvrage,Français,"Paris, FR",Système français,"2e cycle, 1er C et D",
00000437,Passeport mathématique : livre du maître : 4,"CATHCART, W. George|LANGLAIS, Jacques|BUREAU, Réjean|DEL GRANDE, John|EYRE, Brian|POPESKI, Arnold",,Éditions du Trécarré,[1984?],1984-01-01,1984-12-31,,,"30 cm: xviii, 8, 377 p., ill., graph. et tableaux",,Trad. de : It's Mathematics 4. -- Comprend un index à la fin de l'ouvrage. -- ISBN 2-89249-047-2,Français,"Montréal, QC",Primaire,4e année,
00000438,Passeport mathématique : livre du maître : 5,"CATHCART, W. George|LANGLAIS, Jacques|BUREAU, Réjean|DEL GRANDE, John|EYRE, Brian|POPESKI, Arnold",,Éditions du Trécarré,[1984?],1984-01-01,1984-12-31,,,"30 cm: xix, 8, 372 p., ill., graph. et tableaux",,Trad. de : It's Mathematics 5. -- Comprend un index à la fin de l'ouvrage. -- ISBN 2-89249-050-2,Français,"Montréal, QC",Primaire,5e année,
00000439,Passeport mathématique : livre du maître : 6,"CATHCART, W. George|LANGLAIS, Jacques|BUREAU, Réjean|DEL GRANDE, John|EYRE, Brian|POPESKI, Arnold",,Éditions du Trécarré,[1984?],1984-01-01,1984-12-31,,,"30 cm: xx, 8, 362 p., ill., graph. et tableaux",,Trad. de : It's Mathematics 6. -- Comprend un index à la fin de l'ouvrage. -- ISBN 2-89249-053-7,Français,"Montréal, QC",Primaire,6e année,
00000440,L'univers mathématique 1,"ELLIOT, H. A.|BYE, Marshall P.|HANWELL, Alfred P.|NEUFELD, K. A.",,Éditions H.R.W. ltée.,1978,1978-01-01,1978-12-31,1905-06-03,Éditions SI,"21 cm: v, 346 p., ill., graph. et tableaux (certains en coul.)",,Comprend un index à la fin de l'ouvrage,Français,"Montréal, QC",,,
00000441,Canada : Trial and Triumph,"CREIGHTON, Luella Bruce",Aldine History Series ; 2,J. M. Dent & Sons Canada Ltd.,[1963?],1963-01-01,1963-12-31,,,"22 cm: x, 386 p., ill.",,Comprend une bibliogr. et un index à la fin de l'ouvrage,Anglais,"Toronto, ON",,,
00000442,Daily Life in Early Canada,"DOUVILLE, Raymond|CASANOVA, Jacques-Donat|CONGREVE, Carola",,MacMillan and Co. Ltd.,[1967?],1967-01-01,1967-12-31,,,"21 cm: 224 p., ill.",,Comprend un index à la fin de l'ouvrage,Anglais,"New York, NY",,,
00000443,The Geography of the Antlantic Provinces,"DUNPHY, Clifford R.",,W. J. Gage & Co. Ltd.,[1965?],1965-01-01,1965-12-31,,2e éd.,"24 cm: ix, 214 p., ill. et cartes",,"Comprend un glossaire, une bibliogr. et un index à la fin de l'ouvrage",Anglais,"Toronto, ON",,,
00000444,Finding New Homes in Canada,"GUILLET, Edwin C.|MCEWEN, Jessie E.",Highroads of Canadian History Series ; 2,Thomas Nelson & Sons Ltd.,[1938?],1938-01-01,1938-12-31,,,"20 cm: iv, 248 p., ill.",,,Anglais,"Toronto, ON",,,
00000445,Canadian Heroes of Pioneer Days,"BURNS MCKINLEY, Mabel",The Maple Leaf Series,"Longmans, Green & Company",1930,1930-01-01,1930-12-31,,,"19 cm: viii, 119 p., ill.",,Sur la p. de t. : endorsed by the Imperial Order Daughters of the Empire,Anglais,"Toronto, ON",,,
00000446,The Hudson's Bay Company,"MORENUS, Ricard|BARTON, Marry L.",,E. M. Hale and Company,[1956?],1956-01-01,1956-12-31,,,"21 cm: v, 183 p., ill. (certaines en coul.)",,Comprend un index à la fin de l'ouvrage,Anglais,"Eau Claire, WO",,,
00000447,A Source-Book of Canadian history,"STEWARD REID, J. H.|MCNAUGHT, Kenneth|CROWE, Harry S.",,"Longmans, Green & Company",[1959?],1959-01-01,1959-12-31,,,"26 cm: xvi, 472 p.",,Sur la p. de t. : Selected Documents and Personal Papers,Anglais,"Toronto, ON",,,
00000448,Nation of the North,"ROGERS, S. John|HARRIS, Donald F.|SAYWELL, John T.",The Background of Our Times Series 1 ; 2,"Clarke, Irwin & Company Ltd.",1967,1967-01-01,1967-12-31,,,"23 cm: 247 p., ill., graph. et cartes (certaines en coul.)",,Comprend un index à la fin de l'ouvrage,Anglais,"Toronto, ON",Intermédiaire,7e et 8e année,
00000449,Nation of the North : a Source Book for Teachers,"ROGERS, S. John|HARRIS, Donald F.",The Background of Our Times Series 1 ; 2,"Clarke, Irwin & Company Ltd.",1969,1969-01-01,1969-12-31,,,"28 cm: v, 68 p.",,Comprend une bibliogr. à la fin de l'ouvrage,Anglais,"Toronto, ON",Intermédiaire,7e et 8e année,
00000450,One Dominion Under the Name of Canada : the Story of Canada from 1800 to 1900,"TAIT, George E.|MOULD, Vernon",,The Ryerson Press,[1962?],1962-01-01,1962-12-31,,,"21 cm: xiii, 429 p., ill. et cartes (certaines en coul.)",,Comprend une bibliogr. et des index à la fin de l'ouvrage,Anglais,"Toronto, ON",,,
00000451,The Story of Newfoundland,"COCHRANE, J. A.",,Ginn and Company,[1938?],1938-01-01,1938-12-31,,,"20 cm: vi, 256 p., ill.",,Sur la p. de t. : authorized by the Department of education for use in the schools of Newfoundland. -- Comprend une bibliogr. et un index à la fin de l'ouvrage,Anglais,"Boston, MA|Montréal, QC",Intermédiaire,7e et 8e année,
00000452,Le Canada,"HAMELIN, Louis-Edmond",Magellan La Géographie et ses problèmes ; 28,Presses universitaires de France,1969,1969-01-01,1969-12-31,,,"19 cm: vi, 300 p., ill., tableaux et cartes",,Comprend une bibliogr. et des tables à la fin de l'ouvrage,Français,"Paris, FR",,,
00000453,Canada's Past in Pictures,"JEFFERYS, C. W.",,The Ryerson Press,[1934?],1934-01-01,1934-12-31,,,"31 cm: 131 p., ill.",,Le document n'est pas dans la boîte,Anglais,"Toronto, ON",,,
00000454,Histoire du monde actuel,"LEFEBVRE, André|ALLARD, Michel|VAILLANCOURT, Gilbert|LEFEBVRE, Bernard",L'Histoire au cours secondaire à partir du monde actuel,Guérin,[1974?],1974-01-01,1974-12-31,,,"15 x 22 cm: 261 p., ill., graph. et cartes (certaines en coul.)",,Manuel pour les élèves. -- Comprend une table et un index à la fin de l'ouvrage,Français,"Montréal, QC",Secondaire,Secondaire,
00000455,Histoire du monde actuel : guide pédagogique,"LEFEBVRE, André|ALLARD, Michel|VAILLANCOURT, Gilbert|LEFEBVRE, Bernard",L'Histoire au cours secondaire à partir du monde actuel,Guérin,[1975?],1975-01-01,1975-12-31,,,15 x 22 cm: 181 p.,,Manuel pour les professeurs. -- Comprend une bibliogr. à la fin de l'ouvrage,Français,"Montréal, QC",Secondaire,Secondaire,
00000456,Histoire et son enseignement,"LAHAISE, Robert|BÉRUBÉ, Renald|LEGRIS, Renée|PAGÉ, Pierre|LEFEBVRE, André|ALLARD, Michel",,Presses de l'Université du Québec,1970,1970-01-01,1970-12-31,,,20 cm: 176 p.,,Comprend des notes bibliogr. à la fin de l'ouvrage. -- ISBN 0-7770-0019-9,Français,Québec,,,
00000457,"Initiation à l'histoire à partir du monde actuel : secondaire I, secondaire II","LEFEBVRE, André|ALLARD, Michel|VAILLANCOURT, Gilbert|LEFEBVRE, Bernard|BÉLANGER, Adéle",L'Histoire au cours secondaire à partir du monde actuel,Guérin,[1971?],1971-01-01,1971-12-31,,,"21 x 28 cm: env. 103 p., ill.",,Manuel pour les élèves,Français,"Montréal, QC",Secondaire,Secondaire 1 et 2,
00000458,"Introduction à l'histoire à partir du monde actuel : secondaire I, secondaire II : guide pédagogique","LEFEBVRE, André|ALLARD, Michel|VAILLANCOURT, Gilbert|LEFEBVRE, Bernard|BÉLANGER, Adéle",L'Histoire au cours secondaire à partir du monde actuel,Guérin,[1971?],1971-01-01,1971-12-31,,,14 x 22 cm: 194 p.,,Manuel pour les professeurs,Français,"Montréal, QC",Secondaire,Secondaire 1 et 2,
00000459,Notre monde actuel,"CACHAT, Gérard",Histoire 512,Lidec Inc.,[1976?],1976-01-01,1976-12-31,,,"28 cm: 250 p., cartes",,,Français,"Montréal, QC",Secondaire,Secondaire,
00000460,Initiation à l'histoire/210 : une démarche historique,"RACETTE, Geneviève",,Guérin,[1975?],1975-01-01,1975-12-31,,,"23 cm: 171 p., ill., tableaux et cartes",,Comprend une table à la fin de l'ouvrage. -- ISBN 0-7764,Français,"Montréal, QC",Secondaire,Secondaire,
00000461,Les Travaux libres en histoire : une recherche,"RACETTE, Geneviève|JASMIN, Bernard",Groupe de recherche en didactique de l'histoire ; 4,Boréal express,1971,1971-01-01,1971-12-31,,,23 cm: 68 p.,,Comprend une bibliogr. à la fin de l'ouvrage,Français,"Trois-Rivières, QC",Secondaire,Secondaire,
00000462,Comment enseigner l'histoire : guide pour les professeurs de l'enseignement secondaire,"SAUCIER, Roger",,Centre de psychologie et de pédagogie,1966,1966-01-01,1966-12-31,,,"22 cm: 184 p., ill.",,"Comprend une bibliogr., une table et un index à la fin de l'ouvrage",Français,"Montréal, QC",,,
00000463,The French-Canadian Outlook : a Bried Account of the Unknown North Americans,"WADE, Mason",,The Viking Press,1947,1947-01-01,1947-12-31,,,19 cm: 192 p.,,Comprend un index à la fin de l'ouvrage,Anglais,"New York, NY",,,
00000464,Canada : le pays et ses habitants,"TOMKINS, Doreen Margaret|SABOURIN, Pascal",,Gage Ltd.,[1979?],1979-01-01,1979-12-31,,,"26 cm: ix, 371 p., ill., graph., tableaux et cartes",,"Comprend des tableaux, des listes, des définitions, une bibliogr. et un index à la fin de l'ouvrage. -- ISBN 0-7715-2464-1",Français,"Toronto, ON",,,
00000465,Villes et Villages du Canada,"CARROLL, James A.|MILBERRY, Larry|PLAIN, Elizabeth|DAY, Marilyn|OBLENDER, John|YANNAKIS, Christine",,Ginn and company,[1979?],1979-01-01,1979-12-31,,,"26 cm: 224 p., ill., graph. et cartes (certaines en coul.)",,Adaptation de Canadian Communities. -- ISBN 0-7702-0603-4,Français,,,,
00000466,La Francophonie nord-américaine 1 à 10,"GOSSELIN, Paul-Émile",,Secrétariat de l'Association de la jeunesse Candadienne-française,1973-1974,1973-01-01,1974-12-31,,,"29 cm: 212 p., cartes",,Comprend 10 cahiers reliés dans un cartable. -- Sur la p. de t. : Apprendre pour mieux servir,Français,"Lévis, QC",,,
00000467,L'Enseignement de l'histoire et de la géographie : dans les classes du premier cycle du second degré : programmes de 1969 et disciplines d'éveil,"GUILLOT, R.|DESPLANQUES, P.|POIGNANT, R.",,Annales du Centre de régional de recherche et de documentation pédagogiques d'Amiens,1972,1972-01-01,1972-12-31,,,29 cm: 43 p.,,Comprend un errata aux p. 12-13,Français,,Secondaire,Secondaire,Géographie|Histoire
00000468,Continents du Sud : pays et peuples,"ROUT, Vernon|GOSLING, Ross G.|KOBAYASHI, Fumi|CALOZ, Danièle",,Éditions éducatives Gage ltée.,[1978?],1978-01-01,1978-12-31,,,"26 cm: viii, 312 p., ill. et cartes (la plupart en coul.)",,"Comprend un vocabulaire, une liste et un index à la fin de l'ouvrage. -- ISBN 0-7715-2500-1",Français,,,,
00000469,An Introduction to English for French-Speaking Children,"BÉNÉTEAU, Yolande",,Longmans Canada Ltd.,[1964?],1964-01-01,1964-12-31,,,"21 cm: xii, 127",,Comprend un index à la fin de l'ouvrage,Anglais,"Toronto, ON",,,
00000470,Teaching English as a Second Language : a Methodology,"FOX, James|ELSON, Nicholas",,Ontario Citizenship Bureau Ministry of Community & Social Services,[1974?],1974-01-01,1974-12-31,,,"20 cm: 234 p., quelques ill.",,Sur la couv. : Special Issue of T.E.S.L. talk. -- Comprend une bibliogr. à la fin de l'ouvrage,Anglais,"Toronto, ON",,,
00000471,Lado English Series : workbook 1,"LADO, Robert|STACZEK, J.",,Centre éducatif et culturel inc.,[1971?],1971-01-01,1971-12-31,,Éd. canadienne,"28 cm: 64 p., ill.",,Sur la couv. : A Complete Course in English as a Second Language. -- Sur la p. de t. : specially adapted for Canadian schools,Anglais,"Montréal, QC",,,
00000472,Lado English Series : book 1,"LADO, Robert|KRESSE, Bill",,Centre éducatif et culturel inc.,[1971?],1971-01-01,1971-12-31,,Éd. canadienne,"22 cm: 214 p., ill.",,Sur la couv. : A Complete Course in English as a Second Language. -- Sur la p. de t. : specially adapted for Canadian schools. -- Comprend des index à la fin de l'ouvrage,Anglais,"Montréal, QC",,,
00000473,Lado English Series : workbook 2,"LADO, Robert|TREMBLAY, Roger",,Centre éducatif et culturel inc.,[1976?],1976-01-01,1976-12-31,,Éd nouv. et canadienne,"28 cm: 156 p., ill.",,Sur la couv. : A Complete Course in English as a Second Language. -- ISBN 0-7751-2086-3,Anglais,"Montréal, QC",,,
00000474,Lado English Series : book 2,"LADO, Robert|TREMBLAY, Roger|KRESSE, Bill|LEMIEUX, André",,Centre éducatif et culturel inc.,[1976?],1976-01-01,1976-12-31,,Éd. nouv. et canadienne,"28 cm: 276 p., ill. (certaines en coul.)",,Sur la couv. :  A Complete Course in English as a Second Language. -- Comprend un index à la fin de l'ouvrage.  -- ISBN 0-7751-2085-5,Anglais,"Montréal, QC",,,
00000475,Lado English Series : Teacher's Manual - guide du maître 2,"LADO, Robert|TREMBLAY, Roger",,Centre éducatif et culturel inc.,[1977?],1977-01-01,1977-12-31,,Éd. nouv. et canadienne,"28 cm: xl, 277 p., ill. (certaines en coul.)",,Textes juxtalinéaires en français et anglais. -- Sur la couv. : A Complete Course in English as a Second Language. -- Comprend un index à la fin de l'ouvrage. -- ISBN 0-7751-2087-1,Anglais|Français,"Montréal, QC",,,
00000476,Lado English Series : workbook 3,"LADO, Robert|TREMBLAY, Roger",,Centre éducatif et culturel inc.,[1976?],1976-01-01,1976-12-31,,Éd. nouv. et canadienne,"28 cm: 133 p., ill.",,Sur la couv. : A Complete Course in English as a Second Language. -- ISBN 0-7751-2090-1,Anglais,"Montréal, QC",,,
00000477,Lado English Series : workbook 3,"LADO, Robert|TREMBLAY, Roger|KRESSE, Bill",,Centre éducatif et culturel inc.,[1976?],1976-01-01,1976-12-31,,Éd. nouv. et canadienne,"22 cm: 251 p., ill.",,Sur la couv. : A Complete Course in English as a Second Language. -- ISBN 0-7751-2089-8,Anglais,"Montréal, QC",,,
00000478,Lado English Series : workbook 4,"LADO, Robert|TREMBLAY, Roger",,Centre éducatif et culturel inc.,[1976?],1976-01-01,1976-12-31,,Éd. nouv. et canadienne,"28 cm: 133 p., quelques ill.",,Sur la couv. : A Complete Course in English as a Second Language. -- ISBN 0-7751-2096-0,Anglais,"Montréal, QC",,,
00000479,The French-Canadian's Guide in English Grammar : with Exemple in French and English,"MCBRIARTY, W. J.",,Le Quotidien,[1935?],1935-01-01,1935-12-31,1936-05-13,,"23 cm: xv, 235 p.",,Sur la couv. : Cours primaire complémentaire - Cours primaire supérieur et préparatoire aux examens universitaires. -- Comprend des index à la fin de l'ouvrage,Anglais|Français,"Lévis, QC",Système français,Primaire complémentaire; supérieur; universitaire,
00000480,The Teaching of English to French-Speaking Pupils,,,The Ontario Publishing Co. Ltd.,1931,1931-01-01,1931-12-31,,,"19 cm: v, 282 p.",,Sur la p. de t. : Ontario Teachers' Manual,Anglais,"Toronto, ON",,,
00000481,En Route to English : a First Book for French-Speaking Children,"WATSON, Edward J.",,Longmans Canada Ltd.,[1964?],1964-01-01,1964-12-31,,,"24 cm: 217 p., ill.",,Comprend un index à la fin de l'ouvrage,Anglais,"Toronto, ON",,,
00000482,L'Enseignement de l'anglais à l'école élémentaire,"WESCOTT, Edson",Les Conférences pédagogiques ; vol.4 - no 2 - 1947-48,Centre de psychologie et de pédagogie,[19--?],1899-12-31,1999-12-31,,,23 cm: P. 19-26,,,Français,"Montréal, QC",Primaire,Primaire,
00000483,Modern Spanish : a Project of the Modern Language Association : instructor's manual,"BOLINGER, Dwight|CIRCUTI, Joan E.|MONTERO, Hugo H.",,"Harcourt, Brace & World Inc.",[1966?],1966-01-01,1966-12-31,,2e éd.,"23 cm: iv, 60 p.",,,Anglais,"New York, NY",,,
00000484,Espana ayer y boy,"BURNS, Adelaide",,George G. Harrap & Co. Ltd.,[1965?],1965-01-01,1965-12-31,,,"22 cm: xv, 262 p., ill. et cartes",,"Comprend un vocabulaire, un appendice et un index à la fin de l'ouvrage. -- ISBN 245 58428 5",Anglais|Espagnol,"London, UK|Toronto, ON",,,
00000485,L'Espagnol en 1re,"DARMANGEAT, Pierre|PUVELAND, Cécile|DARAN, Marie",,Classiques Hachette,[1967?],1967-01-01,1967-12-31,,,"21 cm: 350 p., ill.",,Comprend un avant-propos en français,Espagnol,"Paris, FR",Système français,1ère année (France),
00000486,L'Espagnol en 2e,"DARMANGEAT, Pierre|PUVELAND, Cécile|DARAN, Marie",,Classiques Hachette,1971,1971-01-01,1971-12-31,,,"21 cm: 349 p., ill.",,Comprend un avant-propos en français,Espagnol,"Paris, FR",Système français,2e année (France),
00000487,Sol y sombra : classe de 2e et de 1re,"DUVIOLS, Jean-Paul",,Bordas,[1972?],1972-01-01,1972-12-31,,,"23 cm: 383 p., ill.",,Comprend une préface en français. -- Comprend une carte au début de l'ouvrage. -- ISBN 2-04-005302-6,Espagnol,"Paris, FR",Système français,Secondaire 1 et 2 (France),
00000488,Sol y sombra : classe de 3e,"DUVIOLS, Jean-Paul",,Bordas,[1974?],1974-01-01,1974-12-31,,,"24 cm: 190 p., ill. et cartes",,Comprend une préface en français. -- ISBN 2-04-006679-9,Espagnol,"Paris, FR",Système français,Secondaire 3 (France),
00000489,Sol y sombra : classes terminales et 1er cycle de l'enseignement supérieur,"DUVIOLS, Pierre|DUVIOLS, Jean-Paul",,Bordas,[1970?],1970-01-01,1970-12-31,,,"23 cm: 319 p., ill. et cartes",,Comprend une préface en français. -- ISBN 2-04-005579-7,Espagnol,"Paris, FR",Système français,"Classes terminales et 1er cycle de l'enseignement supérieur, secondaire (France)",
00000490,El camino real : book two,"MOORE JARRETT, Edith",,Houghton Mifflin Company,[1971?],1971-01-01,1971-12-31,,3e éd.,"24 cm: xi, 612 p., ill., tableaux et cartes (certaines en coul.)",,"Comprend des appendices, des dictionnaires et un index à la fin de l'ouvrage. -- ISBN 0-395--12736-8",Espagnol,"Boston, MA",,,
00000491,Lado English Series : book 4,"LADO, Robert|TREMBLAY, Roger",,Centre éducatif et culturel inc.,[1977?],1977-01-01,1977-12-31,,Éd. canadienne,"22 cm: 210 p., ill. (certaines en coul.)",,Sur la couv. : A Complete Course in English as a Second Language. -- Comprend un vocabulaire et un index à la fin de l'ouvrage. -- ISBN 0-7751-2093-6,Anglais,"Montréal, QC",,,
00000492,Se habla espanol : hispanidad,"MARAVAL, M.|MICHEL, R.- J.",,Librairie Marcel Didier,[1958?],1958-01-01,1958-12-31,,,"22 cm: 525 p., ill. et cartes (certaines en coul.)",,Sur le dos du livre : III. -- Comprend une carte pliée en coul. à la fin de l'ouvrage,Espagnol,"Paris, FR",Système français,"2e cycle, classes terminales et supérieures (France)",
00000493,Se habla espanol : première année,"MARAVAL, M.|MICHEL, R.- J.|ECCOTT, A. C.",,Librairie Marcel Didier,[1963?],1963-01-01,1963-12-31,,Nouv. éd.,"22 cm: vii, 220 p., ill. et tableaux (certaines en coul.)",,Sur la p. de t. : nombreux textes d'auteurs. -- Comprend un index et un lexique à la fin de l'ouvrage,Espagnol,"Paris, FR",Primaire,1ère année,
00000494,Se habla espanol : deuxième année,"MARAVAL, M.|MICHEL, R.- J.|FERRER, A.",,Librairie Marcel Didier,[1964?],1964-01-01,1964-12-31,,,"22 cm: viii, 215 p., ill. (certaines en coul.)",,Sur la p. de t. : préparation au B.E.P.C. -- Comprend un vocabulaire et un index à la fin de l'ouvrage,Espagnol,"Paris, FR",Primaire,2e année,
00000495,La fuente hispana,"MARSHALL, Randall G.|SCHMITT, Conrad J.|WOODFORD, Protase E.",,McGraw-Hill,[1971?],1971-01-01,1971-12-31,,,"24 cm: ix, 454 p., ill.",,Préface en anglais. -- Comprend un vocabulaire à la fin de l'ouvrage,Espagnol,"New York, NY",,,
00000496,English Composition Let's Talk ! Let's Write ! : book one : pupil's manual,"MCCOY, Marie",,Guérin,[1979?],1979-01-01,1979-12-31,,,"24 cm: xi, 89 p., ill. en coul.",,Sur la p. de t. : le Conseil des écoles séparées catholiques romaines du district de Sudbury,Anglais,"Montréal, QC",Primaire|Intermédiaire,Primaire; intermédiaire,
00000497,English Composition Let's Talk ! Let's Write ! : book two : pupil's manual,"MCCOY, Marie",,Guérin,[1978?],1978-01-01,1978-12-31,,,"23 cm: xv, 203 p., ill. (certaines en coul.)",,Sur la p. de t. : le Conseil des écoles séparées catholiques romaines du district de Sudbury. -- ISBN 0-7764,Anglais,"Montréal, QC",Primaire|Intermédiaire,Primaire; intermédiaire,
00000498,English Composition Let's Talk ! Let's Write ! : book three : pupil's manual,"MCCOY, Marie",,Guérin,[1979?],1979-01-01,1979-12-31,,,"24 cm: xvii, 163 p., ill. en coul.",,Sur la p. de t. : le Conseil des écoles séparées catholiques romaines du district de Sudbury. -- ISBN 2-7601-0137-1,Anglais,"Montréal, QC",Primaire|Intermédiaire,Primaire; intermédiaire,
00000499,Calidoscopio espanol,"O'NEAL, Robert D.|BURDICK, Marina Garcia",,Ginn and Company,[1971?],1971-01-01,1971-12-31,,,"24 cm: viii, 367 p., ill. en coul.",,Préface en anglais. -- Comprend un appendice et un vocabulaire à la fin de l'ouvrage.-- ISBN 0-663-24120-0,Espagnol,,Secondaire,"Advanced level in high school, junior college and in intermediate senior college course",
00000500,Writing Modern Spanish : a Project of the Modern Language Association,"RICHARD, Frederick S.|KRUTZFELDT, Guillermo",,"Harcourt, Brace & World Inc.",[1966?],1966-01-01,1966-12-31,,2e éd.,"23 cm: vii, 256 p.",,Sur la couv. : a Student Manual for Modern Spanish,Espagnol,"New York, NY",,,
00000501,Adelante : Nuffield Introductory Spanish Course : teachers book stage 1,"ROWLANDS, D.|AMODIA, J.|MANSERGH, D.",,Macmillan Education Ltd.,1974,1974-01-01,1974-12-31,,,23 cm: 99 p.,,Comprend un index et un appendice à la fin de l'ouvrage. -- ISBN 333 09568 5,Anglais|Espagnol,,Secondaire,Secondaire,
00000502,The Sounds of English and Spanish,"STOCKWELL, Robert P.|BOWEN, J. Donald|FERGUSON, Charles A.",Contrastive Structure Series ; 3,The University of Chicago Press,[1965?],1965-01-01,1965-12-31,,,"24 cm: xi, 168 p.",,"Sur la couv. : A Systematic Analysis of the Contrasts Between the Sound Systems. -- Comprend un appendice, un glossaire et un index à la fin de l'ouvrage",Anglais|Espagnol,"Chicago, IL|London, UK",,,Anglais|Espagnol
00000503,Time for Poetry,"ARBUTHNOT, May Hill|BAHNC, Salcia",,W. J. Gage & Co. Ltd.,[1951?],1951-01-01,1951-12-31,,,"22 cm: 438 p., quelques ill.",,Sur la p. de t. : A Teacher's Anthology to Accompany the New Basic Readers Curriculum Foundation Series. -- Comprend des index à la fin de l'ouvrage,Anglais,"Toronto, ON",,,Anglais|Littérature
00000504,Words and ideas 1,"BAKER, Harold S.",,W. J. Gage & Co. Ltd.,[1951?],1951-01-01,1951-12-31,,,"21 cm: x, 181 p., ill.",,Comprend un index à la fin de l'ouvrage,Anglais,"Toronto, ON",,,
00000505,Fables and Stories for Beginners,"DODD, E. J.",,Macmillan and Co. Ltd.,1955,1955-01-01,1955-12-31,,,"18 cm: 36 p., ill.",,,Anglais,"London, UK",,,
00000506,The Classic Myths in English Literature and in Art,"MILLS GAYLEY, Charles",,Ginn and Company,[1911?],1911-01-01,1911-12-31,,"Éd. nouv., révisée et élargie","20 cm: xli, 597 p., ill.",,"Sur la p. de t. : Based Originally on Bulfinch ""Age of Fable""(1855). -- Comprend des index à la fin de l'ouvrage",Anglais,"Boston, MA",,,
00000507,The New Fun with Dick and Jane,"GRAY, William S.|HILL ARBUTHNOT, May|STERL ARTLEY, A.|WARD, Keith|CAMPBELL, Eleanor",Curriculum Foundation Series,W. J. Gage & Co. Ltd.,[19--?],1899-12-31,1999-12-31,,,"21 cm: 160 p., ill. en coul.",,Sur la couv. : The New Basic Readers,Anglais,"Toronto, ON",Primaire,1er degré du programme : The New Basic Reading Program,
00000508,Guidebook to Accompany the New People and Progress,"GRAY, William S.",Curriculum foundation series,W. J. Gage & Co. Ltd.,[19--?],1899-12-31,1999-12-31,,,"20 cm: 366 p., ill.",,"Sur la couv. : the new basic readers. -- Comprend un vocabulaire, un appendice, un index et une bibliogr. à la fin de l'ouvrage",Anglais,"Toronto, ON",,,
00000509,Highroads to Reading : book four,,,W. J. Gage & Co. Ltd.; Thomas Nelson & Sons Ltd.,1934,1934-01-01,1934-12-31,,,"19 cm: 320 p., ill. (certaines en coul.)",,Comprend un dictionnaire à la fin de l'ouvrage,Anglais,"Toronto, ON",,,
00000510,Little Journeys : to the Home of the Great,"HUBBARD, Elbert",,Wm. H. Wise & Co.,[1916?],1916-01-01,1916-12-31,,Memorial éd.,"22 cm: 435 p., ill.",,,Anglais,"New York, NY",,,
00000511,Grammar Practice,"MARTYN, H. G.",,The Copp Clark Company Ltd.,[1935?],1935-01-01,1935-12-31,,,"22 cm: iii, 44 p., ill.",,,Anglais,"Toronto, ON",Primaire,5e et 6e année,
00000512,The Tale of a Chick,"MCCLURE, Mary W.|BRISLEY, Nina K.",Simple Reading Steps ; 16,s.n.,[19--?],1899-12-31,1999-12-31,,,"19 cm: 12 p., ill. en coul.",,Sur la couv. : Step 16,Anglais,,,,
00000513,The New Times and Places,"GRAY, William S.",Curriculum Foundation Series,W. J. Gage & Co. Ltd.,[19--?],1899-12-31,1999-12-31,,,"21 cm: 480 p., ill. en coul.",,Sur la couv. : The New Basic Readers. -- Comprend un glossaire à la fin de l'ouvrage,Anglais,"Toronto, ON",Primaire,4e année,
00000514,English is Our Language 3,"STERLING, Edna L.|LINDAHL, Hannah M.|KOCH, Katharine|BAILEY-JONES, Beryl",,D. C. Heath and Company,[1950?],1950-01-01,1950-12-31,,,"21 cm: xiv, 274 p., ill. (certaines en coul.)",,Comprend un index à la fin de l'ouvrage,Anglais,"Boston, MA",,,
00000515,English is Our Language 4,"STERLING, Edna L.|LINDAHL, Hannah M.|KOCH, Katharine|MERWIN, Decie",,D. C. Heath and Company,[1950?],1950-01-01,1950-12-31,,,"21 cm: xiv, 306 p., ill. (certaines en coul.)",,Comprend un index à la fin de l'ouvrage,Anglais,"Boston, MA",,,
00000516,English is Our Language 5,"STERLING, Edna L.|LINDAHL, Hannah M.|KOCH, Katharine|FLOETHE, Richard",,D. C. Heath and Company,[1950?],1950-01-01,1950-12-31,,,"21 cm: xv, 319 p., ill. (certaines en coul.)",,Comprend un index à la fin de l'ouvrage,Anglais,"Boston, MA",,,
00000517,English is Our Language 6,"STERLING, Edna L.|RICE, Mabel F.|GOSS, John",,D. C. Heath and Company,[1950?],1950-01-01,1950-12-31,,,"21 cm: xv, 336 p., ill. (certaines en coul.)",,,Anglais,"Boston, MA",,,
00000518,English is Our Language 7,"STERLING, Edna L.|RICE, Mabel F.|LEAFGREEN, Ethel A.|WATSON, Aldren",,D. C. Heath and Company,[1950?],1950-01-01,1950-12-31,,,"21 cm: xiii, 370 p., ill. (certaines en coul.)",,,Anglais,"Boston, MA",,,
00000519,Teaching Canadian Children to Read : Teachers' Manual for Happy Highways 4,"JOHNSON, F. H.|COVELL, H. M.|DEWAR, Gudrun|DICKIE, Donalda",,J. M. Dent & Sons Canada Ltd.,[1962?],1962-01-01,1962-12-31,,,"21 cm: vi, 234 p.",,Comprend des appendices à la fin de l'ouvrage,Anglais,"Toronto, ON",,,
00000520,Guidebook to Accompany The New Before we Read,"GRAY, William S.",,W. J. Gage & Co. Ltd.,[19--?],1899-12-31,1999-12-31,,,23 x 30 cm: 96 p.,,Sur la couv. : The New Basic Readers. -- Comprend une bibliogr. et un index à la fin de l'ouvrage,Anglais,"Toronto, ON",,,
00000521,Guidebook We Read More Pictures,"GRAY, William S.",Curriculum Foundation Series,"Scott, Foresman and Company",[1951?],1951-01-01,1951-12-31,,,"23 x 30 cm: 48, 48 p., ill. (certaines en coul.)",,Sur la couv. : Teacher's Edition. -- Sur la p. de t. : The New Basic Readers. -- Comprend un index à la fin de l'ouvrage,Anglais,"Chicago, IL",,,
00000522,Guidebook for We Read Pictures,"GRAY, William S.",Curriculum Foundation Series,"Scott, Foresman and Company",[1951?],1951-01-01,1951-12-31,,,"23 x 30 cm: 79, 48 p., ill. (certaines en coul.)",,Sur la couv. : Teacher's Edition. -- Sur la p. de t. : The New Basic Readers. -- Comprend un index à la fin de l'ouvrage,Anglais,"Chicago, IL",,,
00000523,Guidebook for We Read Pictures,"GRAY, William S.",Curriculum Foundation Series,"Scott, Foresman and Company",[1956?],1956-01-01,1956-12-31,,,"23 x 30 cm: 79, 48 p., ill. (certaines en coul.)",,Sur la couv. : Teacher's Edition. -- Sur la p. de t. : The New Basic Readers. -- Comprend un index à la fin de l'ouvrage,Anglais,"Chicago, IL",,,
00000524,Guidebook to Accompany Just imagine,"GRAY, William S.|MONROE, Marion|STERL ARTLEY, A.",Curriculum Foundation Series,"Scott, Foresman and Company",[1953?],1953-01-01,1953-12-31,,,"20 cm: 287 p., quelques ill.",,Sur la couv. : The New Basic Readers. -- Comprend un index à la fin de l'ouvrage,Anglais,"Toronto, ON",Intermédiaire,Middle grade,
00000525,Just Imagine,"GRAY, William S.|MONROE, Marion|STERL ARTLEY, A.",Curriculum Foundation Series,W. J. Gage & Co. Ltd.,[1953?],1953-01-01,1953-12-31,,,"21 cm: 255 p., ill. en coul.",,Sur la couv. : The New Basic Readers. -- Comprend un vocabulaire à la fin de l'ouvrage,Anglais,"Toronto, ON",Intermédiaire,Middle grade,
00000526,Think-and-Do Book to Accompany Just Imagine,"GRAY, William S.|MONROE, Marion|STERL ARTLEY, A.|HURFORD, Miriam|HURFORD, Arch",Curriculum Foundation Series,"Scott, Foresman and Company",[1953?],1953-01-01,1953-12-31,,,"28 cm: 80 p., ill.",,Sur la couv. : Teachers' Edition. -- Sur la p. de t. : The New Basic Readers. -- Comprend un index à la fin de l'ouvrage,Anglais,"Chicago, IL",,,
00000527,Think-and-Do Book to Accompany The New Friends and Neighbors,"GRAY, William S.|MONROE, Marion|STERL ARTLEY, A.|HURFORD, Miriam|HURFORD, Arch",Curriculum Foundation Series,W. J. Gage & Co. Ltd.,[19--?],1899-12-31,1999-12-31,,,"28 cm: 80 p., ill.",,Sur la couv. : The New Basic Readers. -- Comprend un index à la fin de l'ouvrage,Anglais,"Toronto, ON",,,
00000528,Think-and-Do Book to Accompany The New Fun with Dick and Jane,"GRAY, William S.|MONROE, Marion|STERL ARTLEY, A.|HURFORD, Miriam|HURFORD, Arch",Curriculum Foundation Series,"Scott, Foresman and Company",[1951?],1951-01-01,1951-12-31,,,"28 cm: 80 p., ill.",,Sur la couv. : The New Basic Readers. -- Comprend un index à la fin de l'ouvrage,Anglais,"Chicago, IL",,,
00000529,Think-and-Do Book to Accompany The New More Friends and Neighbors,"GRAY, William S.|MONROE, Marion|STERL ARTLEY, A.|HURFORD, Miriam|HURFORD, Arch",Curriculum Foundation Series,W. J. Gage & Co. Ltd.,[19--?],1899-12-31,1999-12-31,,,"28 cm: 80 p., ill.",,Sur la couv. : The New Basic Readers. -- Comprend un index à la fin de l'ouvrage,Anglais,"Toronto, ON",,,
00000530,Think-and-Do Book to Accompany The New More Streets and Roads,"GRAY, William S.|MONROE, Marion|STERL ARTLEY, A.|HURFORD, Miriam|HURFORD, Arch",Curriculum Foundation Series,W. J. Gage & Co. Ltd.,1956,1956-01-01,1956-12-31,,,"28 cm: 80 p., ill.",,Sur la couv. : The New Basic Readers. -- Comprend un index à la fin de l'ouvrage,Anglais,"Toronto, ON",,,
00000531,Think-and-Do Book to Accompany The New Our New Friends,"GRAY, William S.|MONROE, Marion|STERL ARTLEY, A.|HURFORD, Miriam|HURFORD, Arch",Curriculum Foundation Series,W. J. Gage & Co. Ltd.,[19--?],1899-12-31,1999-12-31,,,"28 cm: 80 p., ill.",,Sur la couv. : The New Basic Readers. -- Comprend un index à la fin de l'ouvrage,Anglais,"Toronto, ON",,,
00000532,Think-and-Do Book to Accompany The New Streets and Roads,"GRAY, William S.|MONROE, Marion|STERL ARTLEY, A.|HURFORD, Miriam|HURFORD, Arch",Curriculum Foundation Series,"Scott, Foresman and Company",[1956?],1956-01-01,1956-12-31,,,"28 cm: 80 p., ill.",,Sur la couv. : The New Basic Readers. -- Comprend un index à la fin de l'ouvrage,Anglais,"Chicago, IL",,,
00000533,Think-and-Do Book to Accompany The Three Pre-Primer,"GRAY, William S.|MONROE, Marion|STERL ARTLEY, A.|HURFORD, Miriam|HURFORD, Arch",Curriculum Foundation Series,W. J. Gage & Co. Ltd.,1956,1956-01-01,1956-12-31,,,"28 cm: 80 p., ill.",,"Sur la couv. : Think-and-Do book to Accompany The New We Look and See, We Work and Play, We come and Go. -- Sur la p. de t. : The New Basic Readers. -- Comprend un index à la fin de l'ouvrage",Anglais,"Toronto, ON",,,
00000534,Exercises in English,"KARR, W. J.",,The Copp Clark Publishing Co. Ltd.,[1934?],1934-01-01,1934-12-31,,,"20 cm: vi, 213 p.",,,Anglais,"Vancouver, C-B",,,
00000535,Stories to Read and Tell : (first series),"KARR, W. J.",,The Copp Clark Publishing Co. Ltd.,[1932?],1932-01-01,1932-12-31,,,17 cm: 90 p.,,,Anglais,"Vancouver, C-B",,,
00000536,Stories to Read and Tell : (second series),"KARR, W. J.",,The Copp Clark Company Ltd.,[1932?],1932-01-01,1932-12-31,,,17 cm: 142 p.,,,Anglais,"Toronto, ON",,,
00000537,Guidebook for Teachers for the New Throught the Green Gate,"O'DONNELL, Mabel",,"Row, Peterson and Company",[1949?],1949-01-01,1949-12-31,,,19 cm: 159 p.,,"Sur la p. de t. : The Alice and Jerry Basic Readers, Reading Foundation Program",Anglais,"Evanston, IL",,,
00000538,A Handbook of Composition : for senior matriculation,"BROWN, Douglas M.",,"Clarke, Irwin & Company Ltd.",[1953?],1953-01-01,1953-12-31,,,"18 cm: iii, 156 p.",,Comprend un index à la fin de l'ouvrage,Anglais,"Toronto, ON",Secondaire,Senior,
00000539,Language Comes Alive 7,"CARVER, F. L.|MEAD ELLIOTT, K.|RITTENHOUSE, Charles|COUTTS, H. T.|ELLIOTT, C. M.|MERLE SMITH, John",,J. M. Dent & Sons Canada Ltd.,[1961?],1961-01-01,1961-12-31,,,"23 cm: xxii, 156 p., ill. (certaines en coul.)",,Comprend une bibliogr. au début de l'ouvrage. -- Comprend un index à la fin de l'ouvrage,Anglais,"Toronto, ON",Intermédiaire,7e année,
00000540,English Grammar and Exercises : book I,,,Brothers of the Sacred Heart,[1929?],1929-01-01,1929-12-31,1934,,"19 cm: ix, 236 p.",,Comprend des appendices et un index à la fin de l'ouvrage,Anglais,"Montréal, QC",Secondaire,High School,
00000541,Words are Important : First Book of Vocabulary Improvement,"HARDWICK, H. C.",,The Book Society of Canada Ltd.,[1948?],1948-01-01,1948-12-31,,,23 cm: 51 p.,,Comprend un index à la fin de l'ouvrage,Anglais,"Toronto, ON",Secondaire,Secondaire,
00000542,Words are Important : Second Book of Vocabulary Improvement,"HARDWICK, H. C.",,The Book Society of Canada Ltd.,[1949?],1949-01-01,1949-12-31,,,23 cm: 51 p.,,Comprend un index à la fin de l'ouvrage,Anglais,"Toronto, ON",Secondaire,Secondaire,
00000543,Words are Important : Introductory Book of Vocabulary Improvement,"HARDWICK, H. C.",,The Book Society of Canada Ltd.,[1949?],1949-01-01,1949-12-31,,,23 cm: 51 p.,,Comprend un index à la fin de l'ouvrage,Anglais,"Agincourt, ON",Secondaire,Secondaire,
00000544,Words are Important : Introductory Book of Vocabulary Improvement,"HARDWICK, H. C.",,The Book Society of Canada Ltd.,[1951?],1951-01-01,1951-12-31,,,23 cm: 51 p.,,Comprend un index à la fin de l'ouvrage,Anglais,"Agincourt, ON",Secondaire,Secondaire,
00000545,Words are Important : Introductory Book of Vocabulary Improvement,"HARDWICK, H. C.",,The Book Society of Canada Ltd.,[1959?],1959-01-01,1959-12-31,,Éd. simplifié,"23 cm: 64 p., ill.",,Comprend un index à la fin de l'ouvrage,Anglais,"Agincourt, ON",Secondaire,Secondaire,
00000546,Word Family Speller : grade 4,"HARDWICK, W. E.",,The Book Society of Canada Ltd.,[1959?],1959-01-01,1959-12-31,,,"21 cm: 57 p., ill.",,Sur la p. de t. : approved for use in the schools of the Province of Ontario,Anglais,"Agincourt, ON",Primaire,4e année,
00000547,Word Family Speller : grade 5,"HARDWICK, W. E.",,The Book Society of Canada Ltd.,[1960?],1960-01-01,1960-12-31,,,21 cm: 64 p.,,Sur la p. de t. : approved for use in the schools of the Province of Ontario,Anglais,"Agincourt, ON",Primaire,5e année,
00000548,Word Family Speller : grade 6,"HARDWICK, W. E.",,The Book Society of Canada Ltd.,[1960?],1960-01-01,1960-12-31,,,21 cm: 64 p.,,Sur la p. de t. : approved for use in the schools of the Province of Ontario,Anglais,"Agincourt, ON",Primaire,6e année,
00000549,Word Family Speller : grade 7,"HARDWICK, W. E.",,The Book Society of Canada Ltd.,[1960?],1960-01-01,1960-12-31,,,21 cm: 72 p.,,Sur la p. de t. : approved for use in the schools of the Province of Ontario,Anglais,"Agincourt, ON",Intermédiaire,7e année,
00000550,Word Family Speller : grade 8,"HARDWICK, W. E.",,The Book Society of Canada Ltd.,[1960?],1960-01-01,1960-12-31,,,21 cm: 94 p.,,,Anglais,"Agincourt, ON",Intermédiaire,8e année,
00000551,Grammar is Important : a Basic Course for Canadian Schools,"MCGUIRE, A. W.",,The Book Society of Canada Ltd.,[1949?],1949-01-01,1949-12-31,,,"21 cm: x, 182 p.",,Comprend un appendice et un index à la fin de l'ouvrage,Anglais,"Agincourt, ON",Intermédiaire|Secondaire,7e à 9e année,
00000552,English Practice for Secondary Schools,"MCLEOD, Norman",,The Copp Clark Publishing Co. Ltd.,[1941?]-[1956?],1941-01-01,1956-12-31,,Éd. révisée,"23 cm: xii, 289 p., ill.",,Comprend des appendices et un index à la fin de l'ouvrage,Anglais,"Vancouver, C-B",Secondaire,9e et 10e année,
00000553,Teacher's Resource Book to Accompany English Through Experience,"NELSON, G. A.|NELSON, N. E.",,The Copp Clark Publishing Co. Ltd.,[1968?],1968-01-01,1968-12-31,,,23 cm: 78 p.,,,Anglais,"Toronto, ON",Intermédiaire,7e année,
00000554,Sense and Feeling,"SCOTT, R. J.|HUMPHRIES, D. G.|BAGSHAW, Ruth",,The Copp Clark Publishing Co. Ltd.,[1968?],1968-01-01,1968-12-31,,,"23 cm: viii, 533 p., ill. (certaines en coul.)",,,Anglais,"Vancouver, C-B",,,
00000555,A Teachers' Source Book Sense and Feeling,"SCOTT, R. J.|HUMPHRIES, D. G.",,The Copp Clark Publishing Co. Ltd.,[1970?],1970-01-01,1970-12-31,,,"23 cm: xv, 61 p.",,,Anglais,"Vancouver, C-B",Intermédiaire|Secondaire,12 à 14 ans,
00000556,Language Comes Alive 5,"RITTENHOUSE, Charles|AUSTIN, Peter|COUTTS, H. T.|HORNICK, Philip A.|HUDSON, Evelyn|MERLE SMITH, John|BAGSHAW, Ruth",,J. M. Dent & Sons Canada Ltd.,[1959?],1959-01-01,1959-12-31,,,"23 cm: ix, 280 p., ill. en coul.",,Comprend une bibliogr. au début de l'ouvrage. -- Comprend un index à la fin de l'ouvrage,Anglais,"Toronto, ON",Primaire,5e année,
00000557,Wuthering Heights,"BRONTË, Emily",,"Book, Inc.",[1930?],1930-01-01,1930-12-31,,Art type,19 cm: 388 p.,,Sur la p. de t. : The World's Popular Classics. -- Comprend une note et des questions biographiques,Anglais,"New York, NY",,,
00000558,Captain Cook's : Voyage of Discovery,,,J. M. Dent & Sons Limited,[19--?],1899-12-31,1999-12-31,,,17 cm: 128 p.,,Sur la couv. : The Temple Continuous Readers,Anglais,"London, UK",,,
00000559,Pillar of SAmoke,"CRICHTON, John",,The Musson Book Company Ltd.,[1925?],1925-01-01,1925-12-31,,,20 cm: 90 p.,,,Anglais,"Toronto, ON",,,
00000560,Models and Projects for English Composition,"DITLZ, B. C.",,"Clarke, Irwin & Company Ltd.",1932,1932-01-01,1932-12-31,,,"19 cm: ix, 302 p.",,Comprend un appendice et un index à la fin de l'ouvrage,Anglais,"Toronto, ON",Intermédiaire,"Middle School Students, Upper School Classes",
00000561,English Literature (Four Years),"WRIGHT, K. W.",Oxford Review Series,Oxford Book Company,[1929?],1929-01-01,1929-12-31,,,19 cm: 239 p.,,,Anglais,"New York, NY",,,
00000562,Prose for Senior Students : an Anthology of Short Stories and Essays,"GILL, J. L.|NEWELL, L. H.",,Macmillan and Co. of Canada Ltd.,1960,1960-01-01,1960-12-31,,Éd. révisée,22 cm: 426 p.,,Comprend des notes à la fin de l'ouvrage,Anglais,"Toronto, ON",Secondaire,Senior students,
00000563,English Composition,"IRWIN, H. W.|VAN EVERY, J. F.",,The Copp Clark Company Ltd.,[1921?],1921-01-01,1921-12-31,,,"20 cm: 320 p., ill.",,Sur la p. de t. : authorized by the minister of education for Ontario,Anglais,"Toronto, ON",Secondaire,High School,
00000564,Poems Worth Knowing,"LEWIS, C. E.|BENNETT, John|MORGAN, John S.",,The Copp Clark Publishing Co. Ltd.,[1958?],1958-01-01,1958-12-31,,Révisée,"20 cm: xix, 162 p.",,"Comprend un index au début de l'ouvrage. -- Comprend des biographies, des notes et un index à la fin de l'ouvrage",Anglais,"Vancouver, C-B",Secondaire,11e et 12e année,
00000565,"Life and Literature : book one : grade seven (fourth Form, Junior Grade)",,,W. J. Gage & Co. Ltd.,[19--?],1899-12-31,1999-12-31,,,"20 cm: 448 p., ill.",,Sur la p. de t. : authorized by the Minister of Education for Ontario,Anglais,"Toronto, ON",Intermédiaire,7e année,
00000566,"Life and Literature : book two : grade eight (Fourth Form, Senior Grade)",,,Thomas Nelson & Sons Ltd.; The educational Book Company Ltd.,1937,1937-01-01,1937-12-31,,,"20 cm: 480 p., ill.",,Sur la p. de t. : authorized by the Minister of Education for Ontario. -- Comprend un index à la fin de l'ouvrage,Anglais,"Toronto, ON",Intermédiaire,8e année,
00000567,Invitation to Drama : Eight Short Plays for Secondary Schools,"ORR, Andrew A.",,Macmillan and Co. of Canada Ltd.,[1967?],1967-01-01,1967-12-31,,Révisée,"19 cm: vii, 284 p.",,Comprend des notes à la fin de l'ouvrage,Anglais,"Toronto, ON",Secondaire,Secondaire,
00000568,English Through Experience : book four,"ROWE, A. W.|EMMENS, Peter|PEARSON, Clyde",,Blond Educational,1966,1966-01-01,1966-12-31,,,"20 cm: 288 p., ill.",,Sur la couv. : Teacher's Book,Anglais,"London, UK",,,
00000569,Totor et Tristan,"SPINK, Josette Eugénie|MILLIS, Violet",,Ginn and Company,[1938?],1938-01-01,1938-12-31,,,"19 cm: xiv, 178 p., ill.",,Préface et suggestions en anglais au début de l'ouvrage,Français,"Boston, MA",Primaire,Primaire,
00000570,Kidnapped,"STEVENSON, Robert Louis",,Collins Sons and Co. Ltd.,1956,1956-01-01,1956-12-31,,,19 cm: 256 p.,,,Anglais,"London, UK|Glasgow, UK",,,
00000571,Short Story Magic : a Collection of Short Stories for Grade IX and X,"SWAYZE, Beulah",,The Ryerson Press,[1955?],1955-01-01,1955-12-31,,,"19 cm: vii, 184 p.",,,Anglais,"Toronto, ON",Secondaire,9e et 10e année,
00000572,The Winston Canadian Dictionary for Schools,,,"Holt, Rinehart & Winston of Canada Ltd.",[1960?],1960-01-01,1960-12-31,,,"22 cm: xii, 756 p., quelques ill.",,,Anglais,"Toronto, ON",,,
00000573,"Look, Listen & Learn : book I","ALEXANDER, L. G.|DUGAS, André|Bailey Perrengell Design Ltd.|LEMIEUX, André|MALENFANT, Clermont",,Longmans Canada Ltd.; Centre éducatif et culturel inc.,[1972?],1972-01-01,1972-12-31,,,"25 cm: 50 p., ill. en coul.",,Sur la p. de t. : une méthode audio-visuelle intégrée pour l'enseignement de l'anglais comme langue seconde. -- Comprend une note en français. -- ISBN 0-7751-1970-9,Anglais,Canada,Primaire,Primaire,
00000574,"Look, Listen and Learn : workbook 2a","ALEXANDER, L. G.",,Longman Group Ltd.,[1969?],1969-01-01,1969-12-31,,,"27 cm: 64 p., ill.",,Sur la couv. : An Integrated English Course for Children. -- ISBN 0-582-51978-0,Anglais,"London, UK",Primaire,Primaire,
00000575,"Look, Listen and Learn : workbook 2b","ALEXANDER, L. G.",,Longman Group Ltd.,[1969?],1969-01-01,1969-12-31,,,"27 cm: 64 p., ill.",,Sur la couv. : An Integrated English Course for Children. -- ISBN 0-582-51979-9,Anglais,"London, UK",Primaire,Primaire,
00000576,"Look, Listen and Learn : Pupils' Book Two","ALEXANDER, L. G.|Bailey Perrengell Design Ltd.",,Longman Group Ltd.,[1969?],1969-01-01,1969-12-31,,,"27 cm: 120 p., ill. en coul.",,Sur la couv. : An Integrated English Course for Children. -- ISBN 0-582-51981-0,Anglais,"London, UK",Primaire,Primaire,
00000577,"Look, Listen and Learn : Teacher's book two","ALEXANDER, L. G.|Bailey Perrengell Design Ltd.",,Longman Group Ltd.,[1969?],1969-01-01,1969-12-31,,,"25 cm: xiii, 272 p., ill.",,Sur la couv. : An Integrated English Course for Children. -- Comprend un index à la fin de l'ouvrage. -- ISBN 0-582-51980-2,Anglais,"London, UK",Primaire,Primaire,
00000578,"Look, Listen and Learn : workbook 3a","ALEXANDER, L. G.",,Longman Group Ltd.,1970,1970-01-01,1970-12-31,,,28 cm: 64 p.,,Sur la couv. : An Integrated English Course for Children. -- ISBN 0-582-51986-1,Anglais,"London, UK",Primaire,Primaire,
00000579,"Look, Listen and Learn : workbook 3b","ALEXANDER, L. G.",,Longman Group Ltd.,1970,1970-01-01,1970-12-31,,,28 cm: 64 p.,,Sur la couv. : An Integrated English Course for Children. -- ISBN 0-582-51987-X,Anglais,"London, UK",Primaire,Primaire,
00000580,"Look, Listen and Learn","ALEXANDER, L. G.",,Longman Group Ltd.,[1970?],1970-01-01,1970-12-31,,,"25 cm: P. 60-120, ill. en coul.",,,Anglais,"London, UK",Primaire,Primaire,
00000581,Prose Mostly Modern,"BASSETT, John M.|RUTLEDGE, Donald G.",,McClelland and Stewart Limited,[1963?],1963-01-01,1963-12-31,,,23 cm: 186 p.,,Sur la couv. : An Anthology for Secondary Schools. -- Comprend des notes et des biographie à la fin de l'ouvrage,Anglais,"Toronto, ON",Secondaire,Secondaire,
00000582,The Plains of Abraham,"CURWOOD, James Olivier",,The Copp Clark Publishing Co. Ltd.,[19--?],1899-12-31,1999-12-31,,,18 cm: 331 p.,,Comprend des notes et des questions écrit par Betty L. Mark à la fin de l'ouvrage,Anglais,"Vancouver, C-B",,,Histoire|Littérature
00000583,Adventures in Reading : (first reader),"GREEN, Mary M.|LUTZY, Joseph|BASTIEN, Gabriel",,Lidec Inc.,1967,1967-01-01,1967-12-31,,Éd. de rodage,"28 cm: 246 p, ill.",,Comprend un vocabulaire à la fin de l'ouvrage,Anglais,"Montréal, QC",,,
00000584,"Peek in, Please !","KAMBEITZ, Clement|BURNS, Denise|PROCTOR, Josephine",Light and Life Reading Series ; 3,Ginn and Company,[1967?],1967-01-01,1967-12-31,,,"23 cm: 63 p., ill. en coul.",,Sur la p. de t. : Pre-Primers Three. -- Comprend un index à la fin de l'ouvrage,Anglais,"Toronto, ON",,,
00000585,A Thousand Ages,"LAVENDER, Emerson|LEWIS, Frank B.|SHEFFE, Norman",,McGraw-Hill Company of Canada Ltd.,[1961?],1961-01-01,1961-12-31,,,"23 cm: xi, 467 p., ill. et cartes",,Comprend un index à la fin de l'ouvrage,Anglais,"New York, NY|Toronto, ON",Secondaire,11e année,
00000586,New Reading Skill : part one,"BAMMAN, Henri A.|WHITEHEAD, Robert|RITTENHOUSE, Charles",,The Reader's Digest Association Canada Ltd.,[1969?],1969-01-01,1969-12-31,,,"18 cm: 128 p., ill. en coul.",,Sur la p. de t. : Stories Based of Articles in Reader's Digest. -- ISBN 0-88850-831-X,Anglais,"Montréal, QC",,,
00000587,New Reading Skill : part two,"BAMMAN, Henri A.|WHITEHEAD, Robert",,The Reader's Digest Services Inc.,[1966?],1966-01-01,1966-12-31,,,"18 cm: 128 p., ill. en coul.",,Sur la p. de t. : Stories Based of Articles in Reader's Digest,Anglais,"New York, NY",,,
00000588,Wide Open Windows,"BARRETT, Franklin L.|MCINTOSH, J. R.|LEWIS, C. E.|MERLE SMITH, John",Canadian Reading Development Series,The Copp Clark Publishing Co. Ltd.,[1947?],1947-01-01,1947-12-31,,,"20 cm: ix, 470 p., ill. (la plupart en coul.)",,Comprend un glossaire à la fin de l'ouvrage,Anglais,"Vancouver, C-B",,,
00000589,All Sails Set,"BIEHL, Fred C.|MACINTOSH, J. R.|LEWIS, C. E|MERLE SMITH, John",Canadian Reading Development Series,The Copp Clark Publishing Co. Ltd.,[1948?],1948-01-01,1948-12-31,,,"20 cm: ix, 470 p., ill. (certaines en coul.)",,Comprend un glossaire à la fin de l'ouvrage,Anglais,"Vancouver, C-B",,,
00000590,Poems Past and Present,"DEW, Harold",Aldine Modern English Series,J. M. Dent & Sons Canada Ltd.,1954,1954-01-01,1954-12-31,,,"19 cm: xi, 276 p.",,,Anglais,"Toronto, ON",,,
00000591,Up and Away,"JAMES, Marian D.|MCINTOSH, J. R.|LEWIS, C. E.|MERLE SMITH, John",Canadian Reading Development Series,The Copp Clark Publishing Co. Ltd.,[1946?],1946-01-01,1946-12-31,,,"20 cm: ix, 429 p., ill. (certaines en coul.)",,Comprend un glossaire à la fin de l'ouvrage,Anglais,"Vancouver, C-B",,,
00000592,A Book of Good Essays,"SEALEY, Ethel M.",,The Copp Clark Publishing Co. Ltd.,[19--?],1899-12-31,1999-12-31,,,"20 cm: viii, 240 p.",,Comprend des annotations à la fin de l'ouvrage,Anglais,"Vancouver, C-B",,,
00000593,English Literature Poetry : series II,"STEVENSON, O. J.",,The Copp Clark Company Ltd.,1925,1925-01-01,1925-12-31,,,"19 cm: xiv, 222 p.",,Comprend des notes à la fin de l'ouvrage,Anglais,"Toronto, ON",,,
00000594,Effective Business English,"AURNER, Robert R.",,South-Western Publishing Company,[1956?],1956-01-01,1956-12-31,,4e éd.,"22 cm: x, 598 p., ill.",,Comprend un index à la fin de l'ouvrage,Anglais,"Cincinnati, OH",Secondaire,High School,
00000595,Stories Old and New,"BIEHL, Fred C.|MACINTOSH, J. R.|BARRETT, Franklin L.|LEWIS, C. E.|SIBBALD, Barbara R.",Canadian Reading Development Series - Primary ; 4,The Copp Clark Publishing Co. Ltd.,[1963?],1963-01-01,1963-12-31,,,"22 cm: x, 346 p., ill. (certaines en coul.)",,,Anglais,"Vancouver, C-B",,,
00000596,Using Our Language : Junior Division : book 2,"DAVIS, T. I.",Using Our Language ; 2,J. M. Dent & Sons Canada Ltd.,[1947?],1947-01-01,1947-12-31,,,"20 cm: xi, 233 p., ill.",,Comprend un index à la fin de l'ouvrage,Anglais,"Toronto, ON",Primaire,5e année,
00000597,Introduction to Better Reading,"GAINSBURG, Joseph C.|GORDON, Lilian|KUNZ, Robert",,The Book Society of Canada Ltd.,[1959?],1959-01-01,1959-12-31,,,"21 cm: 220 p., ill.",,Comprend un index à la fin de l'ouvrage,Anglais,"Agincourt, ON",Primaire,5e et 6e année,
00000598,Nicholas Nickleby,"DICKENS, Charles|GREEN, Margery",,Macmillan and Co. Ltd.,1955,1955-01-01,1955-12-31,,,"18 cm: 107 p., ill.",,,Anglais,"London, UK",,,
00000599,Youth in Conflict,"GROSS, Gerald|TERINGO, Bob",Adline Modern English Series,J. M. Dent & Sons Canada Ltd.,[1967?],1967-01-01,1967-12-31,,,19 cm: 341 p.,,Sommaire : West Side Story / par Arthur Laurent ... [et al.]. -- Noah / par André Obey. -- Ah ! Wilderness ! / par Eugene O'Neill. -- Antigone / par Jean Anouilh. -- Comprend des notes et des questions à la fin de l'ouvrage,Anglais,"Toronto, ON",,,
00000600,Key to Pitman Shorthand Advanced Dictation Course,,,Sir Isaac Pitman & Sons Canada Ltd.,[19--?],1899-12-31,1999-12-31,,,21 cm: 237 p.,,,Anglais,"Toronto, ON",,,
00000601,Grass of Parnassus : An Anthology of Poetry for Schools,"LANGFORD, W. F.",,"Longmans, Green & Company",[1946?],1946-01-01,1946-12-31,,Canadienne,"20 cm: xxiii, 424 p.",,"Sur la p. de t. : With Notes and Additionnal Poems. -- Comprend des notes, des notes biographiques et des index à la fin de l'ouvrage",Anglais,"Toronto, ON",Secondaire,High School,
00000602,English Pratice : for grade eight,"MARTIN, T. H. W.",,The Copp Clark Company Ltd.,1938,1938-01-01,1938-12-31,,,"20 cm: xiii, 288 p.",,Comprend une bibliogr. au début de l'ouvrage. -- Comprend un appendice et un index à la fin de l'ouvrage,Anglais,"Toronto, ON",Intermédiaire,8e année,
00000603,Learning to Write,"SMITH, Reed",,MacMillan and Co. of Canada Ltd.,[1939?],1939-01-01,1939-12-31,,Éd. canadienne,"21 cm: xii, 511 p.",,"Sur la p. de t. : authorized in the provinces of Manitoba, Ontario and Saskatchewan. -- Comprend un index à la fin de l'ouvrage",Anglais,"Toronto, ON",,,
00000604,Uncle Tom's Cabin,"BEECHER-STOWE, Harriet",,Blackie & Sons Ltd.,[19--?],1899-12-31,1999-12-31,,,"19 cm: 419 p., quelques ill. en coul.",,,Anglais,"London, UK",,,
00000605,Mastering Effective English,"TRESSLER, Lewis",,The Copp Clark Publishing Co. Ltd.,[1961?],1961-01-01,1961-12-31,,3e éd.,"21 cm: xiv, 714 p., quelques ill.",,Comprend un index à la fin de l'ouvrage,Anglais,"Vancouver, C-B",Secondaire,11e et 12e année,
00000606,Mastering Effective English,"TRESSLER, J. C.|LEWIS, C. E.",,The Copp Clark Publishing Co. Ltd.,[1950?],1950-01-01,1950-12-31,,Éd. révisée,"23 cm: xvii, 597 p., quelques ill.",,Comprend un index à la fin de l'ouvrage,Anglais,"Vancouver, C-B",Secondaire,"Senior High School Grades, Including Senior Matriculation",
00000607,My Head-to-Toe Book,"TYMMS, Jean|GERGELY, Tibor",,Golden Press,[1974?],1974-01-01,1974-12-31,,,"25 cm: env. 22 p., ill. en coul.",ISBN 0-307-12138-0,,Anglais,"New York, NY",,,
00000608,The Intermediate Dictionary,"AVIS, W. S.|GREGG, R. J.|SCARGILL, M. H.|THORNDIKE, E. L.|BARNHART, Clarence L.",Dictionary of Canadian English ; 2,W. J. Gage & Co. Ltd.,[1963?],1963-01-01,1963-12-31,,,"25 cm: xxxii, 1036 p., quelques ill.",,,Anglais,"Toronto, ON",,,
00000609,Composition and Spelling,,,The Copp Clark Company Ltd.,[1916?],1916-01-01,1916-12-31,,,"19 cm: x, 111 p.",,Sur la couv. : Ontario Teachers' Manuals. -- Sur la p. de t. : authorized by the Minister of Education,Anglais,"Toronto, ON",,,
00000610,Composition and Spelling,,,The Ryerson Press,[1926?],1926-01-01,1926-12-31,,,"19 cm: xiii, 71 p.",,Sur la couv. : Ontario Teachers' Manual. -- Sur la p. de t. : authorized by the Minister of Education,Anglais,"Toronto, ON",,,
00000611,Geography,,,The Ryerson Press,[1915?],1915-01-01,1915-12-31,,,"19 cm: vii, 195 p.",,Sur la couv. : Ontario Teachers' Manual. -- Sur la p. de t. : authorized by the Minister of Education,Anglais,"Toronto, ON",,,
00000612,Grammar,,,The Ryerson Press,[1915?],1915-01-01,1915-12-31,,,"19 cm: vi, 170 p.",,Sur la couv. : Ontario Teachers' Manual. -- Sur la p. de t. : authorized by the Minister of Education,Anglais,"Toronto, ON",,,
00000613,Grammar,,,The Copp Clark Company Ltd.,[1926?],1926-01-01,1926-12-31,,,"19 cm: v, 186 p.",,Sur la couv. : Ontario Teachers' Manual. -- Sur la p. de t. : authorized by the Minister of Education. -- Comprend un index à la fin de l'ouvrage,Anglais,"Toronto, ON",,,
00000614,Literature,,,The Copp Clark Company Ltd.,[1916?],1916-01-01,1916-12-31,,,"19 cm: iv, 170 p.",,Sur la couv. : Ontario Teachers' Manual. -- Sur la p. de t. : authorized by the Minister of Education,Anglais,"Toronto, ON",,,
00000615,Literature,,,The Copp Clark Company Ltd.,[1926?],1926-01-01,1926-12-31,,,"19 cm: v, 162 p.",,Sur la couv. : Ontario Teachers' Manual. -- Sur la p. de t. : authorized by the Minister of Education,Anglais,"Toronto, ON",,,
00000616,"Notes on The Ontario Readers : book I, II, III, IV",,The Ontario Readers,The Ryerson Press,[1926?],1926-01-01,1926-12-31,,,"19 cm: xiv, 341 p.",,Sur la couv. : Ontario Teachers' Manual. -- Sur la p. de t. : authorized by the Minister of Education. -- Comprend des notes biographiques à la fin de l'ouvrage,Anglais,"Toronto, ON",,,
00000617,Primary Reading,,,The Copp Clark Company Ltd.,[1920?],1920-01-01,1920-12-31,,,"19 cm: iv, 197 p.",,Sur la couv. : Ontario Teachers' Manual. -- Sur la p. de t. : authorized by the Minister of Education. -- Comprend une bibliogr. à la fin de l'ouvrage,Anglais,"Toronto, ON",,,
00000618,School Management,,,The United Press Ltd.,[1915?],1915-01-01,1915-12-31,,,"19 cm: viii, 296 p.",,Sur la couv. : Ontario Teachers' Manual. -- Sur la p. de t. : authorized by the Minister of Education. -- Comprend un appendice à la fin de l'ouvrage,Anglais,"Toronto, ON",,,
00000619,A Study in Government : Municipal and Provincial Government in Ontario and the Federal System in Canada,,,"Minister of Education, Ontario",1931,1931-01-01,1931-12-31,,,"19 cm: vi, 74 p.",,Sur la couv. : Ontario Teachers' Manual. -- Sur la p. de t. : authorized by the Minister of Education.,Anglais,Ontario,,,
00000620,Boys' and Girls' First Dictionary,"TREVASKIS, John|HYMAN, Robin|SEARES RILEY, John",,The Copp Clark Publishing Co. Ltd.,[1969?],1969-01-01,1969-12-31,,,"21 cm: 120 p., ill. en coul.",,,Anglais,"Toronto, ON",,,
00000621,English Your Language 6,"WOLFE, Josephine B.|WRIGHT, Adele J.|BECK, Joan H.|SHELDON, William D.|BLANKENSHIP, Alden H.",,Allyn and Bacon Inc.,1963,1963-01-01,1963-12-31,,,"23 cm: viii, 375 p., ill. (certaines en coul.)",,Comprend un glossaire et un index à la fin de l'ouvrage,Anglais,"Boston, MA",,,
00000622,Writing,,,The Ryerson Press,[1917?],1917-01-01,1917-12-31,,,"19 cm: vi, 98 p.",,Sur la couv. : Ontario Teachers' Manual. -- Sur la p. de t. : authorized by the Minister of Education,Anglais,"Toronto, ON",,,
00000623,Writing,,,MacMillan and Co. of Canada Ltd.,1926,1926-01-01,1926-12-31,,,"19 cm: vi, 98 p.",,Sur la couv. : Ontario Teachers' Manual. -- Sur la p. de t. : authorized by the Minister of Education,Anglais,"Toronto, ON",,,
00000624,Writing,,,MacMillan and Co. of Canada Ltd.,1930,1930-01-01,1930-12-31,,,"19 cm: vi, 98 p.",,Sur la couv. : Ontario Teachers' Manual. -- Sur la p. de t. : authorized by the Minister of Education,Anglais,"Toronto, ON",,,
00000625,Writing,,,MacMillan and Co. of Canada Ltd.,1935,1935-01-01,1935-12-31,,,"19 cm: vi, 98 p.",,Sur la couv. : Ontario Teachers' Manual. -- Sur la p. de t. : authorized by the Minister of Education,Anglais,"Toronto, ON",,,
00000626,22 Choeurs à trois voix égales,,,Éditions de la bonne chanson,[1947?],1947-01-01,1947-12-31,,,28 cm: 44 p.,,,Français,"St-Hyacinthe, QC",,,
00000627,The Chorister : Theory and Sight Reading for Vocalists : book one,"BELL, Leslie R.",,W. J. Gage & Co. Ltd.,[19--?],1899-12-31,1999-12-31,,,"24 cm: ix, 118 p. de partitions",,Comprend un glossaire et des index à la fin de l'ouvrage,Anglais,"Toronto, ON",,,
00000628,Chante ta joie : premier album,,,Éditions musicales La Bonne Chanson,1955,1955-01-01,1955-12-31,1938-10-05,,"25 cm: 35 p. de partitions, ill.",,,Français,"St-Hyacinthe, QC",,,
00000629,La Grande Aventure du solfege : premier livre,"FENWICK, G. Roy|RIEL, Joseph|HUTCHINGS, Priscilla",,W. J. Gage & Co. Ltd.,[1963?],1963-01-01,1963-12-31,,,"21 cm: 80 p. de partitions, ill. (certaines en coul.)",,"Adap. de : The New Highroad to Sight Singing, Book 1",Français,"Toronto, ON",,,
00000630,La Grande Aventure du solfege : deuxième livre,"FENWICK, G. Roy|RIEL, Joseph|HUTCHINGS, Priscilla",,W. J. Gage & Co. Ltd.,[1964?],1964-01-01,1964-12-31,,,"21 cm: 96 p. de partitions, ill. en coul.",,"Adap. de : The New Highroad to Sight Singing, Book 2",Français,"Toronto, ON",,,
00000631,Hymns for Schools,"FENWICK, G. Roy",,Gordon V. Thompson Ltd.,[19--?],1899-12-31,1999-12-31,,,22 cm: env. 48 p. de partitions,,Sur la couv. : with supplement,Français,"Toronto, ON",,,
00000632,La Bonne Chanson : série des jeunes,"GADBOIS, Charles-Émile",La Bonne Chanson,s.n.,1938,1938-01-01,1938-12-31,,,"29 cm: 25 p. de partitions, ill.",,,Français,"St-Hyacinthe, QC",,,
00000633,La Bonne Chanson à l'école : écoles rurales,"GADBOIS, Charles-Émile",,Editions de La Bonne Chanson,1953,1953-01-01,1953-12-31,,"Nouv. éd., revue et corrigée","25 cm: 48 p. de partitions, ill.",,,Français,"St-Hyacinthe, QC",,,
00000634,La Bonne Chanson à l'école : album des tout-petits (première année),"GADBOIS, Charles-Émile|BEAULIEU, Joseph|DÉZIEL, Julien",,Editions de La Bonne Chanson,1943,1943-01-01,1943-12-31,,,"25 cm: 28 p. de partitions, ill.",,,Français,"St-Hyacinthe, QC",Primaire,1ère année,
00000635,La Bonne Chanson à l'école : première année,"GADBOIS, Charles-Émile|BEAULIEU, Joseph|DÉZIEL, Julien",,Editions de La Bonne Chanson,1952,1952-01-01,1952-12-31,,,"25 cm: 28 p. de partitions, ill.",,,Français,"St-Hyacinthe, QC",,,
00000636,La Bonne Chanson à l'école : deuxième année,"GADBOIS, Charles-Émile",,La Bonne Chanson,1943,1943-01-01,1943-12-31,,,"28 cm: 23 p. de partitions, ill.",,,Français,"St-Hyacinthe, QC",Primaire,2e année,
00000637,La Bonne Chanson à l'école : deuxième année,"GADBOIS, Charles-Émile",,La Bonne Chanson,1952,1952-01-01,1952-12-31,,,"25 cm: 24 p. de partitions, ill.",,,Français,"St-Hyacinthe, QC",Primaire,2e année,
00000638,La Bonne Chanson à l'école : deuxième année,"GADBOIS, Charles-Émile",,La Bonne Chanson,1953,1953-01-01,1953-12-31,,"Nouv. éd., revue et corrigée","25 cm: 24 p. de partitions, ill.",,,Français,"St-Hyacinthe, QC",Primaire,2e année,
00000639,La Bonne Chanson à l'école : troisième année,"GADBOIS, Charles-Émile",,La Bonne Chanson,[19--?],1899-12-31,1999-12-31,,,"28 cm: 24 p. de partitions, ill.",,,Français,"St-Hyacinthe, QC",Primaire,3e année,
00000640,La Bonne Chanson à l'école : troisième année,"GADBOIS, Charles-Émile",,La Bonne Chanson,1953,1953-01-01,1953-12-31,,"Nouv. éd., revue et corrigée","25 cm: 24 p. de partitions, ill.",,,Français,"St-Hyacinthe, QC",Primaire,3e année,
00000641,La Bonne Chanson à l'école : 4ième année,"GADBOIS, Charles-Émile",,La Bonne Chanson,1943,1943-01-01,1943-12-31,,,"28 cm: 24 p. de partitions, ill.",,,Français,"St-Hyacinthe, QC",Primaire,4e année,
00000642,La Bonne Chanson à l'école : quatrième année,"GADBOIS, Charles-Émile",,La Bonne Chanson,1953,1953-01-01,1953-12-31,,"Nouv. éd., revue et corrigée","25 cm: 24 p. de partitions, ill.",,,Français,"St-Hyacinthe, QC",Primaire,4e année,
00000643,La Bonne Chanson à l'école : cinquième année,"GADBOIS, Charles-Émile",,La Bonne Chanson,1943,1943-01-01,1943-12-31,,,"28 cm: 24 p. de partitions, ill.",,,Français,"St-Hyacinthe, QC",Primaire,5e année,
00000644,La Bonne Chanson à l'école : sixième année,"GADBOIS, Charles-Émile",,La Bonne Chanson,1943,1943-01-01,1943-12-31,,,"28 cm: 23 p. de partitions, ill.",,,Français,"St-Hyacinthe, QC",Primaire,6e année,
00000645,La Bonne Chanson à l'école : septième année,"GADBOIS, Charles-Émile",,La Bonne Chanson,1943,1943-01-01,1943-12-31,,,"28 cm: 24 p. de partitions, ill.",,,Français,"St-Hyacinthe, QC",Intermédiaire,7e année,
00000646,La Bonne Chanson à l'école : huitième année,"GADBOIS, Charles-Émile",,La Bonne Chanson,1943,1943-01-01,1943-12-31,,,"28 cm: 24 p. de partitions, ill.",,,Français,"St-Hyacinthe, QC",Intermédiaire,8e année,
00000647,Music Appreciation for Every Child : a Series of Progressive Lessons in Listening for the Grades and Junior High School,"GLENN, Mabelle|LOWRY, Margareth",,"Silver, Burdett and Company",[1926?],1926-01-01,1926-12-31,,,"23 cm: vii, 72 p.",,"Sur la p. de t. : Teacher's Manual for Grades One, Two, and Three. -- Comprend un index à la fin de l'ouvrage",Anglais,"New York, NY",Primaire,1ère à 3e année,
00000648,10 Danses simples des pays des France,"GUILCHER, J.- M.|PECQ, André",,Répertoires du père Castor; Flammarion,[1947?],1947-01-01,1947-12-31,,,"25 cm: 6 feuilles pliées (env. 40 p.), ill. en coul.",,Comprend quelques partitions,Français,"Paris, FR",Système français,Primaire (France),
00000649,Kukabura : recueil de chants et danses populaires,"BILLEN, A.",,Éditions des centres routiers du groupe honneur,[19--?],1899-12-31,1999-12-31,,,"16 x 25 cm: 74 p., ill.",,Comprend quelques partitions. -- Comprend une table alphabétique à la fin de l'ouvrage,Français,Belgique,,,Danse|Musique
00000650,Lisons la musique : manuel de l'élève,"LEGRADY, Thomas",,Fides,[1967?],1967-01-01,1967-12-31,,,"25 cm: 45 p., ill. en coul.",,Sur la p. de t. : adap. canadienne-française de la méthode Kodaly. -- Comprend quelques partitions,Français,"Ottawa, ON",Primaire,1ere année,
00000651,Lisons la musique : manuel de l'élève : deuxième fascicule,"LEGRADY, Thomas|LORIN, Philippe",,Fides,[1970?],1970-01-01,1970-12-31,,,"25 cm: 47 p. de partitions, ill. en coul.",,,Français,"Montréal, QC",,,
00000652,Swing Your Partners : a Guide to Modern Country Dancing,"MADDOCKS, Durward",,Stephen Daye Press,[1941?],1941-01-01,1941-12-31,,,"17 cm: 103 p., ill.",,Comprend une bibliogr. et un index à la fin de l'ouvrage,Anglais,"Brattleboro, VT",,,
00000653,School Music Festivals,Ontario Department of Education,,"Minister of Education, Ontario",1950,1950-01-01,1950-12-31,,,24 cm: 10 p.,,,Anglais,"Toronto, ON",,,
00000654,"Le Solfège à l'école : 1ère, 2e et 3e années",,,Congrégation de Notre-Dame,1949,1949-01-01,1949-12-31,1948-09-22,,"23 cm: 63 p., ill. en coul.",,Sur la couv. : Initiation à la musique. -- Comprend quelques partitions,Anglais,"Montréal, QC",Primaire,1ère à 3e année,
00000655,Song-Books for Schools,Ontario Department of Education,,"Minister of Education, Ontario",1958,1958-01-01,1958-12-31,,,24 cm: 11 p.,,,Anglais,"Toronto, ON",Primaire|Intermédiaire|Secondaire,Maternelle à la division intermédiaire 9 et 10,
00000656,"Chansons canadiennes, vieux chants de France, Noëls populaires","TRUCOTTE, J. G.",,s.n.,[1932?],1932-01-01,1932-12-31,,,"31 cm: 131 p. de partitions, ill. en coul.",,,Français,"Trois-Rivières, QC",,,
00000657,Chantez les petits,"BEAULIEU, Joseph",,Gordon V. Thompson Ltd.,[19--?],1899-12-31,1999-12-31,,,25 cm: env. 36 p. de partitions,,"Sur la couv. : 57 nouvelles chansons destinée aux jardins d'enfants, aux écoles, aux foyers et aux élèves de langue anglaise qui apprennent le français. -- Textes juxtalinéaires en français et anglais",Anglais|Français,"Toronto, ON",,,
00000658,"Chantez, petits et grands","BEAULIEU, Joseph",,La Bonne Chanson,1963,1963-01-01,1963-12-31,,,23 cm: 30 p. de partitions,,,Français,"Laprairie, QC",,,
00000659,Mon école chante : recueil de chants pour les écoles : troisième année,"BEAULIEU, Joseph",,Éditions musicales La Bonne Chanson,1961,1961-01-01,1961-12-31,,"Nouv. éd., revue et corrigée",23 cm: 34 p. de partitions,,,Français,"Laprairie, QC",Primaire,3e année,
00000660,Mon école chante : recueil de chants pour les écoles : quatrième année,"BEAULIEU, Joseph",,Éditions musicales La Bonne Chanson,1959,1959-01-01,1959-12-31,,"Nouv. éd., revue et corrigée",23 cm: 34 p. de partitions,,,Français,"Laprairie, QC",Primaire,4e année,
00000661,Mon école chante : recueil de chants pour les écoles : cinquième année,"BEAULIEU, Joseph",,Éditions musicales La Bonne Chanson,1956,1956-01-01,1956-12-31,,"Nouv. éd., revue et corrigée",23 cm: 34 p. de partitions,,,Français,"Laprairie, QC",Primaire,5e année,
00000662,Mon école chante : recueil de chants pour les écoles : sixième année,"BEAULIEU, Joseph",,Éditions musicales La Bonne Chanson,1956,1956-01-01,1956-12-31,,"Nouv. éd., revue et corrigée",23 cm: 34 p. de partitions,,,Français,"Laprairie, QC",Primaire,6e année,
00000663,Mon école chante : recueil de chants pour les écoles : septième année,"BEAULIEU, Joseph",,Éditions musicales La Bonne Chanson,1956,1956-01-01,1956-12-31,,"Nouv. éd., revue et corrigée",23 cm: 34 p. de partitions,,,Français,"St-Hyacinthe, QC",Intermédiaire,7e année,
00000664,Mon école chante : recueil de chants pour les écoles : huitième année,"BEAULIEU, Joseph",,Éditions musicales La Bonne Chanson,1956,1956-01-01,1956-12-31,,"Nouv. éd., revue et corrigée",23 cm: 34 p. de partitions,,,Français,"St-Hyacinthe, QC",Intermédiaire,7e année,
00000665,Histoire illustré de la littérature latine,"BERTHAUT, H.|GEORGIN, Ch.",,Librairie A. Hatier,1926,1926-01-01,1926-12-31,,,"19 cm: viii, 498 p., ill. et cartes",,Sommaire au début des chapitres. -- Comprend un index à la fin de l'ouvrage,Français,"Paris, FR",Universitaire et Collégial,Collèges,
00000666,Latin for Canadian Schools,"BRESLOVE, D.|HOOPER, Arthur G.|BRITTAIN, Frances",,The Copp Clark Publishing Co. Ltd.,[1958?],1958-01-01,1958-12-31,,,"24 cm: xxv, 611 p., ill. et cartes",,"Comprend un appendice, un vocabulaire et un index à la fin de l'ouvrage",Anglais,"Vancouver, C-B",Secondaire,10e à 12e année,
00000667,La Bonne Chanson : chanter,,,Entreprises culturelles enr.,1981,1981-01-01,1981-12-31,,,"23 cm: 22 p. de partitions, ill.",ISBN 2-7614-0060-7,,Français,"La Prairie, QC",,,
00000668,La Bonne Chanson : mon école chante : deuxième année,,,Entreprises culturelles enr.,1981,1981-01-01,1981-12-31,,,"23 cm: 27 p. de partitions, ill.",ISBN 2-7614-0048-8,,Français,"La Prairie, QC",Primaire,2e année,
00000669,Éducation du sens rythmique (enfants de 5 à 8 ans),"COMPAGNON, Germaine|THOMET, Maurise|THEUREAU, Suzanne",,Bourrelier,1954,1954-01-01,1954-12-31,,2e éd.,"24 cm: 65 p., ill.",,Sur la p. de t. : cahiers de pédagogie moderne pour l'enseignement du premier degré. -- Comprend quelques partitions. -- Comprend une bibliogr. à la fin de l'ouvrage,Français,"Paris, FR",Primaire,"1er degré, enfants de 5 à 8 ans (France)",
00000670,Grammaire latine de base,"GAL, Roger|DE KISCH, F.|DE KISCH, M.",Étude latines,O.C.D.L.,[1956?],1956-01-01,1956-12-31,,,23 cm: 92 p.,,Comprend un index à la fin de l'ouvrage,Français,"Paris, FR",Système français,4e à la 1re (France),
00000671,Manuel de latin : liber primus,"GAL, Roger|BOUCHET, Henri|DURRY, Marcel",Le Latin par les textes,O.C.D.L.,[1956?],1956-01-01,1956-12-31,,4e éd.,"23 cm: xi, 198 p., quelques ill.",,Comprend un index à la fin de l'ouvrage,Français,"Paris, FR",Système français,6e année (France),
00000672,La Chanson populaire française,"GARDIEN, Jacques|DUFOURCQ, Norbert","Formes, écoles et oeuvres musicales",Librairie Larousse,[1948?],1948-01-01,1948-12-31,,,16 cm: 163 p.,,Comprend quelques partitions. -- Comprend une bibliogr. à la fin de l'ouvrage,Français,"Paris, FR",,,
00000673,Manuel de latin,"DE KISCH, F.|DE KISCH, M.|CLARAC, Pierre|GAL, Roger|MOREL, Étienne",Le Latin par les textes,O.C.D.L.,[19--?],1899-12-31,1999-12-31,,4e éd.,"23 cm: xiv, 288 p., ill.",,Comprend des index et des tables à la fin de l'ouvrage,Français,"Paris, FR",Système français,5e année (France),
00000674,La Première Année de musique : solfège et chants,"MARMONTEL, A.",,Librairie Armand Colin,1910,1910-01-01,1910-12-31,,43e éd.,"22 cm: 141 p., quelques ill.",,Comprend plusieurs partitions. -- Comprend un index et une table alphabétique à la fin de l'ouvrage,Français,"Paris, FR",Primaire,Primaire,
00000675,"Musicabec : répertoire 1, méthode pour flûte à bec et instruments orff : élève","PLOURDE, Yvon|BOIS, Miville|LOISELLE, Yvon|DU DUROCHER, Lise",,Musiphone inc.,1980,1980-01-01,1980-12-31,,"2e éd., revue et corrigée","28 cm + 1 affiche: 101 p., ill.",,Comprend plusieurs partitions. -- Sur la couv. : mélodies populaires québécoises folkloriques et autres. -- ISBN 2-920158-00-7,Français,"Delson, QC",Primaire,4e à 6e année du primaire et 1er cycle du secondaire,
00000676,"Quelques aspect de l'éducation rythmique, corporelle et musicale des jeunes enfants",,,Éditions du Scarabée; Vers l'éducation nouvelle,[1957?],1957-01-01,1957-12-31,,,18 cm: 39 p.,,Sur la couv. : Centres d'entrainement aux méthodes d'éducation active,Français,,,,Éducation physique|Musique
00000677,Latin Composition : for grade xiii,"BRESLOVE, D.",,W. J. Gage & Co. Ltd.,1948,1948-01-01,1948-12-31,,,"20 cm: vi, 276 p.",,Comprend un vocabulaire et un index à la fin de l'ouvrage,Anglais,"Toronto, ON",Secondaire,13e année,
00000678,Latin for Today,"GRAY, Mason D.|JENKINS, Thornton|MCEVOY, Cuthbert|DALE, F.",,Ginn and Company,[19--?],1899-12-31,1999-12-31,,Abrégée,"19 cm: xxi, 566 p., ill. et cartes",,"Sur la p. de t. : authorized by the Minister of Education for Manitoba and Ontario -- Comprend un appendice, un vocabulaire et un index à la fin de l'ouvrage",Anglais,"Toronto, ON",,,
00000679,Latin for Secondary Schools,"HAMILTON, D. E.|CARLISLE, J. O.",,W. J. Gage & Co. Ltd.,[19--?],1899-12-31,1999-12-31,,,"19 cm: xxx, 610 p., ill., tableaux et cartes",,Sur la p. de t. : authorized by the Minister of Education for Manitoba and Ontario -- Comprend un vocabulaire et un index à la fin de l'ouvrage,Anglais,"Toronto, ON",Secondaire,13e année,
00000680,Exercices latins : troisième série (classes de quatrième et troisième),"PETITMANGIN, H.|BURTIN, P. N.|PITOU, A.",,J. de Gigord,1956,1956-01-01,1956-12-31,,22e éd.,"18 cm: 327 p., ill.",,Comprend un lexique à la fin de l'ouvrage,Français,"Paris, FR",Système français,3e et 4e année (France),
00000681,Grammaire latine (complète),"PETITMANGIN, H.",,J. de Gigord,1931,1931-01-01,1931-12-31,,18e éd.,"18 cm: x, 214 p.",,Comprend des appendices à la fin de l'ouvrage,Français,"Paris, FR",Système français,5e année et baccalauréat,
00000682,Over Latin Legacy : book 1,"TAYLOR, B. C.|PRENTICE, K. E.",,"Clarke, Irwin & Company Ltd.",1966,1966-01-01,1966-12-31,,,"24 cm: xix, 474 p., ill.",,Comprend des appendices et un index à la fin de l'ouvrage,Anglais,"Toronto, ON",Secondaire,High School,
00000683,"Over Latin Legacy : book 2, part 1","TAYLOR, B. C.|PRENTICE, K. E.|MAYNARD, H.",,"Clarke, Irwin & Company Ltd.",1968,1968-01-01,1968-12-31,,,"24 cm: viii, 275 p. en pag. multiples, ill.",,Comprend un vocabulaire et un index à la fin de l'ouvrage,Anglais,"Toronto, ON",Secondaire,High School,
00000684,Selected Latin Readings,"TAYLOR, B. C.|PRENTICE, K. E.",,J. M. Dent & Sons Canada Ltd.,[1953?],1953-01-01,1953-12-31,,,"24 cm: xiv, 394 p., ill.",,Comprend un appendice et un vocabulaire à la fin de l'ouvrage,Anglais,Canada,Secondaire,[12e année],
00000685,Rassemblés dans l'amour : catéchisme canadien des enfants de 8-9 ans,"BÉRUBÉ, Jean-Paul|PEYSKENS, Pierre|HAMEL, Paul",,Éditions de l'action,1972,1972-01-01,1972-12-31,,,"23 cm: 96 p., ill. (certaines en coul.)",,,Français,Québec,Primaire,8 à 9 ans,
00000686,"Rassemblés dans l'amour : pages des parents, lien école-famille","BÉRUBÉ, Jean-Paul|PEYSKENS, Pierre|HAMEL, Paul",,Éditions de l'action,1972,1972-01-01,1972-12-31,,,"23 cm: 55 p., ill.",,,Français,Québec,Primaire,3e année,
00000687,Jésus-Christ lumière du monde,"DELCUVES, G.|DE MARNEFFE, A.",Témoins du Christ ; II,Éditions de Lumen Vitae,1952,1952-01-01,1952-12-31,,,"21 cm: 198 p., ill. et cartes",,,Français,,Secondaire,9e année,
00000688,La Foi catholique,"ROY, Maurice",,s.n.,[19--?],1899-12-31,1999-12-31,,,"26 cm: env. 226 p., ill. (certaines en coul.)",,,Français,,,,
00000689,Handbook of Bible Games : for all ages,"HOWARD, Vernon",,Zondervan Publishing House,[1953?],1953-01-01,1953-12-31,,,20 cm: 89 p.,,,Anglais,"Grand Rapids, MI",,,
00000690,Jésus-Christ notre vie,"HUBLET, A.|NIMAL, H.",Témoins du Christ ; I,Éditions Lumen vitae,1952,1952-01-01,1952-12-31,,,"20 cm: 178 p., ill.",,,Français,,Intermédiaire,8e année,
00000691,Sacrements du Christ Jésus,"LACROIX, J.|D'ONCIEU, E.",Fils de lumière ; 3,J. de Gigord,1964,1964-01-01,1964-12-31,,,"18 cm: vi, 249 p., ill.",,,Français,"Paris, FR",Primaire,4e année,
00000692,"The Lamp & the Light : an Introduction to the Study of the Bible for Students in Teachers' Colleges, Universities and Young People's Groups","MATHERS, Stephen J.|WALLENS, J. W. S.",,The Ryerson Press,[1959?],1959-01-01,1959-12-31,,,"21 cm: vii, 184 p., cartes",,,Anglais,"Toronto, ON",Universitaire et Collégial,Collégial; universitaire,
00000693,Regard neuf sur la vie : dossiers du maître,"MYRE, Jean-Guy|ANCTIL, Raymond",Regard neuf sur la vie ; volume 2,Office cathéchisme provincial,[1967?],1967-01-01,1967-12-31,,,27 cm: 177 p.,,"Comprend 5 cahiers. -- Comprend une bibliogr. à la fin des cahiers 1,4 et 5",Français,"Ottawa, ON",Secondaire,Secondaire,
00000694,"Jésus-Christ, notre guide : classe de troisième","DE PRÉMOREL, R.|HOLSTEIN, Henri|RAVIER, André",Fils de lumière,J. de Gigord,1963,1963-01-01,1963-12-31,,10e éd.,"18 cm: xii, 322 p., ill.",,Sur la p. de t. : le combat pour la vie. -- Comprend un lexique à la fin de l'ouvrage,Français,"Paris, FR",Système français,3e année (France),
00000695,La Bible : qui comprend l'ancien et le nouveau testament traduit d'après les textes originaux hébreu et grec,"SEGOND, Louis",,The Gideons International,[1977?],1977-01-01,1977-12-31,,Nouv.,20 cm: 1055 p.,,,Français,"Guelph, ON",,,
00000696,Vers une nouvelle terre : guide du maître,"CHARRON, Jean-Marc|BEAULAC, Jules|RUEL, Alphonse|JACQUES, Benoît|MCGIVERN, Toby|PEYSKENS, Pierre",,Éditions du Richelieu ltée.,1978,1978-01-01,1978-12-31,,Nouv.,"27 cm: 332 p., ill.",,Comprend une bibliogr. à la fin de l'ouvrage. -- ISBN 0-88520-016-0,Français,"Saint-Jean, QC",Secondaire,Secondaire 1,
00000697,Aux tout-petits qui vivent avec Dieu,,,École de cathéchisme d'Ottawa,1966,1966-01-01,1966-12-31,,,"21 x 28 cm: ix, 71 p., ill. en coul.",,Sur la p. de t. : (20e mille),Français,"Ottawa, ON",Primaire,"4 à 6 ans, maternelle",
00000698,Avec Dieu sur nos chemins : manuel de l'élève 6,"D'ARCY BÉRUBÉ, Françoise|BÉRUBÉ, Jean-Paul|RUEL, Alphonse|PEYSKENS, Pierre|JACQUES, Benoît|Office de cathéchèse du Québec",,Éditions du Richelieu ltée.,[1980?],1980-01-01,1980-12-31,,,"27 cm: 71 p., ill. (certaines en coul.)",ISBN 2-89036-002-4,,Français,"Saint-Jean-sur-Richelieu, QC",Primaire,6e année,
00000699,Célébrons ses merveilles,"BÉRUBÉ, Jean-Paul",,Pédagogia inc.,[1970?],1970-01-01,1970-12-31,,,"23 cm: 80 p., ill. (la plupart en coul.)",,,Français,Québec,,,
00000700,Célébrons ses merveilles : cathéchisme des enfants de 7-8 ans : guide du maître 2,"BÉRUBÉ, Jean-Paul",,Pédagogia inc.,[1970?],1970-01-01,1970-12-31,,,21 cm: 9 cahiers (399 p.),,Comprend une bibliogr. à la fin du cahier 2. -- Sommaire : Introduction au guide du maître. -- Exercice de maîtrise corporelle. -- 1re étape. -- 2e étape. -- 3e étape. -- 4e étape. -- 5e étape. -=6e étape. -- Révision de fin d'année (incluant les thèmes 31 et 32),Français,Québec,,,
00000701,Quand souffle l'esprit 5 : cathéchisme des enfants de 10 ans : fiche de l'élève,"BÉRUBÉ, Jean-Paul|HOUDE, Nicole|PLOURDE-TARDIF, Lucille|BEAUCHAMP, André|PEYSKENS, Pierre",,Fides,[1975?],1975-01-01,1975-12-31,,,"22 cm: 127 p., ill. et cartes (certaines en coul.)",,Pages non reliées. -- Pages présentées dans une boîte,Français,"Montréal, QC",,,
00000702,Histoire de l'Église : cours supérieur,"BOULANGER, A.",,Librairie catholique Emmanuel Vitte,1937,1937-01-01,1937-12-31,,"5e éd., soigneusement revue et corrigée","19 cm: 655 p., ill.",,"Comprend un appendice, un tableau et un index à la fin de l'ouvrage",Français,"Lyon, FR",Système français,Supérieur (France),Enseignement religieux|Histoire
00000703,Catéchisme biblique 2 : les signes de l'appel : l'Église et les Sacrements,"BURKART, A.",,Fides,1965,1965-01-01,1965-12-31,,,"19 cm: P. 115-274, ill.",,,Français,"Montréal, QC",,,
00000704,Étape six,,,s.n.,[19--?],1899-12-31,1999-12-31,,,21 cm: 30 p.,,,Français,,,,
00000705,Conditions d'une école chrétienne,"FOURNEAU, L.|DÉVAUD, E.",,La Procure,1939,1939-01-01,1939-12-31,,,20 cm: 198 p.,,,Français,"Namur, BE",Primaire,Primaire,
00000706,Nous avons vu le Seigneur : cathéchisme des enfants de 9 ans : livre de l'enfant,"GENDRON, Serge|LIPPÉ, Pierre|ST-PIERRE, Denise|DUMAS, Antoine|PENSKINS, Pierre",,Librairie Beauchemin limitée,[1973?],1973-01-01,1973-12-31,,,"22 cm: 128 p., ill. (certaines en coul.)",,,Français,"Montréal, QC",Primaire,9 ans,
00000707,Catéchèse de deuxième année : document d'accompagnement pour les parents et les pasteurs,"LAMARCHE, Denise|HUBERT, Bernard",,Fides,[1978?],1978-01-01,1978-12-31,,,"19 cm: 174 p., quelques ill.",ISBN 0-7755-0707-5,,Français,"Montréal, QC",Primaire,2e année,
00000708,L'Éducation,Moines de Solesmes|Monseigneur Bornet,Les Enseignements pontificaux,Desclée & Cie,1955,1955-01-01,1955-12-31,,,"18 cm: ix, 510, 69 p.",,Comprend des tables et un index à la fin de l'ouvrage,Français,,,,
00000709,Célébrons ses merveilles : initiation chrétienne des enfants de 7-8 ans : livre de l'enfant,"Office catéchistique provincial|COURTEMANCHE-AUCLAIR, Jeanne",,Pédagogia inc.,[1965?],1965-01-01,1965-12-31,,,"23 cm: 139 p., ill. en coul.",,,Français,Québec,Primaire,7 et 8 ans,
00000710,Prions le Seigneur,"Office provincial de l'éducation chrétienne de l'Ontario (OPECO)|DESPATIE, Roger",,Office provincial de l'éducation chrétienne de l'Ontario; Novalis,1978,1978-01-01,1978-12-31,,,"22 cm: 95 p., ill.",ISBN 0-88587-021-2,,Français,"Ottawa, ON",,,
00000711,Révisions de fin d'année,,,s.n.,[19--?],1899-12-31,1999-12-31,,,21 cm: 10 p.,,,Français,,,,
00000712,Selon ta promesse fais-moi vivre : cathéchisme de enfants de 11-12 ans : livre de l'enfant,"TEMBLAY, Paul|BEAULIEU, Alberte|MCGRORY, Barry",,Éditions de l'Iris,[1969?],1969-01-01,1969-12-31,,,"22 cm: 144 p., ill. (certaines en coul.)",,,Français,"Montréal, QC",Intermédiaire,11 et 12 ans,
00000713,L'Évangile de Jésus-Christ,"AMIOT, François",,Éditions Paulines,1975,1975-01-01,1975-12-31,,Nouv. éd.,14 cm: 406 p.,,Comprend un index au début de l'ouvrage. -- ISBN 0-88940-506-5,Français,"Montréal, QC",,,
00000714,Rassemblés dans l'amour : catéchisme des enfants de 8-9 ans : guide du maître 3,"BÉRUBÉ, Jean-Paul|DARCY-BÉRUBÉ, Françoise|DUBEAU-LEGENTIL, Renée|SABOURIN, Lucie",,Éditions de l'action,1972,1972-01-01,1972-12-31,,,22 cm: 5 cahiers (358 p. en pag. multiples),,"Dépouillement : Rassemblés dans l'amour : catéchisme des enfants de 8-9 ans : guide du maître 3. -- Deuxième étape : Dieu notre père veut nous rassembler dans une seule famille. -- Quatrième étape : l'Église annonce au monde la joie de la Résurrection. -- Trois thèmes mobiles : Marie est notre mère, Le chrétien devant la souffrance et la mort, Le sacrement du pardon. -- Chants : exercices de maîtrise et d'expression corporelles",Français,Québec,Primaire,3e année,
00000715,Catéchisme biblique 3 : ma réponse : la morale,"BURKART, A.",,Fides,1961,1961-01-01,1961-12-31,,,"18 cm: P. 275-396, ill.",,,Français,"Montréal, QC",,,
00000716,Rassemblés dans l'amour : initiation chrétienne des enfants de 8 à 9 ans : guide du maître,,,Action sociale ltée.,[1966?],1966-01-01,1966-12-31,,,"22 cm: 28 cahiers (env. 370 p. en pag. multiples), ill. et cartes",,Comprend des partitions,Français,Québec,Primaire,3e année,
00000717,La Sainte Bible,École biblique de Jérusalem,,Éditions du Cerf,1961,1961-01-01,1961-12-31,,,"22 cm: xv, 1669 p.",,"Comprend un tableau, des tables, des cartes et des plans à la fin de l'ouvrage",Français,"Paris, FR",,,
00000718,Recueil de cantiques,"LATOUR, Conrad",,s.n.,[1932?],1932-01-01,1932-12-31,,,"18 cm: xviii, 323 p.",,Comprend des partitions,Français,"Ottawa, ON",Universitaire et Collégial,Universités; collège; couvents; séminaires; juniorat; noviciats; scolasticat,Enseignement religieux|Musique
00000719,La Célébration des sacrements,"LECLERC, Georges",,Fides,[1965?],1965-01-01,1965-12-31,,,19 cm: 213 p.,,Comprend des bibliogr. à la fin des chapitres,Français,"Montréal, QC",,,
00000720,"Actes des apôtres, épitres, apocalypses","LEPIN, M.",,Dumas,1948,1948-01-01,1948-12-31,,,18 cm: 444 p.,,"Sur la p. de t. : trad. sur le grec, avec introductions, divisions logiques, annotations, et recueil méthodique de tous les textes importants",Français,"Paris, FR",,,
00000721,La Bible en images : histoire sainte illustrée,"LAWRENCE, R. P.|LOVASIK, G.|BOURQUE, Marie-Jeanne",,Catholic Book Publishing Company,[1962?],1962-01-01,1962-12-31,,,"23 cm: 116 p., ill. en coul.",,,Français,"Montréal, QC",,,
00000722,"Célébrons ses merveilles : initiation chrétienne des enfants de 7-8 ans, deuxième année : livre de l'enfant","Office catéchistique provincial|COURTEMANCHE-AUCLAIR, Jeanne",,Pedagogia inc.,[1965?],1965-01-01,1965-12-31,,,"23 cm: 139 p., ill. en coul.",,,Français,Québec,Primaire,2e année,
00000723,Viens vers le Père : initiation chrétienne des enfants de 6-7 ans : livre de l'enfant,"Office cathéchisme provincial|COURTEMANCHE-AUCLAIR, Jeanne",,Fides,[1964?],1964-01-01,1964-12-31,,,"23 cm: 127 p., ill. en coul.",,,Français,"Montréal, QC",Primaire,Maternelle,
00000724,La Bonne Nouvelle par un homme appelé Jean,"VALLOTON, Annie",,Canadian Bible Society,[1972?],1972-01-01,1972-12-31,,1re éd.,"18 cm: 63 p., ill. et une carte",,Sur la couv. : Pourquoi ne me croyez vous pas ?. -- Sur la p. de t. : trad. en français courant d'après le texte grec. -- Comprend un glossaire à la fin de l'ouvrage,Français,"Toronto, ON",,,
00000725,La Bonne Nouvelle par un homme appelé Luc,"VALLOTON, Annie",,Canadian Bible Society,[1972?],1972-01-01,1972-12-31,,1er éd.,"18 cm: 87 p., ill. et une carte",,Sur la couv. : Pourquoi êtes vous troublés ?. -- Sur la p. de t. : trad. en français courant d'après le texte grec. -- Comprend un glossaire à la fin de l'ouvrage,Français,"Toronto, ON",,,
00000726,La Bonne Nouvelle par un homme appelé Marc,"VALLOTON, Annie",,Canadian Bible Society,[1972?],1972-01-01,1972-12-31,,1re éd.,"18 cm: 57 p., ill. et une carte",,Sur la couv. : Pourquoi avez vous peur ?. -- Sur la p. de t. : trad. en français courant d'après le texte grec. -- Comprend un glossaire à la fin de l'ouvrage,Français,"Toronto, ON",,,
00000727,La Bonne Nouvelle par un homme appelé Matthieu,"VALLOTON, Annie",,Canadian Bible Society,[1972?],1972-01-01,1972-12-31,,1re éd.,"18 cm: 82 p., ill. et une carte",,Sur la couv. : Pourquoi désobéissez vous  ?. -- Sur la p. de t. : trad. en français courant d'après le texte grec. -- Comprend un glossaire à la fin de l'ouvrage,Français,"Toronto, ON",,,
00000728,Le nouveau testament,Société catholique de la Bible|Association catholique des études bibliques au Canada,,Fides,1959,1959-01-01,1959-12-31,,3e éd.,"17 cm: 719 p., cartes",,"Sur la couv. : 1,440 mille. -- Comprend des tables à la fin de l'ouvrage",Français,"Montréal, QC",,,
00000729,"Les Tout-Petits dans le royaume : livre de l'éducateur, tome I",Soeurs de l'Assomption de la Sainte-Vierge de Nicolet,,Éditions du bien public,1953,1953-01-01,1953-12-31,1952-09-24,,"21 cm: 370 p., quelques ill.",,Sur la p. de t. : expériences catéchistiques en première et deuxième année. -- Comprend quelques partitions. -- Comprend des suppléments à la fin de l'ouvrage,Français,"Trois-Rivières, QC",Primaire,1ère et 2e année,
00000730,"Les Tout-Petits dans le royaume : livre de l'éducateur, tome II",Soeurs de l'Assomption de la Sainte-Vierge de Nicolet,,Éditions du bien public,1953,1953-01-01,1953-12-31,,,"21 cm: 395 p., quelques ill.",,Sur la p. de t. : expériences catéchistiques en première et deuxième année,Français,"Trois-Rivières, QC",Primaire,1ère et 2e année,
00000731,"Catéchisme catholique populaire : allez, enseignez","SPIRAGO, François",,Éditions Apostolicum,1950,1950-01-01,1950-12-31,,Éd. canadienne,"23 cm: xxx, 635 p.",,Comprend une table alphabétique à la fin de l'ouvrage,Français,"Laprairie, QC",,,
00000732,Expositions d'aides audio-visuelles : à l'intention des personnes chargées de catéchèse,"PIGEON, L. P.|Comité catéchistique de l'École normale de l'Université d'Ottawa",,École normale de l'Université d'Ottawa,1966,1966-01-01,1966-12-31,,,28 cm: env. 166 p. en pag. multiples,,,Français,"Ottawa, ON",,,
00000733,Nouveau Testament,Société catholique de la Bible|Association catholique des études bibliques au Canada,,Fides,1959,1959-01-01,1959-12-31,,"2e éd., revue et corrigée","16 cm: 672 p., cartes",,Sur la p. de t. : 400e mille. -- Comprend des tables à la fin de l'ouvrage,Français,"Montréal, QC",,,
00000734,Gymnastique rythmique et danses de folklore : un cours d'éducation physique,"BARTLETT, Fred|ACKERMAN, Dorothy|MOORE, Marjorie|GRENIER, Cecile|DUMOULIN, Luce|MALCOM, Scott|GODDEN, Reginald=",,"Clarke, Irwin & Company Ltd.",1946,1946-01-01,1946-12-31,,,24 cm: 84 p.,,,Français,"Toronto, ON",Primaire,Primaire,
00000735,Gymnastique rythmique et danses de folklore : un cours d'éducation physique,"BARTLETT, Fred|ACKERMAN, Dorothy|MOORE, Marjorie|GRENIER, Cecile|DUMOULIN, Luce|MALCOM, Scott|GODDEN, Reginald=",,"Clarke, Irwin & Company Ltd.",1952,1952-01-01,1952-12-31,,,24 cm: 84 p.,,Sur la couv. : n'employer ce manuel qu'avec le nouvel album de disque 33 tours,Français,"Toronto, ON",Primaire,Primaire,
00000736,"Encore Paul, Jeanne et Lise","BARUCH, Dorothy|MONTGOMERY, Elizabeth|CAMPBELL, Eleanor",Santé,W. J. Gage & Co. Ltd.,[19--?],1899-12-31,1999-12-31,,,"20 cm: 128 p., ill. en coul.",,Sur le dos de l'ouvrage : A. -- Adap. de Good Times with Our Friends,Français,"Toronto, ON",Primaire,6 ans,
00000737,Une famille heureuse,"BARUCH, Dorothy|MONTGOMERY, Elizabeth|STORY HURFORD, Miriam",Santé,W. J. Gage & Co. Ltd.,[19--?],1899-12-31,1999-12-31,,,"20 cm: 191 p., ill. en coul.",,Sur le dos de l'ouvrage : C. -- Adap. de Five in the Family,Français,"Toronto, ON",Primaire,[Enfants de 6 ans],
00000738,Rhythms ans Dances : A Course in Physical Education,"BARTLETT, Fred|ACKERMAN, Dorothy|MOORE, Marjorie",,"Clarke, Irwin & Company Ltd.",1946,1946-01-01,1946-12-31,,,25 cm: 80 p.,,,Anglais,"Toronto, ON",,,
00000739,Physical Education for Primary Grades,"CAHTWIN, Nora",,The House of Grant Canada Ltd.,[1956?],1956-01-01,1956-12-31,,,"20 cm: 132 p., ill. en coul.",,Comprend un glossaire à la fin de l'ouvrage,Anglais,"Toronto, ON",Primaire,Primaire,
00000740,"Pour faire jouer nos petits : I. Jeux d'intérieur, II. Joujoux et jouets, III. Lili et Pierrot, IV. Jeux en plein air",,,Librairie Fernand Nathan,1931,1931-01-01,1931-12-31,,"5e éd., revue et corrigée","23 cm: 88 p., ill.",,,Anglais,"Paris, FR",Primaire,[Primaire],
00000741,Récréations et jeux,"FALIZE, Julien|SZOSTAK, Edmond",,Belgique.Ministère de l'Éducation nationale et de la Culture,1962,1962-01-01,1962-12-31,,2e éd.,"22 cm: env. 240 p. en pag. multiples, ill.",,Sur la couv. : Service national de la jeunesse. -- Comprend une bibliogr. au début de l'ouvrage,Français,"Bruxelles, BE",,,
00000742,Les Années de l'adolescence,"DE LÉAN, Pierre|MORAN, Connie|ERNST, Clara|TRAUGOTT, Felix|SHACTER, Helen|GARDNER JENKINS, Gladys|BAUER, W. W.",Santé,W. J. Gage & Co. Ltd.,[19--?],1899-12-31,1999-12-31,,,"21 cm: 360 p., ill. (certaines en coul.)",,Adap. de : Into Your Teens. -- Comprend un lexique et un index à la fin de l'ouvrage,Français,"Toronto, ON",,,
00000743,La Petite Voisine,"DE LÉAN, Pierre|STEED, Ruth|BARUCH, Dorothy|MONTGOMERY, Elizabeth|BAUER, W. W.",Santé,W. J. Gage & Co. Ltd.,[19--?],1899-12-31,1999-12-31,,,"21 cm: 256 p., ill. (certaines en coul.)",,Adap. de : The Girl Next Door. -- Comprend un index à la fin de l'ouvrage,Français,"Toronto, ON",,,
00000744,Vous grandissez,"DE LÉAN, Pierre|MORAN, Connie|ERNST, Clara|TRAUGOTT, Felix|SHACTER, Helen|GARDNER JENKINS, Gladys|BAUER, W. W.",Santé,W. J. Gage & Co. Ltd.,[19--?],1899-12-31,1999-12-31,,,"21 cm: 320 p., ill. (certaines en coul.)",,Adap. de : You're Growing Up. -- Comprend un lexique et un index à la fin de l'ouvrage,Français,"Toronto, ON",,,
00000745,Heures joyeuses,"MONTGOMERY, Elizabeth|BAUER, W. W.|STEED, Ruth",Santé,W. J. Gage & Co. Ltd.,[19--?],1899-12-31,1999-12-31,,,"20 cm: 95 p., ill. en coul.",,Adap. de : Happy Days with our friends. -- Sur le dos de l'ouvrage : P,Français,"Toronto, ON",,,
00000746,Les Trois Amis,"MONTGOMERY, Elizabeth|BARUCH, Dorothy|STEED, Ruth",Santé,W. J. Gage & Co. Ltd.,[19--?],1899-12-31,1999-12-31,,,"20 cm: 159 p., ill. en coul.",,Adap. de : Three Friends. -- Sur le dos de l'ouvrage : B,Français,"Toronto, ON",,,
00000747,"Manuel de bienséance : 1re, 2e et 3e années","GAGNIER, Jacques",L'Élève et le Maître,Fides,1957,1957-01-01,1957-12-31,,,"25 cm: 64 p., ill. en coul.",,,Français,"Montréal, QC",Primaire,1ère à 3e année,
00000748,Pour votre santé,"PÉPIN, Jean-Guy|HILDER, Charles|VINCENT, Rodolphe|BEAUGRAND-CHAMPAGNE, Louise",Santé et sécurité ; 6,Lidec inc.,[1968?],1968-01-01,1968-12-31,,,"23 cm: 212 p., ill. et graph. (certains en coul.)",,Comprend un index à la fin de l'ouvrage,Français,"Montréal, QC",,,
00000749,De bonnes habitudes 4,"DUFOUR, Yvan|PRIMEAU, Gilles|André l'archevêque|PÉPIN, Jean-Guy",Santé et sécurité ; 4,Lidec inc.,[1970?],1970-01-01,1970-12-31,,,"23 cm: 174 p., ill. en coul.",,Comprend un index à la fin de l'ouvrage,Français,"Montréal, QC",,,
00000750,Manuel de soins au foyer à l'usage des jeunes,La Croix-Rouge de la jeunesse,,La Société canadienne de la Croix-Rouge,1963,1963-01-01,1963-12-31,,,"22 cm: 205 p., ill. en coul.",,Comprend un lexique et un index à la fin de l'ouvrage,Français,"Toronto, ON",Intermédiaire|Secondaire,Adolescents,
00000751,Cultivons-nous,"FERDINAND, Jean",,Jean Ferdinand,1949,1949-01-01,1949-12-31,,2e éd.,25 cm: 142 p.,,,Français,"Ottawa, ON",,,
00000752,Renseignons-nous,"FERDINAND, Jean",,Jean Ferdinand,1950,1950-01-01,1950-12-31,,2e éd.,25 cm: 144 p.,,,Français,"Ottawa, ON",,,
00000753,"Santé, sécurité, succès","GILBERT, Jules",,Ginn and company,[19--?],1899-12-31,1999-12-31,,,21 cm: 272 p.,,Comprend un index à la fin de l'ouvrage,Français,"Toronto, ON",,,
00000754,Vous et les autres,"DE LÉAN, Pierre|PARKER, Guy|TRAUGOTT, Felix|ERNST, Clara|SHACTER, Helen|BAUER, W. W.",Santé ; 6,W. J. Gage & Co. Ltd.,[19--?],1899-12-31,1999-12-31,,,"21 cm: 288 p., ill. (certaines en coul.)",,Adap. de : You and Others. -- Comprend un lexique et un index à la fin de l'ouvrage,Français,"Toronto, ON",,,
00000755,Vous et votre santé,"DE LÉAN, Pierre",Santé,W. J. Gage & Co. Ltd.,[19--?],1899-12-31,1999-12-31,,,"21 cm: 297 p., ill. (certaines en coul.)",,"Adap. française des manuels de la séries, Health and Personal Development. -- Comprend un index à la fin de l'ouvrage",Français,"Toronto, ON",,,
00000756,Sciences naturelles 58-59 : 1re à 8e années,"LÉVESQUE, Denis",,Élèves de l'École normale,1959,1959-01-01,1959-12-31,,,"28 cm: env. 42 p., ill.",,,Français,,Primaire|Intermédiaire,1ère à 8e année,
00000757,Manuel de bienséances : 4e et 5e années,"PETITDIDIER, M.",,Fides,1957,1957-01-01,1957-12-31,1967-02-09,,"25 cm: 64 p., ill. en coul.",,,Français,"Montréal, QC",Primaire,4e et 5e année,
00000758,"Manuel d'hygiène, de bienséance, de civisme : pour les classes de 2e et 9e année",,,Librairie J.-A. Parent,1944,1944-01-01,1944-12-31,,,22 cm: 96 p.,,"Sur la couv. : 130e mille, ouvrage approuvé par le Comité catholique du Conseil de l'instruction publique",Français,"Montréal, QC",Primaire|Intermédiaire|Secondaire,2e à 9e année,
00000759,Au grand air 3,"ORVOINE, Robert|DELVAL, Yvonne|PÉPIN, Jean-Guy|DELISLE, Jacques",Santé et Sécurité ; 3,Lidec inc.,[1969?],1969-01-01,1969-12-31,,,"23 cm: 112 p., ill. en coul.",,,Français,"Montréal, QC",Primaire,[Primaire],
00000760,Initiation à l'hygiène,"PÉPIN, Jean-Guy|GRONDINES, Jacques|FROUNIER, Bernard",,Centre de psychologie et de pédagogie,1957,1957-01-01,1957-12-31,,,"21 cm: xxii, 359 p., ill., graph. et tableaux",,Comprend une bibliogr. et un lexique à la fin de l'ouvrage,Français,"Montréal, QC",,,
00000761,Vous grandissez 5,"PÉPIN, Jean-Guy|PLANTE, Jacques|ROGER, Yvonne|L'Archevêque André",Santé et Sécurité ; 5,Lidec inc.,[1970?],1970-01-01,1970-12-31,,,"24 cm: 203 p., ill. en coul.",,Comprend un index à la fin de l'ouvrage,Français,"Montréal, QC",Primaire|Intermédiaire,10 et 11 ans,
00000762,Une bonne journée 2,"ROGER, Yvonne|PÉPIN, Jean-Guy|ROY, Raymond|",Santé et Sécurité ; 2,Lidec inc.,[1968?],1968-01-01,1968-12-31,,,"23 cm: 80 p., ill. en coul.",,,Français,"Montréal, QC",,,
00000763,Éléments de puériculture,"BURR, Dorothy G.|FOREST, Françoise",,McGraw-Hill,[1972?],1972-01-01,1972-12-31,,,"24 cm: 162 p., ill.",,Comprend un index à la fin de l'ouvrage. -- ISBN 0-07-092986-6,Français,"Montréal, QC",,,
00000764,"La Formation de la personnalité : l'adolescence, hygiène, le vieillissement","HANDLER, Joseph|SAURET, André |LÉVY, Raymond|KNAPP, Peter|VERDOUX, Jacques|D'ADLER, Marie-Ange",Le Livre de la santé ; 13,Rencontre,[1968?],1968-01-01,1968-12-31,,,"27 cm: 157 p., ill. (certaines en coul.)",,Comprend un glossaire à la fin de l'ouvrage,Français,"Monte Carlo, FR",,,
00000765,Ton livre de santé,"PÉPIN, Jean-Guy|D'AMOUR, Gabrielle|HILDER, Charles|FUMET-VINCENT, Odette|VINCENT, Rodolphe|BEAUGRAND-CHAMPAGNE, Louise",Santé et Sécurité ; 1,Lidec inc.,1967,1967-01-01,1967-12-31,,,"23 cm: 71 p., ill. en coul.",,,Français,"Montréal, QC",,,
00000766,Ton livre de santé,"PÉPIN, Jean-Guy|D'AMOUR, Gabrielle|HILDER, Charles|FUMET-VINCENT, Odette|VINCENT, Rodolphe|BEAUGRAND-CHAMPAGNE, Louise",Santé et Sécurité ; 1,Lidec inc.,1971,1971-01-01,1971-12-31,,2e éd.,"23 cm: 71 p., ill. en coul.",,,Français,"Montréal, QC",,,
00000767,La langue parlée : travaux du XIè congrès de l'Association canadienne des éducateurs de langue française sur le français parlé au Canada,"Association canadienne des éducateurs de langue française|VINETTE, Roland",,Éditions l'ACELF; Centre de psychologie et de pédagogie,1958,1958-01-01,1958-12-31,,,24 cm: 193 p.,,,Français,"Montréal, QC",,,
00000768,Le parler français : travaux du XIIIe congrès de l'Association canadienne des éducateurs de langue française,"Association canadienne des éducateurs de langue française|VINETTE, Roland",,Éditions l'ACELF; Centre de psychologie et de pédagogie,1960,1960-01-01,1960-12-31,,,24 cm: 197 p.,,,Français,"Montréal, QC",,,
00000769,"Le français parlé au cours secondaire : lecture, vocabulaire, correction, grammaire : leçon 1 à 15","BOULET, Gilles|GAGNÉ, Lucien",,Les Presses de l'Université Laval,1962,1962-01-01,1962-12-31,,,"22 cm: 228 p., ill.",,Sur la p. de t. : éléments latins - 8e année,Français,Québec,Intermédiaire,8e année,
00000770,Phonétique appliquée,"CLAS, André|DEMERS, Jeanne|CHARBONNEAU, René",,Librairie Beauchemin limitée,1968,1968-01-01,1968-12-31,,,"23 cm: xv, 265 p., ill., graph. et tableaux",,"Comprend une bibliogr., des tableaux et des index à la fin de l'ouvrage",Français,"Montréal, QC",,,
00000771,L'Orthographe méthodique : cours élémentaire 1re année,"DENÈVE, Pierre",L'Orthographe méthodique ; 1,Fernand Nathan,1964,1964-01-01,1964-12-31,,,"21 cm: 63 p., quelques ill.",,,Français,"Paris, FR",Système français,"1ère année, primaire (France)",
00000772,C.A.F.É. : cours autodidactique de français écrit : cahier 1,"DUPRIEZ, Bernard",,s.n.,[1976?],1976-01-01,1976-12-31,,,35 cm: 169 p.,,"Sur la p. de t. : FRA 1951F Langue écrite, enseignement sur mesure. -- Comprend une bibliogr. au début de l'ouvrage",Français,"Ottawa, ON",,,
00000773,Grammaire française expliquée : tome 2,"GAITSKELL, C. D.GALICHET, G.|GALICHET, R.|GAUTHIER, Robert|GAUTHIER, Gilles",Grammaires expliquées Galichet,H.M.H.,[1968?],1968-01-01,1968-12-31,,,"22 cm: 251 p., quelques ill. et tableaux",,Comprend un index à la fin de l'ouvrage,Français,"Montréal, QC",Secondaire,Secondaire 1 et 2,
00000774,Grammaire française expliquée : tome 3,"GAITSKELL, C. D.GALICHET, G.|GALICHET, R.|GAUTHIER, Robert|GAUTHIER, Gilles",Grammaires expliquées Galichet,H.M.H.,[1969?],1969-01-01,1969-12-31,,,"22 cm: 297 p., quelques ill. et tableaux",,Comprend un lexique à la fin de l'ouvrage,Français,"Montréal, QC",Secondaire,Secondaire 2 et 3,
00000775,"De la langue parlée à la langue écrite : exercices structuraux : livre 1, élèves","GENOUVRIER, Emile|POULIN, Daniel",Les Structures de la langue française,Éd. française inc.,[1974?],1974-01-01,1974-12-31,,,28 cm: 92 p.,,,Français,Québec,Primaire,3e et 4 année,
00000776,"Beaux Livres, belles lectures","HUSSON, Julien|TORESSE, Bernard",,Librairie Larousse,[1963?],1963-01-01,1963-12-31,,,"22 cm: 335 p., ill.",,"Sur la p. de t. : recherches et travaux dirigés, classes de transitions",Français,"Paris, FR",Intermédiaire|Secondaire,11 à 14 ans,
00000777,J'apprend le français au fil des jours,"SOULIÈRE, A.|SOULIÈRE, N.|LEBLANC, Gérald",J'apprend le français au fil des jours ; 2,Hurtubise HMH ltée.,[1979?],1979-01-01,1979-12-31,,,"22 cm: 248 p., ill. en coul.",,Sur la couv. : 5e année. -- ISBN 2-89045-185-2,Français,"La Salle, QC",Primaire,5e année,
00000778,J'apprend le français au fil des jours,"SOULIÈRE, A.|SOULIÈRE, N.",J'apprend le français au fil des jours ; 3,Hurtubise HMH ltée.,[1979?],1979-01-01,1979-12-31,,,"22 cm: 252 p., ill. en coul.",,Sur la couv. : 6. -- ISBN 2-89045-186-0,Français,"La Salle, QC",Primaire,6e année,
00000779,No-1 Phonétique appliquée [enregistrement sonore],"UGUAY, Huguette|LÉTOURNEAU, Jacques",,L'École et l'Étudiant,[1967?],1967-01-01,1967-12-31,,,"18 cm: 1 disque sonore, analogique, 45, stéréo",,"Textes extraits de la revue : L'école, septembre 1967, p. de Phonétique appliquée. -- Disque dans un carton. -- Sommaire : Face A, Principaux allophones du franco-canadien. -- Face B, Exercices pratiques d'application. -- MG-6184",Français,"La Prairie, QC",,,
00000780,Exercices orthographiques : livre du maître,F. P. B.|Frères des écoles chrétiennes,Ouvrages classiques,Alfred Mame et Fils,1899,1899-01-01,1899-12-31,,Nouv. éd.,"18 cm: xii, 636 p.",,,Français,"Tours, FR",Système français,2e et 3e année (France),
00000781,"Le français parle au cours secondaire : phonétique, lecture, vocabulaire : guide du professeur","BOULET, Gilles|GAGNÉ, Lucien|GENDRON, Jean-Denis",,Les Presses de l'Université Laval,1963,1963-01-01,1963-12-31,,,28 cm: 101 p.,,,Français,Québec,Secondaire,9e année,
00000782,Français 1,"BRECKX, M.|CHERDON, C.|MAYENCE, J.",La Classe de langue française,A. de Boeck,[1978?],1978-01-01,1978-12-31,,2e éd.,"22 cm: 251 p., ill. et tableaux",,Comprend un index et un lexique à la fin de l'ouvrage,Français,"Bruxelles, BE",Secondaire,Secondaire 1,
00000783,"La Prononciation française et la Diction : à l'usage des écoles, des gens du monde et des étrangers","CAUVET, Alfred",,Librairie Ollendorff,[19--?],1899-12-31,1999-12-31,,18e éd.,19 cm: 116 p.,,,Français,"Paris, FR",,,
00000784,"Méthode d'élocution et de déclamation : à l'usage des collèges, pensionnats et autres établissement d'instruction publique : I. cours élémentaire","COLONNIER, P.",,Librairie Beauchemin limitée,[19--?],1899-12-31,1999-12-31,1902-09-10,3e éd.,19 cm: 127 p.,,Sur la couv. : collection de morcaux choisis classés suivant un ordre raisonné et accompagnés de signes phonétiques ayant pour but d'en rendre la récitation plus facile,Français,"Montréal, QC",Universitaire et Collégial,Collèges; pensionnats; autres établissement d'instruction publique,
00000785,"Phonetique orthophonique à l'usage des canadiens français : orthophonie, exercices de correction, textes de lecture","GENDRON, Jean-Denis",,Les Presses de l'Université Laval,[19--?],1899-12-31,1999-12-31,,,"28 cm: 266 p., ill.",,,Français,Québec,,,
00000786,Zizags autour de nos parlers : simples notes,"GEOFFRION, Louis Philippe",,Louis Philippe Geoffrion,1925,1925-01-01,1925-12-31,,2e éd.,18 cm: 222 p.,,Comprend une table alphabétique à la fin de l'ouvrage,Français,Québec,,,
00000787,IV Le plan : méthode conjuguée d'explication de textes et de composition française,"GESLIN, L.","Méthode de composition française, progressive et complète ; IV",J. de Gigord,1955,1955-01-01,1955-12-31,,6e éd.,"21 cm: 370 p., ill.",,Comprend un index à la fin de l'ouvrage,Français,"Paris, FR",Système français,3e et 4e année (France),
00000788,Cours de français de lectures graduées,"MAGNAN, J.-Roch",,Librairie Beauchemin limitée,1902,1902-01-01,1902-12-31,,,"18 cm: xii, 770 p., ill.",,,Français,"Montréal, QC",Système français,Degré supérieur,
00000789,Méthode pratique et raisonnée de style et de composition : livre du maître,"ROBERT, E.",,E. Gay,1881,1881-01-01,1881-12-31,,,18 cm: 503 p.,,,Français,"Lyon, FR",Système français,2e année (France),
00000790,Nouveau traité de diction française,"DE VIENNE, Lucie",,Éditions pensée moderne; Lidec inc.,[1966?],1966-01-01,1966-12-31,,,17 cm: 336 p.,,Comprend des notes biographiques au début de l'ouvrage. -- Comprend des annexes et une bibliogr. à la fin de l'ouvrage,Français,"Paris, FR|Montréal, QC",,,
00000791,"Vocabulaire français appliqué : à l'usage des 2e, 3e, 4e et 5e années : première partie","BÉDARD, Joseph|DUSSAULT, H.",,L'Éclair,1953,1953-01-01,1953-12-31,,8e éd.,23 cm: 185 p.,,,Français,"Hull, QC",Primaire,2e à 5e année,
00000792,Exercices de phonétique française,"BERGERON, Richard",,Pedagogia inc.,1966,1966-01-01,1966-12-31,,,25 cm: 48 p.,,"Sur la couv. : monographies, collection, techniques",Français,Québec,,,
00000793,Exercices de phonétique française : corrigé,"BERGERON, Richard",,Pedagogia inc.,1966,1966-01-01,1966-12-31,,,25 cm: 48 p.,,"Sur la couv. : monographies, collection, techniques",Français,Québec,,,
00000794,"Le Français parlé au cours secondaire : phonétique, lecture, vocabulaire,","BOULET, Gilles|GAGNÉ, Lucien",,Les Presses de l'Université Laval,1962,1962-01-01,1962-12-31,,,"22 cm: P. 295-614, quelques ill.",,Sur la couv. : leçon 46 à 60. -- Sur la p. de t. : synthaxe - 9e année,Français,Québec,Secondaire,9e année,
00000795,Phonétique : théorie et pratique (français moderne),"DEMERS, Jeanne|CHARRON, René",,Centre de psychologie et de pédagogie,1962,1962-01-01,1962-12-31,,,"25 cm: 133 p., ill.",,Comprend une bibliogr. à la fin de l'ouvrage,Français,"Montréal, QC",,,
00000796,L'Enseignement des langues au Canada : esquisse historique travaux d'étudiants,"GERMAIN, Claude",,Université de Montréal et Université d'Ottawa,1975,1975-01-01,1975-12-31,,,"27 cm: 103 p., graph. et tableaux",,"Comprend une bibliogr. à la fin de l'ouvrage. -- Sommaire : Historique des méthodes d'enseignement de l'anglais, langue seconde, au Québec / Michel Audet. -- La Formation des professeurs de français langue seconde au Québec / Rachel Baril et Germaine Bitton-Elbaz. -- La Situation de l'enseignement des langues secondes au Canada en 1928 et 1968 ou quarante ans de bilinguisme Québécois et d'unilingue Canadien / Maurice Coté. -- Évolution de l'enseignement du français, langue seconde dans les écoles du Protestant School Board of Greater Montréal / Robert Nahmiash. -- Les Méthodes d'enseignement des langues / Françoise Page-Mongeau. -- Données sur la formation du professeur du français, langue seconde, à la lumière des historiens et de quelques rapports d'enquêtes / André Provencher. -- L'Évolution de l'enseignement du français, langue seconde, dans les écoles secondaires anglophones du Québec : 1960-1975 / Marie-France Riendeau",Français,"Montréal, QC|Ottawa, ON",,,
00000797,Les Vices de la parole,"GRÉGOIRE, Antoine|GUÉRIN, Marc-Aimé",,Département d'études pédagogiques Beauchemin,1963,1963-01-01,1963-12-31,,Éd. canadienne,"22 cm: 70 p., quelques ill.",,Comprend des notes bibliogr. à la fin de l'ouvrage,Français,"Montréal, QC",,,
00000798,Le Français au cycle intermédiaire / I : la banque d'instruments de mesure de l'Ontario,"JOLY, Jean-Marie|CAYEN, Alice|TESSIER, Jean-Marc|GIROUX, Jacques|DESJARDINS, Raymond|PILON, Ghislaine",,ministre de l'Éducation de l'Ontario,[1982?],1982-01-01,1982-12-31,,,"28 cm + 2 cassettes sonores (analogique): x, 168 p., ill. (certaines en coul.)",,"Sur la couv. : savoir écrire, savoir parler. -- Matériel d'accompagnement : Français, cycle intermédiaire, Savoir parler Cassette 1. -- Français, cycle intermédiaire, Savoir parler Cassette 2. -- ISBN 0-7743-7554-x. -- ISSN 0228-0949",Français,"Toronto, ON",Système français,Cycle intermédiaire,
00000799,Le Français au cycle moyen I : la banque d'instruments de mesure de l'Ontario,"JOLY, Jean-Marie|CAYEN, Alice|TESSIER, Jean-Marc|GIROUX, Jacques|DESJARDINS, Raymond|PILON, Ghislaine",,ministre de l'Éducation de l'Ontario,[1982?],1982-01-01,1982-12-31,,,"28 cm + 1 cassette sonore (analogique): viii, 107 p., ill. (certaines en coul.)",,"Sur la couv. :  savoir parler, savoir écrire. -- Matériel d'accompagnement : La banque d'instruments de mesure de l'Ontario : Le français au cycle moyen - I. -- ISBN 0-7743-7337-7. -- ISSN 0228-0949",Français,"Toronto, ON",Système français,Cycle moyen,
00000800,"Phonétique et Diction : à l'usage des maîtres de l'enseignement primaire supérieur, de l'enseignement secondaire et des écoles normales","JUNEAU, Rolland|MOUSSU, L.",,Librairie Beauchemin limitée,1935,1935-01-01,1935-12-31,1934,,22 cm: 197 p.,,Comprend un index à la fin de l'ouvrage,Français,"Montréal, QC",Système français,Primaire supérieur; secondaire; écoles normales,
00000801,Les Éléments de phonétique française,"LANDREAU, Georges",,s.n.,[19--?],1899-12-31,1999-12-31,1931-02-04,12e éd.,18 cm: 93 p.,,,Français,,,,
00000802,Phonétique et Diction,"LAURENCE, J. M.|DE GIVES, Jean|GODIN, Guy|GADOUAS, Robert",,Centre de psychologie et de pédagogie,1961,1961-01-01,1961-12-31,,,21 cm: 76 p.,,,Français,"Montréal, QC",,,
00000803,Fonetik : la phonétique rendue facile : un manuel de phonétique française,"LEBRUN, Armande",,Lidec inc.,[1967?],1967-01-01,1967-12-31,,,21 cm: 116 p.,,Comprend une bibliogr. à la fin de l'ouvrage,Français,"Montréal, QC",,,
00000804,Initiation à la phonétique,"BERGERON, Richard",,Centre de psychologie et de pédagogie,[19--?],1899-12-31,1999-12-31,,Nouv.,"19 cm: 151 p., quelques ill.",,Comprend une bibliogr. au début de l'ouvrage. -- Comprend des appendices et des index à la fin de l'ouvrage,Français,"Montréal, QC",Universitaire et Collégial,Écoles normales et titulaire du niveau primaire et secondaire,
00000805,"Le Français parlé au cours secondaire : lecture, vocabulaire, correction, grammaire","BOULET, Gilles|GAGNÉ, Lucien",,Les Presses de l'Université Laval,1962,1962-01-01,1962-12-31,,,"22 cm: P. 229-456, ill.",,Sur la couv. : leçons 16 à 30. -- Sur la p. de t. : éléments latins - 8e année,Français,Québec,Intermédiaire,8e année,
00000806,"Le Français parlé au cours secondaire : phonétique, lecture, vocabulaire","BOULET, Gilles|GENDRON, Jean-Denis|GAGNÉ, Lucien",,Les Presses de l'Université Laval,1963,1963-01-01,1963-12-31,,,"21 cm: P. 398-479, ill.",,Sur la couv. : leçons 51 à 54. -- Sur la p. de t. : synthaxe - 9e année,Français,Québec,Secondaire,9e année,
00000807,Guide pédagogique 1 : avec des notes sur l'évaluation des travaux,"BRECKX, M.|CHERDON, C.|LECLERCQ, Yves",La Classe de la langue française,A. de Boeck,[1977?],1977-01-01,1977-12-31,,,"22 cm: 133 p., cartes",,,Français,"Bruxelles, BE",Secondaire,Secondaire 1,
00000808,An Introduction to French Speech Habits,"DELATTRE, Pierre",,"Holt, Rinehart and Winston Limited",[1947?],1947-01-01,1947-12-31,,,20 cm: 55 p.,,Comprend un glossaire à la fin de l'ouvrage,Anglais,États-Unis,,,
00000809,La Phonétique internationale au service de l'école active,"FILITRAULT, Béatrice",,Librairie Beauchemin limitée,1967,1967-01-01,1967-12-31,,,"22 cm: xviii, 217 p.",,Comprend un lexique et une bibliogr. à la fin de l'ouvrage,Français,"Montréal, QC",Universitaire et Collégial,Professeurs du primaire et secondaire,
00000810,III. La Narration : méthode conjuguée d'explication de textes et de composition française : livre du maître,"GESLIN, L.",Méthode de composition française progressive et complète ; III,J. De Gigord,1950,1950-01-01,1950-12-31,,2e éd.,18 cm: 237 p.,,,Français,"Paris, FR",Système français,"2e année, cours supérieur (France); année préparatoire (France); 1ère année des E.P.S. (France); 5e et 6e (France)",
00000811,III. La Narration : méthode conjuguée d'explication de textes et de composition française,"GESLIN, L.|ROUSSEAU, Pierre",Méthode de composition française progressive et complète ; III,J. De Gigord,1954,1954-01-01,1954-12-31,,10e éd.,"21 cm: viii, 400 p., ill.",,,Français,"Paris, FR",Système français,"2e année, cours supérieur (France); année préparatoire(France); 1re année des E.P.S. (France); 5e et 6e (France)",
00000812,III. La Narration : méthode conjuguée d'explication de textes et de composition française,"GESLIN, L.|ROUSSEAU, Pierre",Méthode de composition française progressive et complète ; 3,J. De Gigord,1956,1956-01-01,1956-12-31,,11e éd.,"21 cm: viii, 400 p., ill.",,,Français,"Paris, FR",Système français,"2e année, supérieur (France); Année préparatoire (France); 1ère année des E.P.S. (France); 5e et 6e (France)",
00000813,III. La Narration : méthode conjuguée d'explication de textes et de composition française,"GESLIN, L.|LAURENCE, J. M.|D'AOUST, Aurèle",Méthode de composition française progressive et complète ; III,J. De Gigord,1959,1959-01-01,1959-12-31,1959-05-01,Éd. canadienne,"21 cm: xxv, 506 p., ill.",,,Français,"Paris, FR",Intermédiaire|Secondaire,8e et 9e année,
00000814,IV. Le Plan : méthode conjuguée d'explication de textes et de composition française : livre du maître,"GESLIN, L.|LAURENCE, J. M.|D'AOUST, Aurèle",Méthode de composition française progressive et complète ; III,J. De Gigord,1957,1957-01-01,1957-12-31,,Éd. canadienne,"18 cm: viii, 118 p., ill.",,,Français,"Paris, FR",Système français,3e et 4e année (France),
00000815,Introduction à la phonétique corrective : à l'usage des professeurs de français à l'étranger,"LÉON, Pierre|LÉON, Monique","Le Français dans le monde, bureau d'étude et de liaison",Librairie Hachette et Larousse,[1964?],1964-01-01,1964-12-31,,,"21 cm: xiii, 98 p., ill. et tableaux",,Comprend une bibliogr. à la fin de l'ouvrage,Français,"Paris, FR",,,
00000816,Vocabulaire de l'éducation au Québec,Québec. Ministère de l'éducation,,Service d'information du ministère de l'Éducation du Québec,1968,1968-01-01,1968-12-31,,,23 cm: 63 p.,,,Français,Québec,,,
00000817,No 1 Norme du français écrit et parlé au Québec,Office de la langue française du Québec,,ministère des Affaires culturelles du Québec,1965,1965-01-01,1965-12-31,,,22 cm: 12 p.,,,Français,Québec,,,
00000818,200 expressions orales ... à corriger : corrigé,"UGUAY, Huguette",,La Centrale audio-visuelle inc.,[19--?],1899-12-31,1999-12-31,,,22 cm: 8 p.,,Comprend une bibliogr. à la fin de l'ouvrage,Français,"Montréal, QC",,,
00000819,A partir de quand la langue maternelle n'est-elle plus la langue première de communication ?,"WEAVER, James",Actes de colloque ; 1,Institut franco-ontarien,[1978?],1978-01-01,1978-12-31,,,"23 cm: 135 p., graph. et tableaux",,"Sur la couv. : actes de colloque 1, février 1978",Français,"Sudbury, ON",,,
00000820,Au fer à cheval : comédie en cinq actes et en français facile,"DE BEAUDMONT, Pierre",Textes en français facile,Hachette,[1964?],1964-01-01,1964-12-31,,,"17 cm: 80 p., ill.",,,Français,"Paris, FR",,,
00000821,Initiation à la phonétique,"BERGERON, Richard",,Pedagogia inc.,[1966?],1966-01-01,1966-12-31,,"3e éd., entièrement revisée","20 cm: 87 p., quelques ill.",,Sur la couv. : . -- Comprend une bibliogr. au début de l'ouvrage. -- Comprend des appendices et un index à la fin de l'ouvrage,Français,Québec,Universitaire et Collégial,"Étudiants des facultés de sciences de l'éducation et des écoles normales, professeurs de tous les niveaux",
00000822,Les Grands Poètes modernes : choix de poésies,"BOITEL,M. J.|BROSSOLETTE, L.",,Librairie Hachette,[19--?],1899-12-31,1999-12-31,,8e éd.,19 cm: 235 p.,,Sur la couv. : extraits. -- Sur la p. de t. : à l'usage des lycées et collèges de garçons et de jeunes filles des écoles normales d'instituteurs et d'institutrices et des écoles primaires supérieures de garçons et de filles,Français,"Paris, FR",Système français,Lycés (France); collèges (France); primaire supérieure (France),
00000823,"Le français parlé au cours secondaire : phonétique, lecture, vocabulaire","BOULET, Gilles|GENDRON, Jean-Denis|GAGNÉ, Lucien",,Les Presses de l'Université Laval,1963,1963-01-01,1963-12-31,,,"21 cm: P. 292-393, quelques ill.",,Sur la p. de t. : synthaxe - 9e année. -- Sur la couv. : leçons 46 à 50,Français,Québec,Secondaire,9e année,
00000824,"Le Français parlé au cours secondaire : phonétique, lecture, vocabulaire","BOULET, Gilles|GENDRON, Jean-Denis|GAGNÉ, Lucien",,Les Presses de l'Université Laval,1963,1963-01-01,1963-12-31,,,"21 cm: P. 481-614, quelques ill.",,Sur la p. de t. : synthaxe - 9e année. -- Sur la couv. : leçons 55 à 60,Français,Québec,Secondaire,9e année,
00000825,Initiation à la linguistique et à la grammaire nouvelle : avec des exercices et leurs corrigés,"BRECKX, M.",La Classe de la langue française,A. De Boeck,[1977?],1977-01-01,1977-12-31,,,"22 cm: 223 p., graph. et tableaux",,Comprend une bibliogr. et un index à la fin de l'ouvrage,Français,"Bruxelles, BE",Secondaire,Secondaire 1,
00000826,Je te laisse une caresse,"Grand-père Cailloux|TIBO, Gilles|GAUTHIER, Bertrand|TREMBLAY, Réal |TIBO",Étoile filante,Le Tamanoir,1976,1976-01-01,1976-12-31,,,"22 cm: env. 24 p., ill.",ISBN 0-88570-006-6,,Français,"Montréal, QC",Primaire,3 à 7 ans,
00000827,Mon petit lutin s'endort,"Grand-père Cailloux|TIBO, Gilles|GAUTHIER, Bertrand|TREMBLAY, Réal |TIBO",Étoile filante,Le Tamanoir,1976,1976-01-01,1976-12-31,,,"22 cm: env. 24 p., ill.",ISBN 0-88570-007-4,,Français,"Montréal, QC",Primaire,3 à 7 ans,
00000828,Polyeucte : martyr : tragédie chrétienne,"Corneille|VAUBOURDOLLE, René",,Librairie Hachette,[1935?],1935-01-01,1935-12-31,,,"18 cm: 95 p., quelques ill.",,Sur la p. de t. : texte conforme à l'édition des grands écrivains de la France. -- Sur la couv. : classiques illustrés Vaubourdolle. -- Comprend un appendice à la fin de l'ouvrage,Français,"Paris, FR",,,
00000829,La Courte Échelle : guide d'utilisation pédagogique,,,La Courte Échelle,[1978?],1978-01-01,1978-12-31,,,22 cm: 2 p.,,"Sur la couv. : ensemble, univers enfantin. -- Comprend des notes bibliogr. à la fin de l'ouvrage",Français,"Montréal, QC",,,
00000830,La Composition française : comment décrire,"DESCHAMPS, Philippe",,Librairie Saint-Viateur,[1939?],1939-01-01,1939-12-31,,,"23 cm: 368, quelques ill.",,Sur la couv. : comment décrire. -- Comprend des tables à la fin de l'ouvrage,Français,"Montréal, QC",Primaire,5e et 6e année; secondaire,
00000831,Français 1b,"DUSSART, A.-M.|CHERDON, C.|MAYENCE, J.|BRECKX, M.|LECLER, Yves",La Classe de langue française,A. De Boeck,[1978?],1978-01-01,1978-12-31,,,"22 cm: 128 p., ill.",,Comprend un index à la fin de l'ouvrage,Français,"Bruxelles, BE",Secondaire,Secondaire 1,
00000832,Recueil d'historiettes : 3ième et 4ième cours,Les élèves de l'École normale de l'Université d'Ottawa,,École normale de l'Université d'Ottawa,1933-1934,1933-01-01,1934-12-31,,,22 cm: 42 p.,,,Français,"Ottawa, ON",,,
00000833,"Comment composer mon devoir de français : description, portrait, narration, analyse littéraire, dissertation","FOURNIER, G.|VIANEY, M. J.",,J. De Gigord,1949,1949-01-01,1949-12-31,,9e éd.,18 cm: 320 p.,,"Sur la couv. :  troisième, seconde, première. -- Comprend des appendices et des tables à la fin de l'ouvrage",Français,"Paris, FR",Système français,"1ère, 2e et 3e (France)",
00000834,Exercices pratiques de style et de composition,Frères de l'instruction chrétienne,,Frères de l'instruction chrétienne,1933,1933-01-01,1933-12-31,,,"20 cm: x, 136 p., ill.",,,Français,"Laprairie, QC",,,
00000835,IV. Le Plan : méthode conjuguée d'explication de textes et de composition française,"GESLIN, L.|LAURENCE, J. M.|BAILLARGEON, S.","Méthode de composition française, progressive et complète ; IV",Centre éducatif et culturel inc.,1964,1964-01-01,1964-12-31,1961-05-17,Nouv. éd. canadienne,"21 cm: xxv, 377 p., ill.",,Comprend un lexique à la fin de l'ouvrage,Français,"Montréal, QC",Secondaire,10e à 12e année,
00000836,Lectures littéraires : tome II,,,Frères de l'instruction chrétienne,1961,1961-01-01,1961-12-31,1961-02-22,,"22 cm: 376 p., ill.",,Comprend des notices bio-bibliogr. : p. 347-370. -- Comprend un index à la fin de l'ouvrage,Français,"La Prairie, QC",,,
00000837,La Composition française : premier livre,"PROULX, Ovide",,s.n.,1947,1947-01-01,1947-12-31,,1ère éd.,"28 cm: 77 p., quelques ill.",,Sur la p. de t. : à l'usage des élèves de première année des classes d'enseignement secondaire,Français,,Secondaire,Secondaire 1,
00000838,La Composition française : premier livre,"PROULX, Ovide",,Imprimerie Leclerc ltée.,1950,1950-01-01,1950-12-31,,2e éd.,"19 cm: 194 p., quelques ill.",,Sur la p. de t. : à l'usage des élèves de première année des classes d'enseignement secondaire,Français,"Hull, QC",Secondaire,Secondaire 1,
00000839,Études sur le parler français au Canada,La Société du parler français au Canada,,Les Presses de l'Université Laval,1955,1955-01-01,1955-12-31,,,"23 cm: 220 p., graph., tableaux et cartes",,,Français,Québec,,,
00000840,Manuel illustré d'histoire de la littérature française,"CALVET, J.|RICARD, François",,J. de Gigord,1938,1938-01-01,1938-12-31,,10e éd.,"19 cm: iv, 818 p., ill.",,Comprend des tables à la fin de l'ouvrage,Français,"Paris, FR",Secondaire,15 ans,
00000841,La Composition française,"BAUDE, Jules",Bibliothèque générale des sciences économiques,"Comptables, Commerciales et financières",[1947?],1947-01-01,1947-12-31,,2e éd.,24 cm: 341 p.,,"Sur la p. de t. : un conseiller avisé pour l'homme d'affaires, un guide parfait pour la préparation aux examens. -- Comprend un appendice à la fin de l'ouvrage",Français,"Bruxelles, BE",,,
00000842,Le Retour de Titus,"DESROCHERS, Alfred",,Éditions de l'Université d'Ottawa,1963,1963-01-01,1963-12-31,,,20 cm: 61 p.,,"Sur la p. de t. : Centre de recherche de littérature canadienne-française, [Université d'Ottawa]",Français,"Ottawa, ON",,,
00000843,La Composition française,"DESCHAMPS, Philippe",,Librairie Saint-Viateur,[1939?],1939-01-01,1939-12-31,,,23 cm: 368 p.,,"Sur la p. de t. : combinée avec L'Enseignement pratique du vocabulaire, les exercices de grammaire et d'analyse, l'explication française. -- Comprend des tables à la fin de l'ouvrage",Français,"Montréal, QC",Primaire,5e et 6e année; secondaire,
00000844,La Composition française : livre du maître,"DESCHAMPS, Philippe",,Librairie Saint-Viateur,1939,1939-01-01,1939-12-31,,,"23 cm: xiv, 472 p.",,"Sur la p. de t. : combinée avec L'Enseignement pratique du vocabulaire, les exercices de grammaire et d'analyse, l'explication française. -- Comprend des tables à la fin de l'ouvrage",Français,"Montréal, QC",Primaire,5e et 6e année; secondaire,
00000845,La Composition française : comment décrire : livre du maître,"DESCHAMPS, Philippe",,Librairie Saint-Viateur,[19--?],1899-12-31,1999-12-31,,,"23 cm: xvi, 418 p.",,Comprend des tables à la fin de l'ouvrage,Français,"Montréal, QC",Primaire,5e et 6e année; secondaire,
00000846,La Composition française : comment raconter,"DESCHAMPS, Philippe",,Librairie Saint-Viateur,1942,1942-01-01,1942-12-31,,,"23 cm: viii, 271 p., ill.",,Comprend un index à la fin de l'ouvrage,Français,"Montréal, QC",Secondaire,Secondaire 3 et 4,
00000847,La Composition française : comment raconter : livre du maître,"DESCHAMPS, Philippe",,Librairie Saint-Viateur,1944,1944-01-01,1944-12-31,,,"23 cm: xi, 354 p., ill.",,Comprend des index à la fin de l'ouvrage,Français,"Montréal, QC",Secondaire,Secondaire 3 et 4,
00000848,Grammaire française expliquée tome 2 : corrigé des exercices et conseils pédagogiques,"GALICHET, G.|GALICHET, R.|GAUTHIER, R.|GAUTHIER, G.",,H.M.H.,[1968?],1968-01-01,1968-12-31,,,23 cm: env. 70 p.,,,Français,"Montréal, QC",,,
00000849,Les Éléments de phonétique française,"LANDREAU, Georges",,s.n.,[19--?],1899-12-31,1999-12-31,1931-02-04,15e éd.,18 cm: 93 p.,,,Français,,Universitaire et Collégial,Écoles normales,
00000850,Lectures littéraires tome III : le français par les textes,,,Frères de l'instruction chrétienne,[19--?],1899-12-31,1999-12-31,1964-04-24,,"22 cm: 508 p., ill.",,Comprend des notices bio-bibliogr. : p. 471-495. -- Comprend un index à la fin de l'ouvrage,Français,"La Prairie, QC",,,Français|Littérature
00000851,Lectures littéraires tome IV : le français par les textes,,,Frères de l'instruction chrétienne,[19--?],1899-12-31,1999-12-31,,,"22 cm: 860 p., ill. (certaines en coul.)",,Comprend des notices bio-bibliogr. : p. 811-850. -- Comprend un index à la fin de l'ouvrage,Français,"La Prairie, QC",,,Français|Littérature
00000852,Études graduées de vitesse en sténographie Gregg,"LIPPMAN, Frances A.",,The Gregg Publishing Company,[1938?],1938-01-01,1938-12-31,,,"18 cm: iv, 242 p.",,Comprend un index à la fin de l'ouvrage,Français,"New York, NY|Toronto, ON",,,
00000853,"Précis d'histoire des littératures française, canadienne-française, étrangères et anciennes",,,Procure des missions,1925,1925-01-01,1925-12-31,,,19 cm: 478 p.,,Comprend une table à la fin de l'ouvrage,Français,"Lachine, QC",,,Histoire|Littérature
00000854,Andromaque : tragédie,"Racine|VAUBOURDOLLE, René",,Librairie Hachette,[1935?],1935-01-01,1935-12-31,,,"18 cm: 87 p., ill.",,Sur la p. de t. : texte conforme à l'édition des grands écrivains de la France. -- Sur la couv. : classiques illustrés Vaubourdolle. -- Comprend un appendice à la fin de l'ouvrage,Français,"Paris, FR",,,
00000855,Le Livre du maître pour la pratique de la composition française : acquisition méthodique des idées par l'observation et par les textes,"AMAND, F.",,Fernand Nathan,1936,1936-01-01,1936-12-31,,"7e éd., revue et corrigée","19 cm: iv, 304 p., ill.",,,Français,"Paris, FR",Système français,Cours supérieur et complémentaire,
00000856,Le Français des affaires suivi d'un traité de correspondance comprenant de nombreux modèles de lettres annotées,"BELISLE, Louis-Alexandre",,Belisle,1943,1943-01-01,1943-12-31,,"2e éd., revue, corrigée et augmentée d'un vocabulaire des principaux termes du commerce et du droit commercial",18 cm: 286 p.,,,Français,Québec,,,
00000857,Kateri Tekakwitha : la plus belle fleur épanouie au bord du Saint-Laurent,"BOUVIER, Guilberte C.|FORGET, Anastase|POULIN, Antonio|BOUVIER, Jeannne",Service de Dieu ; 1,Le Messager canadien,1939,1939-01-01,1939-12-31,,,"18 cm: 150 p., ill.",,,Français,"Montréal, QC",,,
00000858,La Vie toute de grâce de Jeanne Mance : fondatrice de l'Hotel-Dieu de Montréal et première infirmière laïque,"DESJARDINS, Paul|MCISAAC, J.",Service de Dieu ; 9,Le Messager canadien,1945,1945-01-01,1945-12-31,,,"18 cm: 190 p., ill.",,,Français,"Montréal, QC",,,
00000859,Les Opiniâtres : roman,"DESROSIERS, Léo-Paul|TREMBLAY, Jean-Noël",Nénuphar,Fides,[1941?],1941-01-01,1941-12-31,,,21 cm: 198 p.,,,Français,"Montréal, QC",,,
00000860,Exercices supplémentaire d'ortographe grammaticale,Élèves de l'école normale de l'Université d'Ottawa,,Imprimerie du Droit,1934,1934-01-01,1934-12-31,,,19 cm: 177 p.,,,Français,"Ottawa, ON",,,
00000861,French Conversation with the Aid of Pictures : Elementary Grades,"FILTEAU, Albert|VILLENEUVE, Charles",,Centre de psychologie et de pédagogie,1953,1953-01-01,1953-12-31,,,"23 cm: 112 p., ill. en coul.",,Comprend quelques partitions. -- Comprend une vocabulaire à la fin de l'ouvrage,Anglais,"Montréal, QC",Primaire,Primaire,
00000862,Le Troisième Livre de lecture à l'usage des jeunes filles,"JURANVILLE, Clarisse|BERGER, Pauline",,Librairie Larousse,[19--?],1899-12-31,1999-12-31,,2e éd.,"18 cm: 395 p., ill.",,,Français,"Paris, FR",,,
00000863,Orthographe française : deuxième livre,,,The Copp Clark Company Ltd.,[1931?],1931-01-01,1931-12-31,,,"19 cm: iii, 140 p.",,Sur la p. de t. : authorized by the Minister of Education,Anglais,"Toronto, ON",Primaire,Primaire,
00000864,Dictionnaire de nos fautes contre la langue française,"RINFRET, Raoul",,Librairie Beauchemin limitée,[19--?],1899-12-31,1999-12-31,,,"18 cm: vi, 306 p.",,Comprend une bibliogr. au début de l'ouvrage,Anglais,"Montréal, QC",,,
00000865,Manuel d'histoire de la littérature canadienne de langue française,"ROY, Camille",,Librairie Beauchemin limitée,1947,1947-01-01,1947-12-31,,"12e éd., revue et corrigée","18 cm: 201 p., ill.",,Comprend une table à la fin de l'ouvrage,Anglais,"Montréal, QC",,,
00000866,Les Monologues du petit-monde,"AUDET, Jean-Louis|CABANA, Marie-Laure",,Librairie Beauchemin limitée,1938,1938-01-01,1938-12-31,,,"20 cm: 250 p., ill.",,"Sur la p. de t. : avec commentaires, quelques éléments de phonétique et le cours des moyens",Français,"Montréal, QC",,,
00000867,Manuel du bon parler,"BLANCHARD, Étienne",,Frères des écoles chrétiennes,1929,1929-01-01,1929-12-31,,,18 cm: 128 p.,,,Français,"Montréal, QC",Universitaire et Collégial,Collèges,
00000868,Stylistique canadienne,"BLANCHARD, Étienne",,Bernard Valiquette,[19--?],1899-12-31,1999-12-31,,5e éd.,17 cm: 111 p.,,Sur la couv. : 5e éd. du manuel du bon parler,Français,"Montréal, QC",Universitaire et Collégial,Collèges,
00000869,Exercices orthographiques : livre de l'élève,F. P. B.,,Alfred Mame et fils,1865,1865-01-01,1865-12-31,,,18 cm: 240 p.,,Sur la p. de t. : cours de deuxième et troisième année mis en rapport avec la grammaire des Frères des écoles chrétiennes,Français,"Tours, FR",Système français,2e et 3e année (France),
00000870,Manuel illustré d'histoire de la littérature française,"CALVET, J.|RICARD, François",,J. de Gigord,1939,1939-01-01,1939-12-31,,10e éd.,"19 cm: iv, 818 p., ill.",,Comprend des tables à la fin de l'ouvrage,Français,"Paris, FR",Secondaire,Adolescents de 15 ans,
00000871,Le Cid de Corneille,"Corneille|CAILLOIS, Roger|MICHAUD, Guy",Classiques France,Librairie Hachette,[1939?],1939-01-01,1939-12-31,,,"18 cm: 117 p., ill.",,Comprend un lexique à la fin de l'ouvrage,Français,"Paris, FR",,,
00000872,Leçon de style : livre du maître,"DUCLOS, J.",,E. Robert,[19--?],1899-12-31,1999-12-31,,,"20 cm: 223 p., ill.",,"Sur la p. de t. : exercices d'intelligence et d'inventions, étude du vocabulaire, leçons de choses et rédactions sur images, traductions de fables, poésies, exercices élémentaires de critique, proverbes, anecdotes, historiettes, lettres, etc",Français,"Fontaines-sur-Saone (Rhône), FR",Système français,Cours préparatoire (France); primaire (France),
00000873,La Lecture : troisième année,"FABRE, J. H.",,Librairie Ch. Delagrave,1878,1878-01-01,1878-12-31,,,18 cm: 320 p.,,,Français,"Paris, FR",Système français,3e année (France),
00000874,"Comment composer mon devoir de français : description, portrait, narration, analyse littéraire, dissertation","FOURNIER, G.|VIANEY, M. J.",,J. de Gigord,1934,1934-01-01,1934-12-31,,7e éd.,18 cm: 320 p.,,Comprend des appendices et des tables à la fin de l'ouvrage,Français,"Paris, FR",Système français,1ère à 3 année (France),
00000875,Cours pratique de langue française : grammaire et composition,Frères du Sacré-Coeur,,Imprimerie Mercier & Cie,1899,1899-01-01,1899-12-31,,1er éd.,"18 cm: 345 p., ill. et tableaux",,"Sur la p. de t. : étude des mots et de la phrase, exercices d'invention, exercices de language, rédaction sur questions, rédactions sur images, petites compositions, textes pour lectures, dictées, récitations, explications, rédactions",Français,"Lévis, QC",Système français,Cours moyen,
00000876,Frou-frou,"GAUTHIER, Robert",,Ginn and company,[19--?],1899-12-31,1999-12-31,,,"18 cm: 48 p., ill. en coul.",,Sur la p. de t. : pour faire causer et lire les petits,Français,"Toronto, ON",,,
00000877,Manuel de la phonomimie ou méthode d'enseignement par la voix et par le geste,"GROSSELIN, Augustin",,Alphonse Picard,1881,1881-01-01,1881-12-31,,"3e éd., revue et augmentée","19 cm: 136 p., quelques ill.",,,Français,"Paris, FR",,,
00000878,Grammaire complète : syntaxique et littéraire,"LAROUSSE, P.",,Librairie Larousse,[19--?],1899-12-31,1999-12-31,,18e éd.,"18 cm: ii, 8, 392 p.",,"Sur la p. de t. : la lexicologie des écoles, cours complet de langue française et de style",Français,"Paris, FR",Système français,2e année (France),
00000879,"Le Livre des permutations : nombre, genre, personne, forme et voix : livre de l'élève","LAROUSSE, P.",,Librairie Larousse,[19--?],1899-12-31,1999-12-31,,27e éd.,16 cm: 159 p.,,Sur la p. de t. : méthode lexicologique Larousse,Français,"Paris, FR",,,
00000880,"Le Livre des permutations : petits exercices d'orthographe et texte suivi sans le secours de la méthode géographique : de nombre, de genre, de personne, de forme et de voix : livre du maître","LAROUSSE, P.",,Aug. Boyer & cie,1885,1885-01-01,1885-12-31,,,16 cm: 252 p.,,"Sur la p. de t. : la lexicologie des écoles, cours complet de langue française et de style",Français,"Paris, FR",,,
00000881,L'Analyse Grammaticale et l'Analyse logique,"MAGNAN, C.-J.",,La cie J. A. Langlais & fils,[19--?],1899-12-31,1999-12-31,,,18 cm: 164,,Sur la couv. : aux brevets de capacité,Français,Québec,Universitaire et Collégial,Écoles normales; primaire intermédiaire; supérieur,
00000882,La Tâche du petit Pierre,"MAIRET, Jeanne|HEALY, Edith",,American Book Company,[1896?],1896-01-01,1896-12-31,,,18 cm: 140,,Introduction en anglais. -- Comprend des notes grammaticales et un vocabulaire à la fin de l'ouvrage,Anglais|Français,"New York, NY",,Variés,
00000883,Grammaire,"NOËL, M. M.|CHAPSAL, E.|LENIENT, M. A.",,Librairie Ch. Delagrave,[19--?],1899-12-31,1999-12-31,,"13e éd., nouv.","18 cm: xix, 446",,"Sur la couv. : langue française. -- Sur la p. de t. : cours supérieure complémentaire, accompagné de notes historiques et philologiques et suivi de notions sur les origines et la formation de la langue française. -- Comprend des notes et des tables à la fin de l'ouvrage",Français,"Paris, FR",Système français,Cours supérieur et complémentaire,
00000884,"La Rédaction française : 5e, 6e, 7e et 8e année : préceptes - modèles, exercices oraux et écrits",,,Frères du Sacré-coeur,1918,1918-01-01,1918-12-31,,,"19 cm: 206 p., ill.",,,Français,"Montréal, QC",Primaire|Intermédiaire,5e à 8e année,
00000885,Dictées graduées,"ROBERT, E.",,Les Clercs de Saint-Viateur,[19--?],1899-12-31,1999-12-31,,,"17 cm: 197, vi p.",,"Sur la p. de t. : ouvrage divisé en trois parties : 1. Dictées spéciales, c'est à dire offrant particulièrement l'application graduée des principales rêgles de grammaire  2. Dictées diverses  3. Dictées données dans les examens pour les certificats d'études primaires concours cantonaux, volontariat, etc.",Français,"Mile-End, QC",Primaire,2e année,
00000886,"Dictées graduées et raisonnées : instructives, morales, religieuses, agricoles, historiques, littéraires et amusantes","ROBERT, E.",,Imprimerie de l'Institutions des sourds-muets,[19--?],1899-12-31,1999-12-31,,,215 p.,,,Français,"Montréal, QC",Primaire,1ère année,
00000887,Trésor épistolaire des jeunes personnes : recueil des lettres les plus remarquables les plus intéressante et les plus chrétiennes adressées à des jeunes filles,,,B. &  L. Casterman,1891,1891-01-01,1891-12-31,,,"20 cm: 121 p., quelques ill.",,,Français,"Tournai, BE",,,Enseignement religieux|Français
00000888,Théorie de la composition littéraire,"VINCENT, C.",,Librairie Vve Ch. Poussielgue,1908,1908-01-01,1908-12-31,,"5e éd., revue et augmentée","18 cm: vii, 357 p.",,Sur la p. de t. : principes raisonnés de littérature,Français,"Paris, FR",Système français,Collèges (France),
00000889,Théorie de la composition littéraire,"VINCENT, C.",,Ancienne Librairie Poussielgue; J. de Gigord,1912,1912-01-01,1912-12-31,,"7e éd., revue et augmentée","17 cm: vii, 357 p.",,Sur la p. de t. : principes raisonnés de littérature,Français,"Paris, FR",Système français,Collèges (France),
00000890,Dictionnaire de la langue française,,,Librairie Beauchemin limitée,1961,1961-01-01,1961-12-31,,Nouv.,"16 cm: 863 p., quelques ill.",,Comprend un lexique historique et géographique à la fin de l'ouvrage. -- Comprend un appendice à la fin de l'ouvrage,Français,"Paris, FR|Montréal, QC",,,
00000891,Vocabulaire bilingue par l'image : leçons de choses et rédaction,"BLANCHARD, Étienne",Parlons mieux,Frères des écoles chrétiennes,1933,1933-01-01,1933-12-31,,3e éd.,"26 cm: 111 p., ill.",,,Français,"Montréal, QC",Primaire|Intermédiaire|Secondaire,Primaire; secondaire,
00000892,Grammaire élémentaire de la vieille langue française,"CLÉDAT, C.",,Garnier frères,1887,1887-01-01,1887-12-31,,2e éd.,"19 cm: viii, 351, 36 p.",,,Français,"Paris, FR",,,
00000893,Mes premières leçons de rédaction : partie du maître,Frères du Sacré-Coeur,,Typ. l'Institution des sourds-muets,1920,1920-01-01,1920-12-31,,,"19 cm: 240 p., ill.",,,Français,"Montréal, QC",,,
00000894,Grammaire des ensembles et orthographe de base,"GAITSKELL, C. D.GALICHET, G.|MONDOUAUD, Gaston|GAGNÉ, Lucien|SOULIÈRES, Alain|PRIMEAU, Réal",Grammaire expliquée Galichet,Hurtubise HMH ltée.,[1970?],1970-01-01,1970-12-31,,,24 cm: 207 p.,,,Français,"Montréal, QC",Primaire,6e année,
00000895,Lectures choisies,"LAMOUREUX, René|BÉNÉTEAU, Amédée",,The Ontario Publishing Co. Ltd.,[1932?],1932-01-01,1932-12-31,,,"19 cm: xiii, 303 p.",,Sur la p. de t. : authorized by the Minister of Education. -- Comprend des tables au début de l'ouvrage,Français,"Toronto, ON",Secondaire,Secondaire 3 et 4,
00000896,Recueil de morceaux choisis,"LAMOUREUX, René",,The Copp Clark Company Ltd.,[1930?],1930-01-01,1930-12-31,,,"20m: x, 296 p.",,Sur la p. de t. : authorized by the Minister of Education. -- Comprend des tables au début de l'ouvrage,Français,"Toronto, ON",,,
00000897,Dictionnaire Hatier de la langue française,,,A. Hatier,[1963?],1963-01-01,1963-12-31,,Nouv.,926 p.,,Comprend un appendice et des lexique à la fin de l'ouvrage. -- ISBN 2-218-00518-2,Français,"Paris, FR",,,
00000898,Mon dictionnaire magique,"PETRUS, Jean|MERCIER, Henri",,Fernand Nathan,[1972?],1972-01-01,1972-12-31,,,"27 cm + 1 écran magique: env. 36 p., ill. en coul.",,"Sur la couv. : 248 images, 248 questions, l'écran magique donne la réponse",Français,"Paris, FR",,,
00000899,Dictionnaire des gallicismes les plus inusités,"PRADEZ, El.",,Payot,1958,1958-01-01,1958-12-31,,,"23 cm: ix, 387 p.",,"Sur la p. de t. : expliqués brièvement, illutrés par des exemples et accompagnés de leurs équivalents anglais et allemands",Allemand|Anglais|Français,"Paris, FR",,,
00000900,Cours de langue française : cours élémentaire,"PRÉVOST, A.|LAURENT, J.",,Librairie Bloud et Gay,1934,1934-01-01,1934-12-31,,,"19 cm: 224 p., quelques ill.",,"Sur la p. de t. : grammaire, morceaux choisis, nombreux exercices, rédaction",Français,,Système français,"1ère et 2e division du cours primaire, classe de 9e et 10e de l'enseignement supérieur",
00000901,Histoire des littératures française et canadienne,Soeurs de Sainte-Anne,,Procure des missions,1954,1954-01-01,1954-12-31,,Refondue et mise à jour,20 cm: 602 p.,,Comprend des bibliogr. à la fin des chapitres. -- Comprend un index à la fin de l'ouvrage,Français,"Lachine, QC",,,Littérature
00000902,"La Clarté française : l'art de composer, d'écrire et de se corriger","VANNIER, Antonin",,Librairie classique Fernand Nathan,1933,1933-01-01,1933-12-31,,"11e éd., revue et corrigée","18 cm: xix, 366 p.",,Comprend un index à la fin de l'ouvrage,Français,"Paris, FR",,,
00000903,Aux glaces polaires : indiens et esquimaux,"DUCHAUSSOIS, R. Pierre",,Oeuvre apostolique de Marie Immaculée; Noviciat des Oblats de Marie Immaculée,1921,1921-01-01,1921-12-31,,,"22 cm: xiii, 471, ill. et cartes pliées",,Comprend des appendices à la fin de l'ouvrage,Français,"Lyon, FR|La Salle, QC",,,Géographie|Histoire
00000904,Le Notaire du havre,"DUHAMEL, Georges|HUMPHREYS, H. L.|ROUILLARD, C. D.",,"Clarke, Irwin & Company Ltd.",1954,1954-01-01,1954-12-31,,,"20 cm: xxxii, 309 p.",,Comprend un vocabulaire et des notes à la fin de l'ouvrage,Anglais|Français,Canada,,,
00000905,Le Livre de mon ami : le livre de Pierre,"FRANCE, Anatole|GUERLAC, O. G.|HUMPHREYS, H. L.",,"Clarke, Irwin & Company Ltd.; Henry Holt & Company Ltd.",[1905?],1905-01-01,1905-12-31,,,"19 cm: xxvi, 275 p.",,Comprend des notes et un vocabulaire à la fin de l'ouvrage,Anglais|Français,Canada,,,
00000906,La Fourmi chez les cigales : comédie en 3 actes pour jeunes filles,"GOURDON, Pierre",,Librairie Théatrale,[19--?],1899-12-31,1999-12-31,,,18 cm: 127 p.,,,Anglais|Français,"Paris, FR",,,Français|Littérature
00000907,Beaux textes des lettres françaises et canadiennes-françaises : avec notes explicatives,"MARION, Séraphin",,L'Éclair,1955,1955-01-01,1955-12-31,,,19 cm: 292 p.,,,Français,"Ottawa, ON",Secondaire,Secondaire 3 à 5,
00000908,Beaux textes des lettres françaises et canadiennes-françaises : avec notes explicatives,"MARION, Séraphin",,L'Éclair,1958,1958-01-01,1958-12-31,,3e éd.,20 cm: 292 p.,,,Français,"Ottawa, ON",Secondaire,Secondaire 3 à 5,
00000909,Beaux textes des lettres françaises et canadiennes-françaises : avec notes explicatives,"MARION, Séraphin",,L'Éclair,1962,1962-01-01,1962-12-31,,4e éd.,20 cm: 292 p.,,,Français,"Ottawa, ON",Secondaire,Secondaire 3 à 5,
00000910,Conteurs modernes : an anthology of french short stories,"STEINHAUER, D.|CASAUBON, T. J.",,Macmillan and Co. Ltd.,[1959?],1959-01-01,1959-12-31,,,"22 cm: x, 174 p.",,Comprend un vocabulaire à la fin de l'ouvrage,Anglais|Français,"Toronto, ON",,,
00000911,Contes plaisants,"STICKLAND, William A.",,The Copp Clark Publishing Co. Ltd.,1841,1841-01-01,1841-12-31,,,"20 cm: viii, 183 p.",,Comprend un vocabulaire et des notes à la fin de l'ouvrage,Anglais|Français,"Vancouver, C-B",Intermédiaire,Intermédiaire,
00000912,L'Histoire et Théorie de la versification française,"SUBERVILLE, Jean",,Éditions de l'école,[19--?],1899-12-31,1999-12-31,,"Nouv. éd., revue et complétée",21 cm: 253 p.,,,Français,"Paris, FR",Système français,Primaire supérieur; secondaire; supérieur,
00000913,Découpage en feutrine : pour petits et grands,"THIÉBAULT, André|BOEKHOLT, A.",Vie active,Éditions Bourrelier,1960,1960-01-01,1960-12-31,,2e éd.,18 cm: 111 p.,,Sur la p. de t. : travaux manuels éducatifs,Français,"Paris, FR",,,
00000914,Entre deux livraisons 1913-1963,"TREMBLAY, Laurent|LEDUC, Paul ",,Le Droit,1963,1963-01-01,1963-12-31,,,19 cm: 216 p.,,,Français,"Ottawa, ON",,,
00000915,"Les Monologues du Petit-monde : avec commentaires, quelques éléments de phonétique et le cours des moyens","AUDET, Jean-Louis|CABANA, Marie-Laure",,Librairie Beauchemin limitée,1956,1956-01-01,1956-12-31,,,20 cm: 250 p.,,,Français,"Montréal, QC",,,
00000916,Fiches de travail (5e année) sur les jardiniers du hibou : 1 corrigé,"BERGERON, Colette|CORRIVEAU, Monique",Karim,Éducation nouvelle,[1969?],1969-01-01,1969-12-31,,,20 cm: env. 102 p. en pag. multiples,,,Français,"Montréal, QC",Primaire,5e année,
00000917,Les Bibliothèques canadiennes 1604-1960,"DROLET, Antonio",,Le Cercle du livre de France,[1965?],1965-01-01,1965-12-31,,,20 cm: 234 p.,,Comprend une bibliogr. à la fin de l'ouvrage,Français,"Ottawa, ON",,,
00000918,"Élizabeth Bruyère : femme à l'écoute, femme à l'oeuvre : fondatrice des soeurs de la charité d'Ottawa (Soeurs Grises de la Croix)","BORDELEAU, Huguette|D'ORANGE, Alain|LEBLANC, Pauline|GOULET, Monique|KUMAGAI, Miwako|LAVICTOIRE, Bibiane|SOUZA REIS, Hélio|NANNI BLINI, Eva",Les Grands Moments de l'église canadienne,Sadife Media,1987,1987-01-01,1987-12-31,,,"29 cm: 32 p., ill. en coul.",ISBN 3-88786-018-7,,Français,Italie,,,
00000919,Le Français au secondaire : tome I,"FOURNIER, Jean|DULONG, Jeanne-Marie|BASTIDE, Maurice",Lagarde & Michard,Centre éducatif et culturel inc.,[1963?],1963-01-01,1963-12-31,,,"19 cm: 463 p., ill.",,Sur la p. de t. : initiation littéraire. -- Adap. canadienne du volume français classe de 6e. -- Comprend un index à la fin de l'ouvrage,Français,"Montréal, QC",Secondaire,Secondaire 1,
00000920,Le Français au secondaire : tome II,"FOURNIER, Jean|DULONG, Jeanne-Marie|BASTIDE, Maurice",Lagarde & Michard,Centre éducatif et culturel inc.,1963,1963-01-01,1963-12-31,,,"19 cm: 480 p., ill.",,Sur la p. de t. : initiation littéraire. -- Adap. canadienne du volume français classe de 5e. -- Comprend un index à la fin de l'ouvrage,Français,"Montréal, QC",Secondaire,Secondaire 2,
00000921,"Le Français, cours secondaire : tome I","FOURNIER, Jean|DULONG, Jeanne-Marie|BASTIDE, Maurice",Lagarde & Michard,Centre éducatif et culturel inc.,1965,1965-01-01,1965-12-31,,,"19 cm: 463 p., ill.",,Sur la p. de t. : initiation littéraire. -- Adap. canadienne du volume français classe de 6e. -- Comprend un index à la fin de l'ouvrage,Français,"Montréal, QC",Secondaire,Secondaire 1,
00000922,"Le Français, cours secondaire : tome II","FOURNIER, Jean|DULONG, Jeanne-Marie|BASTIDE, Maurice",Lagarde & Michard,Centre éducatif et culturel inc.,1965,1965-01-01,1965-12-31,,,"19 cm: 480 p., ill.",,Sur la p. de t. : initiation littéraire. -- Adap. canadienne du volume français classe de 5e. -- Comprend un index à la fin de l'ouvrage,Français,"Montréal, QC",Secondaire,Secondaire 1,
00000923,Beaux textes des lettres françaises et canadiennes-françaises : avec notes explicatives,"MARION, Séraphin",,Éditions l'Éclair,1966,1966-01-01,1966-12-31,,6e éd.,20 cm: 292 p.,,,Français,"Ottawa, ON",Secondaire,Secondaire 3 à 5,
00000924,Savoir écouter,Ministère de l'Éducation de l'Ontario,,ministère de l'Éducation de l'Ontario,[19--?],1899-12-31,1999-12-31,,,29 cm: env. 32 p.,,Comprend une bibliogr. à la fin de l'ouvrage,Français,"Toronto, ON",,,
00000925,Le Paon d'émail,"MORIN, Paul",,Alphonse Lemerre,1912,1912-01-01,1912-12-31,,2e éd.,18 cm: 166 p.,,,Français,"Paris, FR",,,
00000926,"Nouveaux textes de lectures : cours moyen, première année","AURIAC, O.|HAVARD, H.|JUGHON, B.",,Librairie Armand Colin,1960,1960-01-01,1960-12-31,,,"19 cm: 286 p., ill.",,Comprend un lexique à la fin de l'ouvrage,Français,"Paris, FR",Système français,"1ère année, cours moyen (France)",
00000927,Auteurs 3e : programmes 1962,"DAVID, Maurice|GOUTET, Renée|LONGAUD, Félix",Maurice David,Fernand Nathan,[19--?],1899-12-31,1999-12-31,,,"21 cm: 479 p., ill.",,Comprend des notes et des commentaires dans l'ouvrage,Français,"Paris, FR",Système français,3e année (France),
00000928,Allons faire du ski,"DAY, Philip|MCCONNELL, John",Carrousel Canada ; 4,J. M. Dent & Sons Canada Ltd.,[1978?],1978-01-01,1978-12-31,,,"20 cm: 16 p., ill.",ISBN 0-460-95703-1,,Français,Canada,,,
00000929,Aventure à l'aéroport,"DAY, Philip|MCCONNELL, John",Carrousel Canada ; 5,J. M. Dent & Sons Canada Ltd.,[1978?],1978-01-01,1978-12-31,,,"20 cm: 15 p., ill.",ISBN 0-460-95703-1,,Français,Canada,,,
00000930,"Bravo, les fantômes","DAY, Philip|MCCONNELL, John",Carrousel Canada ; 1,J. M. Dent & Sons Canada Ltd.,[1978?],1978-01-01,1978-12-31,,,"20 cm: 16 p., ill.",ISBN 0-460-95703-1,,Français,Canada,,,
00000931,Excursion au zoo,"DAY, Philip|MCCONNELL, John",Carrousel Canada ; 2,J. M. Dent & Sons Canada Ltd.,[1978?],1978-01-01,1978-12-31,,,"20 cm: 16 p., ill.",ISBN 0-460-95703-1,,Français,Canada,,,
00000932,Perdu dans les bois !,"DAY, Philip|MCCONNELL, John",Carrousel Canada ; 3,J. M. Dent & Sons Canada Ltd.,[1978?],1978-01-01,1978-12-31,,,"20 cm: 16 p., ill.",ISBN 0-460-95703-1,,Français,Canada,,,
00000933,Grammaire pour écrire et parler : CE1,"DELPIERRE, P.|FURCY, P.|GORDE, Monique",,Fernand Nathan,[1969?],1969-01-01,1969-12-31,,,"24 cm: 63 p., ill. en coul.",,,Français,"Paris, FR",Primaire,1ère année,
00000934,Grammaire pour écrire et parler : CE2,"DELPIERRE, P.|FURCY, P.|GORDE, Monique",,Fernand Nathan,[1968?],1968-01-01,1968-12-31,,,"24 cm: 125 p., ill. en coul.",,,Français,"Paris, FR",Primaire,2e année,
00000935,Lire et parler : CE1,"DELPIERRE, P.|FURCY, P.|FREGOS,  X.|GORDE, Monique",,Fernand Nathan,[1968?],1968-01-01,1968-12-31,,,"24 cm: 183 p., ill. en coul.",,,Français,"Paris, FR",Primaire,1ère année,
00000936,Lire et parler : CE2,"DELPIERRE, P.|FURCY, P.|FREGOS,  X.|GORDE, Monique",,Fernand Nathan,[1967?],1967-01-01,1967-12-31,,,"24 cm: 191 p., ill. en coul.",,,Français,"Paris, FR",Primaire,2e année,
00000937,Guide pédagogique du programme de lecture et des cahiers d'exercices,,,Sélection du Reader's Digest Canada ltée,[1973?],1973-01-01,1973-12-31,,,"18 cm: 52 p., tableaux",,Sur la couv. : guide pédagogique pour le programme savoir lire. -- ISBN 0-88850-480-2,Français,"Montréal, QC",,,
00000938,A l'école de la joie : méthode dynamique de français : 2ème année,"GUINEBRETIÈRE, Marie-Antoinette|RODRIGUE, Claudette|LÉGARÉ, Huguette|ROUSSEAU, Jacqueline",,Éducation nouvelle,[1968?],1968-01-01,1968-12-31,,,"25 cm: 126 p., ill. en coul.",,Comprend un vocabulaire à la fin de l'ouvrage,Français,"Montréal, QC",Primaire,2e année,
00000939,Semeurs de joie : méthode dynamique de français : 3ème année,"GUINEBRETIÈRE, Marie-Antoinette|RODRIGUE, Claudette|LÉGARÉ, Huguette|ROUSSEAU, Jacqueline",,Éducation nouvelle,[1968?],1968-01-01,1968-12-31,,,"25 cm: 135 p., ill. en coul.",,,Français,"Montréal, QC",Primaire,3e année,
00000940,Mon livre de grammaire française : 5e et 6e années d'études,"JEUNEHOMME, L.|COLLETTE, G.|BRICTEUX, Yvonne",,Éditions Desoer,[19--?],1899-12-31,1999-12-31,,,"21 cm: vi, 225 p., quelques ill.",,,Français,"Liège, FR",Primaire,5e et 6e année,
00000941,La Composition française à l'école active : études pédagogique,"PORINIOT, L.|FERRIÈRE, A. ",,Maurice Lamertin,1940,1940-01-01,1940-12-31,,3e éd.,19cm: 309 p.,,,Français,"Bruxelles, BE",Primaire|Intermédiaire|Secondaire,[Enfants de 6 à 16 ans],
00000942,Bonjour copains,"POULIOT, Germaine|POULIOT, Monique|ROBERGE, Suzelle|GUINEBRETIÈRE, Marie-Antoinette|RODRIGUE, Claudette",Méthode dynamique de lecture et de français ; 2,Éditions Projets inc.,[1974?],1974-01-01,1974-12-31,,,"25 cm: 95 p., ill.",,Comprend un vocabulaire à la fin de l'ouvrage. -- ISBN 0-88539-210-8,Français,"Montréal, QC",,,
00000943,Du soleil pour toi,"POULIOT, Germaine|POULIOT, Monique|ROBERGE, Suzelle|GUINEBRETIÈRE, Marie-Antoinette|LAFORTUNE, Claude|GARCEAU, Jean-Louis",Méthode dynamique de lecture et de français ; 3,Éditions Projets inc.,[1974?],1974-01-01,1974-12-31,,,"25 cm: 109 p., ill. en coul.",,Comprend un vocabulaire à la fin de l'ouvrage. -- ISBN 0-88539-310-4,Français,"Montréal, QC",,,
00000944,Du soleil pour toi : livre de base : troisième année,"POULIOT, Germaine|POULIOT, Monique|ROBERGE, Suzelle|GUINEBRETIÈRE, Marie-Antoinette|LAFORTUNE, Claude|GARCEAU, Jean-Louis",Méthode dynamique de lecture et de français ; 3,Éditions Projets inc.,[1979?],1979-01-01,1979-12-31,,,"25 cm: 103 p., ill. en coul.",ISBN 0-89038-311-3,,Français,"Montréal, QC",Primaire,3e année,
00000945,Pour l'éducation nouvelle,"BERGE, André|ROBIN, Gilbert|CHARIÉ-MARSAINES, Pierre",Pour ou contre ; 15,Berger-Levrault,[1968?],1968-01-01,1968-12-31,,,"20 cm: 78, 76 p.",,Ouvrage présenté tête-bêche. -- P. de t. addit. : Contre l'éducation nouvelle,Français,"Nancy, FR",,,
00000946,Morceaux choisis d'auteurs canadiens,"ROY, Camille",,Librairie Beauchemin limitée,1938,1938-01-01,1938-12-31,,2e éd.,18 cm: 443 p.,,,Français,"Montréal, QC",Primaire|Intermédiaire|Secondaire,Primaire; secondaire,
00000947,Histoire et théorie de la versification française,"SUBERVILLE, Jean",,Éditions de l'école,1946,1946-01-01,1946-12-31,,"Nouv. éd., revue et corrigée",21 cm: 253 p.,,,Français,"Paris, FR",,,
00000948,Belles pages de français : lectures choisis : deuxième livre,"TRONCHÈRE, Jean|PIERRE, Charles|LEDOUX, André|LAFERRIÈRE, Jean-Pierre|LANDRY, Pierre",,Éd. française inc.; Librairie Larousse Canada ltée.,[1970?],1970-01-01,1970-12-31,,,"24 cm: 254 p., ill. en coul.",,,Français,"Montréal, QC",Primaire,Primaire,
00000949,Écrire et parler : le vocabulaire et l'expression écrite; CM2,"VERRET, P.|FURCY, P.",,Fernand Nathan,[1963?],1963-01-01,1963-12-31,,,"24 cm: 173 p., ill. en coul.",,,Français,"Paris, FR",Système français,"2e année, cours moyen (France)",
00000950,Écrire et parler : le vocabulaire et l'expression écrite; CE2,"VERRET, P.|WANAULT, A.|FURCY, P.",,Fernand Nathan,[1966?],1966-01-01,1966-12-31,,,"24 cm: 124 p., ill. en coul.",,,Français,"Paris, FR",Système français,"2e année, primaire (France)",
00000951,Écrire et parler : le vocabulaire et l'expression écrite : CE1,"VERRET, P.|FURCY, P.",,Fernand Nathan,[1967?],1967-01-01,1967-12-31,,,"24 cm: 123 p., ill. en coul.",,,Français,"Paris, FR",Primaire,1ère année,
00000952,Un apprentissage heureux de la lecture,"WADIER, Henri|MAJAULT, Joseph|PLANQUE, Bernard","Orientations / E3, Enfance - Éducation - Enseignement",Casterman,[1978?],1978-01-01,1978-12-31,,,20 cm: 188 p.,ISBN 2-203-20240-8,,Français,Belgique,Primaire,Primaire,
00000953,La Lecture sous toutes ses formes 1,"CANAC-MARQUIS, Jean|LABROSSE, Johannes",,Centre éducatif et culturel inc.,[1974?],1974-01-01,1974-12-31,,Éd. révisée,"23 cm: 212 p., ill. en coul.",ISBN 2-7617-0163-1,,Français,"Montréal, QC",,,
00000954,La Lecture sous toutes ses formes 2,"CANAC-MARQUIS, Jean|MAJOR, Henriette|PARSON, Michèle Parson",,Centre éducatif et culturel inc.,[1976?],1976-01-01,1976-12-31,,Éd. révisée,"23 cm: 291 p., ill. en coul.",ISBN 0-7751-0040-4,,Français,"Montréal, QC",,,
00000955,La Lecture sous toutes ses formes 3,"CANAC-MARQUIS, Jean|MAJOR, Henriette|PARSON, Michèle Parson",,Centre éducatif et culturel inc.,[1977?],1977-01-01,1977-12-31,,Éd. révisée,"23 cm: 310 p., ill. en coul.",ISBN 0-7751-0042-0,,Français,"Montréal, QC",,,
00000956,La Lecture sous toutes ses formes 4,"CANAC-MARQUIS, Jean|PRIMEAU, Gilles|CANAC-MARQUIS, Francine",,Centre éducatif et culturel inc.,[1972?],1972-01-01,1972-12-31,,Éd. révisée,"23 cm: 369 p., ill. en coul.",ISBN 0-7751-0020-X,,Français,"Montréal, QC",,,
00000957,Le Français à l'école active : brochure complémentaire,,,Frères du Sacré-Coeur,[19--?],1899-12-31,1999-12-31,,,18 cm: 32 p.,,,Français,"Montréal, QC",Primaire,4e année,
00000958,Cours de langue française : cours supérieur (5e et 6e années) : grammaire,Frères de l'instruction chrétienne,,Procure des Frères de l'instruction chrétienne,1935,1935-01-01,1935-12-31,,,"21 cm: 305 p., quelques ill.",,Sur la p. de t. : ouvrage approuvé par le Conseil de l'instruction publique de la province de Québec,Français,"Laprairie, QC",Primaire,"5e et 6e année, cours supérieur",
00000959,Cours élémentaire de langue française,Frères de l'instruction chrétienne,,Procure des Frères de l'instruction chrétienne,1930,1930-01-01,1930-12-31,,,"18 cm: xvi, 400 p., ill.",,Sur la couv. : ouvrage approuvé par le Conseil de l'instruction publique de la province de Québec. -- Sur la p. de t. : grammaire et exercices - nouvelle nomenclature grammaticale - morceaux choisis servant de dictées ou de récitations - exercices d'observation - rédactions sur cavenas et d'après l'image - notions de style - sujets de lecture. -- Comprend des tables au début de l'ouvrage,Français,"Laprairie, QC",Primaire,Primaire,
00000960,Langue française : cours moyen & supérieur,Frères de l'instruction chrétienne,,Imprimerie du Sacré-Coeur,1916,1916-01-01,1916-12-31,,,"18 cm: xl, 864 p., ill.",,Sur la p. de t. : grammaire et exercices - nouvelle nomenclature grammaticale - morceaux choisis servant de dictées ou de récitations - exercices d'observation - rédactions sur cavenas et d'après l'image - notions de littérature. -- Comprend des tables au début de l'ouvrage,Français,"Laprairie, QC",Système français,Cours moyen; supérieur,
00000961,Langue française : cours moyen & supérieur : deuxième partie,Frères de l'instruction chrétienne,,Imprimerie du Sacré-Coeur,1930,1930-01-01,1930-12-31,,,"18 cm: xvi, 528 p., quelques ill.",,"Sur la p. de t. : exercices grammaticaux correspondant à la grammaire complète des mêmes auteurs - morceaux choisis pour la lecture et la récitation, et pouvant être donnés en dictée - exercices d'observation - exercices d'invention, de langue et de vocabulaire - rédactions sur cavenas et d'après l'image. -- Comprend des tables au début de l'ouvrage",Français,"Laprairie, QC",Système français,Cours moyen; supérieur,
00000962,Cours de lecture : premier livre (par la méthode phonique),Frères des écoles chrétiennes,,Frères des écoles chrétiennes,1941,1941-01-01,1941-12-31,1940-05-08,,"20 cm: 120 p., ill. en coul.",,,Français,"Montréal, QC",Primaire,1ère année,
00000963,Leçons de langue française : cours élémentaire : livre du maître,Frères des écoles chrétiennes,,Frères des écoles chrétiennes,1912,1912-01-01,1912-12-31,,Éd. revue et corrigée,"18 cm: 231 p., quelques ill.",,,Français,"Montréal, QC",Primaire,Primaire,
00000964,Leçons de langue française : cours moyen : livre de l'élève,Frères des écoles chrétiennes,,Frères des écoles chrétiennes,[19--?],1899-12-31,1999-12-31,,Éd. revue et corrigée,"19 cm: 282 p., ill.",,,Français,"Montréal, QC",Système français,Cours moyen,
00000965,La Grammaire à l'école active : deuxième livre,"PICARD, M.|MARÉCHAL, Claudine",Grammaire à l'école active ; 2,Centre éducatif et culturel inc.,[1969?],1969-01-01,1969-12-31,,,"23 cm: 158 p., ill. en coul.",,"Éd. adapt. de : grammaire, cours élémentaire",Français,"Montréal, QC",Primaire,4e année,
00000966,Heureux Départ : initiation à la lecture : guide pédagogique : livrets et cahiers,"JUGHON, B.|MILOT, J.-G.",,Centre éducatif et culturel inc.,[1967?],1967-01-01,1967-12-31,,,21 cm: 102 p.,,,Français,"Montréal, QC",,,
00000967,"Le Français à l'école active pour tout le 2e cycle de l'élémentaire : un programme-niveau de grammaire, d'analyse, de conjugaison, de phonétique, de vocabulaire","LONGPRÉ, Henri",Le français à l'école active,Éditions école active,1967,1967-01-01,1967-12-31,,,23 cm: 48 p.,,,Français,"Montréal, QC",Primaire,4e à 6e année,
00000968,La Grammaire à l'école active : guide pédagogique : 1er livre,"PICARD, M.|PAQUET, P.",La Grammaire à l'école active ; 1,Centre éducatif et culturel inc.,[1967?],1967-01-01,1967-12-31,,,20 cm: 66 p.,,,Français,"Montréal, QC",Primaire,3e année,
00000969,Le Langage à l'école active : expression orale et écrite : premier livre,"PICARD, M.|CABAU, M.|JUGHON, B.|GÉLINAS, P.",Le Langage à l'école active ; 1,Centre éducatif et culturel inc.,[1967?],1967-01-01,1967-12-31,,,"24 cm: 94 p., ill. en coul.",,,Français,"Montréal, QC",Primaire,3e année,
00000970,Le Langage à l'école active : guide pédagogique : 1er livre,"PICARD, M.|GÉLINAS, P.",Le Langage à l'école active ; 1,Centre éducatif et culturel inc.,[1967?],1967-01-01,1967-12-31,,,20 cm: 69 p.,,,Français,"Montréal, QC",Primaire,3e année,
00000971,Le Langage à l'école active : expression orale et écrite : deuxième livre,"PICARD, M.|CABAU, M.|JUGHON, B.|GÉLINAS, P.",Le Langage à l'école active ; 2,Centre éducatif et culturel inc.,[1968?],1968-01-01,1968-12-31,,,"24 cm: 159 p., ill. en coul.",,,Français,"Montréal, QC",Primaire,4e année,
00000972,Le Langage à l'école active : guide pédagogique : 2e livre,"PICARD, M.|GÉLINAS, P.|JUGHON, B.",Le Langage à l'école active ; 2,Centre éducatif et culturel inc.,[1968?],1968-01-01,1968-12-31,,,"20 cm: xiv, 73 p.",,,Français,"Montréal, QC",Primaire,4e année,
00000973,Le Langage à l'école active : expression orale et écrite : troisième livre,"PICARD, M.|CABAU, M.|JUGHON, B.|GÉLINAS, P.",Le Langage à l'école active ; 3,Centre éducatif et culturel inc.,[1971?],1971-01-01,1971-12-31,,,"24 cm: 183 p., ill. en coul.",,"Éd. original publié sous le titre : Mon Nouveau Vocabulaire, cours moyen",Français,"Montréal, QC",Primaire,5e année,
00000974,La Lecture à l'école active : premier livre,"PICARD, M.|BRANDICOURT, M. R.|BÉLISLE, A.|BUTEL, Lucile",La Lecture à l'école active ; 1,Centre éducatif et culturel inc.,[1967?],1967-01-01,1967-12-31,,,"24 cm: 159 p., ill. en coul.",,Éd. adap. de : Mon Livre de lecture C.E. 1. -- Sur la couv. : ouvrage complémentaire au premier livre de la collection Le langage à l'école active,Français,"Montréal, QC",Primaire,3e année,
00000975,Le Livre du maître pour la lecture et le français des petits : au cours préparatoire,"SOUCHÉ, A.",A. Souché,Librairie Fernand Nathan,1931,1931-01-01,1931-12-31,,,19 cm: 125 p.,,Sur la p. de t. : la préparation de la classe,Français,"Paris, FR",Système français,Cours préparatoire,
00000976,La Lecture à l'école active : deuxième livre,"PICARD, M.|BRANDICOURT, M. R.|BÉLISLE, A.|BUTEL, Lucile",La Lecture à l'école active ; 2,Centre éducatif et culturel inc.,1968,1968-01-01,1968-12-31,,,"24 cm: 223 p., ill. en coul.",,Sur la couv. : ouvrage complémentaire au deuxième livre de la collection Le Language à l'école active. -- Éd. adapt. de : Mon livre de lecture C.E.,Français,"Montréal, QC",Primaire,4e année,
00000977,La Lecture à l'école active : troisième,"PICARD, M.|BRANDICOURT, M. R.|BÉLISLE, A.",La Lecture à l'école active ; 3,Centre éducatif et culturel inc.,[1971?],1971-01-01,1971-12-31,,,"24 cm: 223 p., ill. en coul.",,Sur la couv. : ouvrage complémentaire au deuxième livre de la collection Le Language à l'école active. -- Éd. adapt. de : Mon livre de lecture C.E. -- Comprend une bibliogr. à la fin de l'ouvrage -- ISBN 7751-0019-6,Français,"Montréal, QC",Primaire,5e année,
00000978,Histoire illustrée de la littérature française : précis méthodique,"AUBRY, Émile|CROUZET, Paul|AUDIC, Charles",,Didier,[1942?],1942-01-01,1942-12-31,,"Nouv. éd., augmentée et mise à jour","22 cm: xii, 884 p., ill.",,Comprend un index à la fin de l'ouvrage,Français,"Paris, FR",,,Histoire|Littérature
00000979,J'explore le français 4 : recueil de textes,"BEAUDOIN, Gilles|PERRAULT, Josée",,Guérin,[1979?],1979-01-01,1979-12-31,,,"23 cm: 53 p., ill. en coul.",ISBN 2-7601-0073-1,,Français,"Montréal, QC",,,
00000980,J'explore le français 5 : recueil de textes,"BEAUDOIN, Gilles|PERRAULT, Josée",,Guérin,[1979?],1979-01-01,1979-12-31,,,"23 cm: 70 p., ill. en coul.",ISBN 2-7601-0074-X,,Français,"Montréal, QC",,,
00000981,J'explore le français 6 : recueil de textes,"BEAUDOIN, Gilles|PERRAULT, Josée",,Guérin,[1979?],1979-01-01,1979-12-31,,,"23 cm: 86 p., ill. en coul.",ISBN 2-7601-0105-3,,Français,"Montréal, QC",,,
00000982,Le Nouveau Livre unique de lecture et de français : cours élémentaire (1re année) : lecture - grammaire - vocabulaire - orthographe - rédaction,"CHATEL, J.|CHATEL, A.",Le Nouveau Livre unique de lecture et de français ; 2,Fernand Nathan,1955,1955-01-01,1955-12-31,,,"22 cm: 223 p., ill. en coul.",,,Français,"Paris, FR",Système français,"1ère année, primaire (France)",
00000983,Petite histoire des lettres françaises,"CHINARD, Gilbert",,Ginn and Company,[1928?],1928-01-01,1928-12-31,,Nouv. éd.,"19 cm: viii, 343 p., ill.",,Comprend un lexique et un index à la fin de l'ouvrage,Français,"Boston, MA",Secondaire|Universitaire et Collégial,Secondaire; Collèges,
00000984,Cours de français : cinquième année - série A,"VINCENT-FUMET, Odette",,Procure des Frères de l'instruction chrétienne,1953,1953-01-01,1953-12-31,1953-05-07,,"22 cm: 60 p., ill. en coul.",,,Français,"La Prairie, QC",Primaire,5e année,
00000985,Expression française 1,"DEGRACE, J.-Gérard|SALISBURY, Margaret|MERLE SMITH, John",,W. J. Gage & Co. Ltd.,[19--?],1899-12-31,1999-12-31,,,"21 cm: xviii, 331 p., ill.",,Comprend un vocabulaire à la fin de l'ouvrage,Français,"Toronto, ON",,,
00000986,J'explore le français 5 : guide du maître,"PAPILLON, Claire",,Guérin,[1979?],1979-01-01,1979-12-31,,,"23 cm: 166 p., ill. et tableaux",ISBN 2-7601-0110-X,,Français,"Montréal, QC",,,
00000987,Cours de langue française : grammaire,Frères de l'instruction chrétienne,,Procure des Frères de l'instruction chrétienne,1942,1942-01-01,1942-12-31,,,"21 cm: iv, 280 p., ill.",,Sur la p. de t. : ouvrage approuvé par le Conseil de l'instruction publique de la province de Québec,Français,"Laprairie, QC",Primaire,"4e et 5e année, cours moyen",
00000988,Les Éléments du style II,"GESLIN, L.",Méthode de composition française ; II,J. de Gigord,1958,1958-01-01,1958-12-31,,,"23 cm: xii, 322 p., ill.",,,Français,"Paris, FR",Système français,"1ère année, classe de 8e, cours moyen (France)",
00000989,Lectures graduées : troisième livre,,,Frères des écoles chrétiennes,1917,1917-01-01,1917-12-31,1917-09-26,Nouv. éd.,"19 cm: 363 p., ill.",,Sur la p. de t. : série de livre de lecture à l'usage des écoles chrétiennes,Français,"Montréal, QC",,,
00000990,Grammaire pour l'expression : premier livre,"LEGRAND, L.|SATRE, E.|RICHARD, E.",Louis Legrand ; 1,Fernand Nathan,[1973?],1973-01-01,1973-12-31,,,"16 x 22 cm: 127 p., ill. en coul.",,,Français,"Paris, FR",Primaire,1ère année,
00000991,Grammaire pour l'expression : deuxième livre,"LEGRAND, L.|SATRE, E.|RICHARD, E.",Louis Legrand ; 2,Fernand Nathan,[1970?],1970-01-01,1970-12-31,,,"16 x 22 cm: 191 p., ill. en coul.",,,Français,"Paris, FR",Primaire,2e année,
00000992,Lire et s'informer : livre de lecture 2,"LICHET, Raymond|DESSONS, Pierre","Le Français sur mesure, série verte",Hachette,[1975?],1975-01-01,1975-12-31,,,"22 cm: 63 p., ill. (certaines en coul.)",,,Français,"Paris, FR",Intermédiaire|Secondaire,12 ans et plus,
00000993,Pour tout lire : livre de lecture 1,"LICHET, Raymond|DESSONS, Pierre","Le Français sur mesure, série verte",Hachette,1975,1975-01-01,1975-12-31,,,"22 cm: 63 p., ill. (certaines en coul.)",,,Français,"Paris, FR",Intermédiaire|Secondaire,12 ans et plus,
00000994,Lire et s'informer : cahier d'exercices 2,"LICHET, Raymond|MARQUET, Andrée","Le Français sur mesure, série verte",Hachette,[1975?],1975-01-01,1975-12-31,,,"24 cm: 63 p., ill.",,,Français,"Paris, FR",Intermédiaire|Secondaire,12 ans et plus,
00000995,Pour tout lire : cahier d'exercices 1,"LICHET, Raymond|MARQUET, Andrée","Le Français sur mesure, série verte",Hachette,[1975?],1975-01-01,1975-12-31,,,"24 cm: 63 p., ill.",,,Français,"Paris, FR",Intermédiaire|Secondaire,12 ans et plus,
00000996,Cours français de lectures graduées : degré moyen,"MAGNAN, J.-Roch",,Librairie Beauchemin limitée,1912,1912-01-01,1912-12-31,,,"18 cm: xvi, 380 p., ill.",,Sur la p. de t. : ouvrage approuvé par le comité catholique du Conseil de l'instruction publique de la province de Québec,Français,"Montréal, QC",Intermédiaire,Moyen,
00000997,Cours français de lectures graduées : degré supérieur,"MAGNAN, J.-Roch",,Librairie Beauchemin limitée,1912,1912-01-01,1912-12-31,,,"19 cm: xii, 470 p., ill.",,Sur la p. de t. : ouvrage approuvé par le comité catholique du Conseil de l'instruction publique de la province de Québec,Français,"Montréal, QC",Secondaire,Supérieur,
00000998,Mon nouveau vocabulaire : du vocabulaire à la composition française,"PICARD, M.|CABAU, M.|JUGHON, B.",,Librairie Armand Colin,[1965?],1965-01-01,1965-12-31,,,"24 cm: 94 p., ill. en coul.",,,Français,"Paris, FR",Système français,"1ère année, cours moyen (France)",
00000999,Mon nouveau vocabulaire : du vocabulaire à la phrase,"PICARD, M.|CABAU, M.|JUGHON, B.",,Librairie Armand Colin,[1965?],1965-01-01,1965-12-31,,,"24 cm: 158 p., ill. en coul.",,,Français,"Paris, FR",Système français,"1ère année, primaire (France)",
00001000,Ma langue française : guide du maître,"RICHER, Ernest|L. R. Studio",,Éducation nouvelle,1971,1971-01-01,1971-12-31,,,"23 cm: xi, 161 p.",ISBN 0-7769-1045-0,,Français,"Montréal, QC",,,
00001001,Boucles d'or et pomme d'api : lectures suivies,"SAUVESTRE, Jean",,Fernand Nathan,1952,1952-01-01,1952-12-31,,,"22 cm: 125 p., ill. en coul.",,,Français,"Paris, FR",Système français,"Fin du cours préparatoire et 1re année, primaire",
00001002,"Le Livre du maître pour la lecture expressive et le français : au cours moyen, 1er degré","SOUCHÉ, A.",A. Souché,Librairie Fernand Nathan,1936,1936-01-01,1936-12-31,,Nouv. éd. corrigée,19 cm: 206 p.,,Sur la p. de t. : la préparation de la classe de français,Français,"Paris, FR",Système français,Cours moyen; 1er degré des écoles à plusieurs classes; 1re division des écoles à classe unique (France),
00001003,Escholier [publication en série]: magazine de l'écolier catholique : deux,"BENZ, Francis E.|MASSÉ, Jean-Marie|MARGUERITE, M.|DESROSIERS, Adélard",,Escholier,1952,1952-01-01,1952-12-31,,,"30 cm: 16 p., ill. en coul.",,"Mensuel. -- Description d'après : vol. V, no 5 (mai 1952)",Français,"Montréal, QC",,,
00001004,Escholier [publication en série]: magazine de l'écolier catholique : trois,"BENZ, Francis E.|MASSÉ, Jean-Marie|MARGUERITE, M.|DESROSIERS, Adélard",,Escholier,1952,1952-01-01,1952-12-31,,,"30 cm: 16 p., ill. en coul.",,"Mensuel. -- Description d'après : vol. V, no 5 (mai 1952)",Français,"Montréal, QC",,,
00001005,Escholier [publication en série]: magazine de l'écolier catholique : trois,"BENZ, Francis E.|MASSÉ, Jean-Marie|MARGUERITE, M.|DESROSIERS, Adélard",,Escholier,1952,1952-01-01,1952-12-31,,,"30 cm: 16 p., ill. en coul.",,"Mensuel. -- Description d'après : vol. V, no 6 (juin 1952)",Français,"Montréal, QC",,,
00001006,Escholier [publication en série]: magazine de l'écolier catholique : un,"BENZ, Francis E.|MASSÉ, Jean-Marie|MARGUERITE, M.|DESROSIERS, Adélard",,Escholier,1952,1952-01-01,1952-12-31,,,"30 cm: 16 p., ill. en coul.",,"Mensuel. -- Description d'après : vol. V, no 6 (juin 1952)",Français,"Montréal, QC",,,
00001007,Escholier [publication en série]: magazine de l'écolier catholique : deux,"BENZ, Francis E.|MASSÉ, Jean-Marie|MARGUERITE, M.|DESROSIERS, Adélard",,Escholier,1952,1952-01-01,1952-12-31,,,"30 cm: 16 p., ill. en coul.",,"Mensuel. -- Description d'après : vol. V, no 6 (juin 1952)",Français,"Montréal, QC",,,
00001008,Escholier [publication en série]: magazine de l'écolier catholique : un,"BENZ, Francis E.|MASSÉ, Jean-Marie|MARGUERITE, M.|DESROSIERS, Adélard",,Escholier,1952,1952-01-01,1952-12-31,,,"30 cm: 16 p., ill. en coul.",,"Mensuel. -- Description d'après : vol. V, no 7 (sept. 1952)",Français,"Montréal, QC",,,
00001009,Escholier [publication en série]: magazine de l'écolier catholique : deux,"BENZ, Francis E.|MASSÉ, Jean-Marie|MARGUERITE, M.|DESROSIERS, Adélard",,Escholier,1952,1952-01-01,1952-12-31,,,"30 cm: 16 p., ill. en coul.",,"Mensuel. -- Description d'après : vol. V, no 7 (sept. 1952)",Français,"Montréal, QC",,,
00001010,Escholier [publication en série]: magazine de l'écolier catholique : un,"BENZ, Francis E.|MASSÉ, Jean-Marie|MARGUERITE, M.|DESROSIERS, Adélard",,Escholier,1952,1952-01-01,1952-12-31,,,"30 cm: 16 p., ill. en coul.",,"Mensuel. -- Description d'après : vol. V, no 8 (oct. 1952)",Français,"Montréal, QC",,,
00001011,Escholier [publication en série]: magazine de l'écolier catholique : deux,"BENZ, Francis E.|MASSÉ, Jean-Marie|MARGUERITE, M.|DESROSIERS, Adélard",,Escholier,1952,1952-01-01,1952-12-31,,,"30 cm: 16 p., ill. en coul.",,"Mensuel. -- Description d'après : vol. V, no 8 (oct. 1952)",Français,"Montréal, QC",,,
00001012,J'aime lire : méthode de lecture spontanée : 3e livre,"BUSSIÈRES, Simone|Chader|MARC, M. P.",Méthode de lecture spontanée ; 3,Pedagogia inc.,1966,1966-01-01,1966-12-31,,,"25 cm: 159 p., ill. en coul.",,,Français,"Montréal, QC",Primaire,3e année,
00001013,Cahier d'exercices complément de J'aime lire,"BUSSIÈRES, Simone|Chader",Méthode de lecture spontanée ; 3,Pedagogia inc.,1966,1966-01-01,1966-12-31,,,"28 cm: 95 p., ill.",,Comprend un lexique à la fin de l'ouvrage,Français,"Montréal, QC",Primaire,3e année,
00001014,Je sais lire : méthode de lecture spontanée : deuxième livret,"BUSSIÈRES, Simone|Chader",Méthode de lecture spontanée ; 2,Pedagogia inc.,1970,1970-01-01,1970-12-31,,Nouv. éd. entièrement révisée,"25 cm: 121 p., ill. en coul.",,Manquant,Français,"Montréal, QC",Primaire,2e année,
00001015,"Cahier A, complément de Je sais lire : méthode de lecture spontanée","BUSSIÈRES, Simone",Méthode de lecture spontanée ; 2,Pedagogia inc.,1970,1970-01-01,1970-12-31,,Nouv. éd. entièrement révisée,"28 cm: 96 p., ill.",,Comprend un lexique à la fin de l'ouvrage,Français,"Montréal, QC",Primaire,2e année,
00001016,"Cahier B, complément de Je sais lire : méthode de lecture spontanée","BUSSIÈRES, Simone",Méthode de lecture spontanée ; 2,Pedagogia inc.,1970,1970-01-01,1970-12-31,,Nouv. éd. entièrement révisée,"28 cm: 96 p., ill.",,Comprend un lexique à la fin de l'ouvrage,Français,"Montréal, QC",Primaire,2e année,
00001017,Je veux lire : méthode de lecture spontanée : premier livret,"BUSSIÈRES, Simone|Chader",Méthode de lecture spontanée ; 1,Pedagogia inc.,1963,1963-01-01,1963-12-31,,,"25 cm: 104 p., ill. en coul.",,,Français,"Montréal, QC",Primaire,1ère année,
00001018,Je veux lire : méthode de lecture spontanée : premier livret,"BUSSIÈRES, Simone|Chader",Méthode de lecture spontanée ; 1,Pedagogia inc.,1968,1968-01-01,1968-12-31,,2e éd.,"25 cm: 96 p., ill. en coul.",,,Français,"Montréal, QC",Primaire,1ère année,
00001019,"Cahier B, complément de Je veux lire : méthode de lecture spontanée","BUSSIÈRES, Simone|Chader|BÉDARD, Laurent",Méthode de lecture spontanée ; 1,Pedagogia inc.,[1967?],1967-01-01,1967-12-31,,2e éd.,"25 cm: 72 p., ill.",,,Français,"Montréal, QC",Primaire,1ère année,
00001020,La Lecture courante : français 2,"CÔTÉ-PRÉFONTAINE, Gisèle|PRÉFONTAINE, Robert R.|PERRIGUEY, Katherine",Sablier,Le Sablier inc.,1975,1975-01-01,1975-12-31,,3e éd.,"26 cm: 124 p., ill. en coul.",ISBN 0-919428,,Français,"Boucherville, QC",Primaire,2e année,
00001021,Vers la lecture expressive : français 3,"CÔTÉ-PRÉFONTAINE, Gisèle|PRÉFONTAINE, Robert R.|PERRIGUEY, Katherine",Sablier,Le Sablier inc.,1975,1975-01-01,1975-12-31,,,"26 cm: 111 p., ill. en coul.",ISBN 0-919428,,Français,"Boucherville, QC",Primaire,3e année,
00001022,Visite d'un verger : préscolaire,"DESPATIE, Diane",,Les Entreprises culturelles enr.,[1982?],1982-01-01,1982-12-31,,,"28 cm: 24 p., ill.",ISBN 2-7614-0094-1,,Français,"La Prairie, QC",Primaire,Préscolaire,
00001023,Fiches d'activités : Visite d'un verger : préscolaire,"DESPATIE, Diane",,Les Entreprises culturelles enr.,[1982?],1982-01-01,1982-12-31,,,"28 cm: 64 p., ill.",,,Français,"La Prairie, QC",Primaire,Préscolaire,
00001024,Contes bleus : lecture active,"DUBÉ, André|DUBÉ, G.-A.|ROBBIE, Evaline",,Thomas Nelson & Sons Canada Ltd.,[1970?],1970-01-01,1970-12-31,,,"28 cm: 80 p., ill.",ISBN 0-176-31875-5,,Français,Canada,,,
00001025,Refrancisons-nous,Frère Jean-Ferdinand,Nous,Frère Jean-Ferdinand,1951,1951-01-01,1951-12-31,,2e éd.,"24 cm: 143 p., quelques ill.",,,Français,"Montmorency, QC",,,
00001026,Refrancisons-nous,Frère Jean-Ferdinand,Nous,Éditions des frères Maristes,1951,1951-01-01,1951-12-31,,,"22 cm: 142 p., quelques ill.",,,Français,"Montréal, QC",,,
00001027,Fonetik : la phonétique rendue facile : un manuel de phonétique française,"LEBRUN, Armande",,Lidec inc.,1969,1969-01-01,1969-12-31,,,21 cm: 115 p.,,Comprend une bibliogr. à la fin de l'ouvrage,Français,"Montréal, QC",,,
00001028,L'Apprentissage de l'orthographe : noms féminins en É ou en ÉE,"LEPAGE, Robert|PARADIS, Fernand",Méthode active ; 2,Pédagogia inc.,1965,1965-01-01,1965-12-31,,,"26 cm: iv, 19 p.",,,Français,"Montréal, QC",Primaire|Intermédiaire|Secondaire,4e à 9e année,
00001029,Le Français à l'école active : 6e année : 1er projet de travail,"LONGPRÉ, Henri|CARRIÈRE, Jean|DESMARCHAIS, Guy|LEFEBVRE, Gilles-R.",Le Français à l'école active ; 1,Éditions école active,1967,1967-01-01,1967-12-31,,1re éd.,"23 cm: 32 p., ill. en coul.",,,Français,"Montréal, QC",Primaire,6e année,
00001030,Le Français à l'école active : 6e année : 2e projet de travail,"LONGPRÉ, Henri|CARRIÈRE, Jean|DESMARCHAIS, Guy|LEFEBVRE, Gilles-R.",Le Français à l'école active ; 2,Éditions école active,1967,1967-01-01,1967-12-31,,1re éd.,"23 cm: 32 p., ill. en coul.",,,Français,"Montréal, QC",Primaire,6e année,
00001031,Le Français à l'école active : 6e année : 3e projet de travail,"LONGPRÉ, Henri|CARRIÈRE, Jean|DESMARCHAIS, Guy|LEFEBVRE, Gilles-R.",Le Français à l'école active ; 3,Éditions école active,1967,1967-01-01,1967-12-31,,1re éd.,"23 cm: 32 p., ill. en coul.",,,Français,"Montréal, QC",Primaire,6e année,
00001032,Le Français à l'école active : 6e année : 4e projet de travail,"LONGPRÉ, Henri|CARRIÈRE, Jean|DESMARCHAIS, Guy|LEFEBVRE, Gilles-R.",Le Français à l'école active ; 4,Éditions école active,1967,1967-01-01,1967-12-31,,1re éd.,"23 cm: 32 p., ill. en coul.",,,Français,"Montréal, QC",Primaire,6e année,
00001033,Le Français à l'école active : 6e année : 5e projet de travail,"LONGPRÉ, Henri|CARRIÈRE, Jean|DESMARCHAIS, Guy|LEFEBVRE, Gilles-R.",Le Français à l'école active ; 5,Éditions école active,1967,1967-01-01,1967-12-31,,1re éd.,"23 cm: 32 p., ill. en coul.",,,Français,"Montréal, QC",Primaire,6e année,
00001034,Le Français à l'école active : 6e année : 6e projet de travail,"LONGPRÉ, Henri|CARRIÈRE, Jean|DESMARCHAIS, Guy|LEFEBVRE, Gilles-R.",Le Français à l'école active ; 6,Éditions école active,1967,1967-01-01,1967-12-31,,1re éd.,"23 cm: 32 p., ill. en coul.",,,Français,"Montréal, QC",Primaire,6e année,
00001035,Le Français à l'école active : 6e année : 7e projet de travail,"LONGPRÉ, Henri|CARRIÈRE, Jean|DESMARCHAIS, Guy|LEFEBVRE, Gilles-R.",Le Français à l'école active ; 7,Éditions école active,1967,1967-01-01,1967-12-31,,1re éd.,"23 cm: 32 p., ill. en coul.",,,Français,"Montréal, QC",Primaire,6e année,
00001036,Le Français à l'école active : 6e année : 8e projet de travail,"LONGPRÉ, Henri|CARRIÈRE, Jean|DESMARCHAIS, Guy|LEFEBVRE, Gilles-R.",Le Français à l'école active ; 8,Éditions école active,1967,1967-01-01,1967-12-31,,1re éd.,"23 cm: 32 p., ill. en coul.",,,Français,"Montréal, QC",Primaire,6e année,
00001037,Le Français à l'école active : 6e année : 9e projet de travail,"LONGPRÉ, Henri|CARRIÈRE, Jean|DESMARCHAIS, Guy|LEFEBVRE, Gilles-R.",Le Français à l'école active ; 9,Éditions école active,1967,1967-01-01,1967-12-31,,1re éd.,"23 cm: 32 p., ill. en coul.",,,Français,"Montréal, QC",Primaire,6e année,
00001038,Le Français à l'école active : 6e année : 10e projet de travail,"LONGPRÉ, Henri|CARRIÈRE, Jean|DESMARCHAIS, Guy|LEFEBVRE, Gilles-R.",Le Français à l'école active ; 10,Éditions école active,1967,1967-01-01,1967-12-31,,1re éd.,"23 cm: 32 p., ill. en coul.",,,Français,"Montréal, QC",Primaire,6e année,
00001039,Le Français à l'école active : 6e année : 11e projet de travail,"LONGPRÉ, Henri|CARRIÈRE, Jean|DESMARCHAIS, Guy|LEFEBVRE, Gilles-R.",Le Français à l'école active ; 11,Éditions école active,1967,1967-01-01,1967-12-31,,1re éd.,"23 cm: 32 p., ill. en coul.",,,Français,"Montréal, QC",Primaire,6e année,
00001040,Le Français à l'école active : 6e année : 12e projet de travail,"LONGPRÉ, Henri|CARRIÈRE, Jean|DESMARCHAIS, Guy|LEFEBVRE, Gilles-R.",Le Français à l'école active ; 12,Éditions école active,1967,1967-01-01,1967-12-31,,1re éd.,"23 cm: 32 p., ill. en coul.",,,Français,"Montréal, QC",Primaire,6e année,
00001041,"Bravo, je lis ! : cahier 2","MAURICE, Denise",,Centre franco-ontarien de ressources pédagogiques,[1978?],1978-01-01,1978-12-31,,,"28 cm: 130 p., ill.",,Vocabulaire au début de l'ouvrage,Français,"Ottawa, ON",Primaire,1ère année,
00001042,"Bravo, je lis ! : cahier 6","MAURICE, Denise",,Centre franco-ontarien de ressources pédagogiques,[1978?],1978-01-01,1978-12-31,,,"27 cm: 128 p., ill.",,Comprend un vocabulaire au début de l'ouvrage,Français,"Ottawa, ON",Primaire,1ère année,
00001043,La Vie canadienne : exercices : avec une initiation à la littérature,"MICHAUD, Marguerite",Feuille d'érable ; 7,Ed. Nelson Canada,[1962?],1962-01-01,1962-12-31,,,"28 cm: 128 p., ill.",,Comprend une bibliogr. à la fin de l'ouvrage,Français,"Toronto, ON",,,
00001044,Phraséologie et analyse de la phrase 5,"PELLETIER, Georges|GAUTHIER, Réal|FOREST, Dominique",Place au français ; 5,Lidec inc.,[1979?],1979-01-01,1979-12-31,,,27 cm: 73 p.,ISBN 2-7608-3030-6,,Français,"Montréal, QC",,,
00001045,Le Préapprentissage de la lecture : fiches de préapprentissage et jeux de lecture,"ROBERGE, Suzelle|POULIOT, Germaine|POULIOT, Monique|RODRIGUE, Claudette",,Éditions Projets inc.,[1971?],1971-01-01,1971-12-31,,,"28 cm: 63 p., ill.",,Sur la couv. : notes méthodologiques 1. -- Comprend un vocabulaire et une bibliogr. à la fin de l'ouvrage. -- ISBN 0-7769-4170-4,Français,"Montréal, QC",Primaire,"1ère année, 1er semestre",
00001046,Le Sablier français 1,"CÔTÉ-PRÉFONTAINE, Gisèle|SAMSON-DE-CELLES, Anne-Marie",,Le Sablier inc.,1974,1974-01-01,1974-12-31,,,"26 cm: 80 p., ill. en coul.",,,Français,"Boucherville, QC",,,
00001047,Le Sablier français 1 : cahier 1,"CÔTÉ-PRÉFONTAINE, Gisèle|SAMSON-DE-CELLES, Anne-Marie",,Le Sablier inc.,1974,1974-01-01,1974-12-31,,,"27 cm: 71 p., ill.",,,Français,"Boucherville, QC",,,
00001048,Près de la fontaire : exercices,"SAINT-JEAN, Albert",Feuille d'érable ; 6,Thomas Nelson & Sons Canada Ltd.,[1962?],1962-01-01,1962-12-31,,,"28 cm: 111 p., ill.",,,Français,"Toronto, ON",,,
00001049,Textes pour la lecture et l'explication : secondaire I,"BLAIS, Jacques|LANGLOIS, P.|MAREUIL, A.|CARDERA, M. ",Français,H.M.H.,1967,1967-01-01,1967-12-31,,,"22 cm: 352 p., ill.",,,Français,"Montréal, QC",Secondaire,Secondaire 1,
00001050,Guide de bon usage grammatical et orthographique,"BEAUREGARD, Jacques|TRUCOTTE, Léandre",Balises,Beauchemin,[1971?],1971-01-01,1971-12-31,,,14 x 22 cm: env. 220 p.,,Sur la couv. : documents pour l'enseignement du français au secondaire (premier cycle) 1.01 à 1.13. -- ISBN 0-7750-0354-9,Français,"Ottawa, ON",Secondaire,Secondaire 1,
00001051,Club de lecture des jeunes,,,Club de lecture des jeunes,1962,1962-01-01,1962-12-31,,,"19 cm: 511 p., ill. en coul.",,,Français,"Paris, FR",,,
00001052,Club de lecture des jeunes,,,Club de lecture des jeunes,1962,1962-01-01,1962-12-31,,,"19 cm: 508 p., ill. en coul.",,,Français,"Paris, FR",,,
00001053,Club de lecture des jeunes,,,Club de lecture des jeunes,1963,1963-01-01,1963-12-31,,,"19 cm: 510 p., ill. (certaines en coul.)",,,Français,"Paris, FR",,,
00001054,Club de lecture des jeunes,,,Club de lecture des jeunes,1963,1963-01-01,1963-12-31,,,"19 cm: 510 p., ill. (certaines en coul.)",,,Français,"Paris, FR",,,
00001055,Club de lecture des jeunes,,,Club de lecture des jeunes,1963,1963-01-01,1963-12-31,,,"19 cm: 511 p., ill. (certaines en coul.)",,,Français,"Paris, FR",,,
00001056,Club de lecture des jeunes,,,Club de lecture des jeunes,1963,1963-01-01,1963-12-31,,,"19 cm: 511 p., ill. (certaines en coul.)",,,Français,"Paris, FR",,,
00001057,Cours pratique d'ortographe : secondaire I et secondaire II,"DUPREZ, Daniel|PELCHAT, Roland|LEGRIS, Michel",Langage et communication,Éditions France Québec,[1975?],1975-01-01,1975-12-31,,,22 cm: 96 p.,,Comprend un index à la fin de l'ouvrage,Français,"Montréal, QC",Secondaire,Secondaire 1 et 2,
00001058,A l'école de la joie : méthode dynamique de français : 2eme année,,Méthode dynamique de français,Éducation nouvelle,[19--?],1899-12-31,1999-12-31,,,"25 cm: 126 p., ill. en coul.",,Comprend un vocabulaire à la fin de l'ouvrage,Français,,Primaire,2e année,
00001059,Jouons ensemble : mon deuxième livre de lecture,"FOREST, Marguerite|OUIMET, Madeleine|FAUCHER, Jean-Charles",,Granger frères limitée,1972,1972-01-01,1972-12-31,,Rénovée,"25 cm: 128 p., ill. en coul.",,,Français,"Montréal, QC",,,
00001060,Textes pour la lecture et l'explication : 3e,"LANGLOIS, P.|MAREUIL, A.|ROUSSELON, C.|SERBAT, G.",Français,Hatier,[1967?],1967-01-01,1967-12-31,,,"22 cm: 444 p., ill.",,,Français,"Paris, FR",Système français,3e année (France),
00001061,Textes pour la lecture et l'explication : 4e,"LANGLOIS, P.|MAREUIL, A.|ROUSSELON, C.|SERBAT, G.",Français,Hatier,[1966?],1966-01-01,1966-12-31,,,"22 cm: 383 p., ill.",,,Français,"Paris, FR",Système français,4e année (France),
00001062,Textes pour la lecture et l'explication : 5e,"LANGLOIS, P.|MAREUIL, A.|CARDERA, M. ",Français,Hatier,[1965?],1965-01-01,1965-12-31,,,"22 cm: 351 p., ill.",,,Français,"Paris, FR",Système français,5e année (France),
00001063,La Nouvelle Grammaire de base pour le secondaire,"MAREFUL, André|DUBOIS, Jean|LAGANE, René",,Éd. française inc.,1976,1976-01-01,1976-12-31,,"2e éd., revue et corrigée","25 cm: 160 p., ill.",,Comprend un index à la fin de l'ouvrage,Français,Canada,Secondaire,Secondaire,
00001064,Mon cahier d'écriture et de français : no 2,,,Congrégation de Notre-Dame,1957,1957-01-01,1957-12-31,1957-12-11,,"23 cm: 80 p., ill.",,Sur la couv. : complément de Mon troisième livre de français par la lecture,Français,"Montréal, QC",Primaire,3e année,
00001065,Mon cahier d'écriture et de lecture : no 1,,,Congrégation de Notre-Dame,1954,1954-01-01,1954-12-31,1954-12-15,,"23 cm: 32 p., ill.",,Sur la couv. : complément de Mon premier livre de français par la lecture,Français,"Montréal, QC",,,
00001066,Mon cahier d'écriture et de lecture : no 1,,,Congrégation de Notre-Dame,1955,1955-01-01,1955-12-31,1956-02-15,,"23 cm: 48 p., ill.",,Sur la couv. : complément de Mon deuxième livre de français par la lecture,Français,"Montréal, QC",,,
00001067,Mon cahier d'écriture et de lecture : no 2,,,Congrégation de Notre-Dame,1954,1954-01-01,1954-12-31,1954-12-15,,"24 cm: 32 p., ill.",,Sur la couv. : complément de Mon premier livre de français par la lecture,Français,"Montréal, QC",,,
00001068,Mon cahier d'écriture et de lecture : no 2,,,Congrégation de Notre-Dame,1955,1955-01-01,1955-12-31,1956-02-15,,"24 cm: 48 p., ill.",,Sur la couv. : complément de Mon deuxième livre de français par la lecture,Français,"Montréal, QC",,,
00001069,Mon livre de lecture : deuxième année,,,Congrégation de Notre-Dame,1941,1941-01-01,1941-12-31,,,"21 cm: 94 p., ill. en coul.",,,Français,"Montréal, QC",Primaire,2e année,
00001070,La Composition française : à l'usage des élèves des premières et deuxièmes années des classes d'enseignement secondaire,"PROULX, Ovide",,Thomas Nelson & Sons Canada Ltd.,[1969?],1969-01-01,1969-12-31,,,"20 cm: 316 p., quelques ill. en coul.",,Comprend des index à la fin de l'ouvrage,Français,"Toronto, ON",Secondaire,Secondaire 1 et 2,
00001071,Méthode accélérée de prononciation française,"DE VIENNE, Lucie",,Beauchemin,1965,1965-01-01,1965-12-31,,,"20 x 22 cm: 109 p., quelques ill.",,Comprend une bibliogr. à la fin de l'ouvrage,Français,"Montréal, QC",,,
00001072,Thèmes et manifestes du XIXe siècle,"AZIZA, Claude|BENREKASSA, Geneviève|QUINTIN, Yvan|ROCHE, François",Littérature et sociétés ; 1,Bordas,[1976?],1976-01-01,1976-12-31,,,"30 cm: 95 p., ill.",,"Comprend une bibliogr., un glossaire et des index à la fin de l'ouvrage. -- ISBN 2-04-007385-X",Français,"Paris, FR",,,Histoire|Littérature
00001073,Textes et documents,"AZIZA, Claude",Littérature et sociétés ; 2,Bordas,[1978?],1978-01-01,1978-12-31,,,"30 cm: 191 p., ill.",,Sur la couv. : XIXe siècle. -- ISSN 0395-7977. -- ISBN 2-04-007554-2,Français,"Paris, FR",,,Histoire|Littérature
00001074,Mon livre de français : série A - quatrième année,"BERNIER, J.",,Frères du Sacré-Coeur,1949,1949-01-01,1949-12-31,1948-12-15,,"22 cm: 297 p., ill. en coul.",,,Français,"Montréal, QC",Primaire,4e année,
00001075,Mon livre de français : série A - quatrième année,,,Frères du Sacré-Coeur,1962,1962-01-01,1962-12-31,1962-05-23,,"22 cm: 285 p., ill. en coul.",,,Français,"Montréal, QC",Primaire,4e année,
00001076,Mon livre de français : série A - quatrième année : livre du maître,,,Frères du Sacré-Coeur,1949,1949-01-01,1949-12-31,1948-12-15,,"22 cm: 384 p., ill. en coul.",,,Français,"Montréal, QC",Primaire,4e année,
00001077,Mon livre de français : série A - quatrième année : le livre du maître,,,Frères du Sacré-Coeur,1962,1962-01-01,1962-12-31,1962-05-23,Éd. remise à jour,"22 cm: 341 p., ill. en coul.",,,Français,"Montréal, QC",Primaire,4e année,
00001078,Mon livre de français : série A - cinquième année : le livre du maître,"BERNIER, J.",,Frères du Sacré-Coeur,1949,1949-01-01,1949-12-31,1948-12-15,,"22 cm: 304 p., ill. en coul.",,,Français,"Montréal, QC",Primaire,5e année,
00001079,Mon livre de français : série A - cinquième année : livre du maître,,,Frères du Sacré-Coeur,1949,1949-01-01,1949-12-31,1948-12-15,,"22 cm: 416 p., ill. en coul.",,,Français,"Montréal, QC",Primaire,5e année,
00001080,Mon livre de français : série A - cinquième année,"LEFEBVRE, Gilles-R.|DESMARCHAIS, Guy",,Frères du Sacré-Coeur,1963,1963-01-01,1963-12-31,1963-03-27,Nouv. éd.,"22 cm: 352 p., ill. en coul.",,,Français,"Montréal, QC",Primaire,5e année,
00001081,Mon livre de français : série A - sixième année,"BERNIER, J.",,Frères du Sacré-Coeur,1950,1950-01-01,1950-12-31,1950-11-02,,"21 cm: 345 p., ill. en coul.",,,Français,"Montréal, QC",Primaire,6e année,
00001082,Mon livre de français : sixième année,"LEFEBVRE, Gilles-R.|DESMARCHAIS, Guy",,Frères du Sacré-Coeur,1963,1963-01-01,1963-12-31,1963-06-12,Nouv.,"24 cm: 400 p., ill. en coul.",,Comprend un lexique et un index à la fin de l'ouvrage,Français,"Montréal, QC",Primaire,6e année,
00001083,"Le Français, cours secondaire : tome III","BARRAL, Marcel",Lagarde et Michard,Centre éducatif et culturel inc.,1968,1968-01-01,1968-12-31,,,"22 cm: 509 p., ill.",,"Adap. canadienne de : Français, classe de 4e. -- Sur la couv. : initiation littéraire. -- Comprend des index à la fin de l'ouvrage",Français,"Montréal, QC",Secondaire,Secondaire,
00001084,"Le Français, cours secondaire : tome IV","BARRAL, Marcel",Lagarde et Michard,Centre éducatif et culturel inc.,[1968?],1968-01-01,1968-12-31,,,"22 cm: 575 p., ill.",,Sur la couv. : initiation littéraire. -- Comprend des index à la fin de l'ouvrage,Français,"Montréal, QC",Secondaire,Secondaire,
00001085,"Le Français, cours secondaire : tome I","FOURNIER, Jean|DULONG, Jeanne-Marie|BASTIDE, Maurice",Lagarde et Michard,Centre éducatif et culturel inc.,[1968?],1968-01-01,1968-12-31,,,"22 cm: 460 p., ill.",,"Adap. canadienne de : Français, classe de 6e. -- Sur la couv. : initiation littéraire. -- Comprend des index à la fin de l'ouvrage",Français,"Montréal, QC",Secondaire,Secondaire,
00001086,"Le Français, cours secondaire : tome II","FOURNIER, Jean|DULONG, Jeanne-Marie|BASTIDE, Maurice",Lagarde et Michard,Centre éducatif et culturel inc.,1968,1968-01-01,1968-12-31,,,"22 cm: 480 p., ill.",,"Adap. canadienne de : Français, classe de 5e. -- Sur la couv. : initiation littéraire. -- Comprend des index à la fin de l'ouvrage",Français,"Montréal, QC",Secondaire,Secondaire,
00001087,Mon livre de français : sixième année,"DESMARCHAIS, Guy",,Éditions école active,[1964?],1964-01-01,1964-12-31,1970-03-01,Nouv. éd.,"24 cm: 400 p., ill. en coul.",,Comprend un lexique et un index à la fin de l'ouvrage,Français,"Montréal, QC",Primaire,6e année,
00001088,"Mon livre de français : série A, sixième année : guide du maître","LEFEBVRE, Gilles-R.",,Frères du Sacré-Coeur,1963,1963-01-01,1963-12-31,1963-12-18,Nouv. éd.,23 cm: env. 400 p.,,,Français,"Montréal, QC",Primaire,6e année,
00001089,Mon livre de français : série B - sixième et septième année (pour classes à divisions multiples),"BERNIER, J.",,Frères du Sacré-Coeur,1951,1951-01-01,1951-12-31,1951-05-09,,"23 cm: 400 p., ill. en coul.",,,Français,"Montréal, QC",Primaire|Intermédiaire,6e et 7e année,
00001090,Mon livre de français : série A - septième année,"BERNIER, J.",,Frères du Sacré-Coeur,1950,1950-01-01,1950-12-31,1951-05-10,,"21 cm: 375 p., ill. en coul.",,,Français,"Montréal, QC",Intermédiaire,7e année,
00001091,Mon livre de français : septième année,"LONGPRÉ, Henri|DESMARCHAIS, Guy",,Éditions école active,1964,1964-01-01,1964-12-31,1970-03-01,Nouv.,"24 cm: 477 p., ill. en coul.",,Comprend des index à la fin de l'ouvrage,Français,"Montréal, QC",Intermédiaire,7e année,
00001092,"Mon livre de français : série A, septième année","LEFEBVRE, Gilles-R.|DESMARCHAIS, Guy",,Frères du Sacré-Coeur,1964,1964-01-01,1964-12-31,,Nouv. éd.,"24 cm: 477 p., ill. en coul.",,Comprend un index à la fin de l'ouvrage,Français,"Montréal, QC",Intermédiaire,7e année,
00001093,"Mon livre de français : série A, septième année : guide du maître",,,Frères du Sacré-Coeur,1964,1964-01-01,1964-12-31,,Nouv. éd.,22 cm: 226 p.,,,Français,"Montréal, QC",Intermédiaire,7e année,
00001094,Le Chalet du bonheur : livre de lectures suivies,"BONZON, Paul-Jacques|DUPUY, Daniel",,Delagrave,[1962?],1962-01-01,1962-12-31,,,"22 cm: 255 p., ill. en coul.",,,Français,France,Système français,"Primaire, moyen 1re année [France]",
00001095,"Le Jardin de paradis : lectures suivies, premier livre de lecture courante","BONZON, Paul-Jacques|DUPUY, Daniel",,Delagrave,1967,1967-01-01,1967-12-31,,,"22 cm: 135 p., ill. en coul.",,,Français,France,Système français,Cours préparatoire (France); Primaire (France); 1re année (France),
00001096,"La Maison aux mille bonheurs : livre de lectures suivies, cours primaire","BONZON, Paul-Jacques|DUPUY, Daniel",,Delagrave,[1964?],1964-01-01,1964-12-31,,,"22 cm: 222 p., ill. en coul.",,,Français,France,Système français,Primaire (France),
00001097,"Le Relais des cigales : livre de lecture suivies, cours moyen","BONZON, Paul-Jacques|DUPUY, Daniel",,Delagrave,1967,1967-01-01,1967-12-31,,,"22 cm: 249 p., ill. en coul.",,,Français,France,Système français,Moyen [France],
00001098,"La Roulotte du bonheur : livre de lecture suivies, cours moyen","BONZON, Paul-Jacques|DUPUY, Daniel",,Delagrave,1965,1965-01-01,1965-12-31,,,"22 cm: 252 p., ill. en coul.",,,Français,France,Système français,Cours moyen,
00001099,L'Analyse de texte IV,"DASSONVILLE, Michel",Études françaises dans l'enseignement secondaire,Les Presses de l'Université Laval,1957,1957-01-01,1957-12-31,,,"21 cm: xxviii, 198 p.",,,Français,Québec,Secondaire,Secondaire,
00001100,Départs : livre unique de français,"EYRAUD, J.|GOISARD, L.|COMBELLES, H.",,Hatier,[1965?],1965-01-01,1965-12-31,,,"22 cm: 255 p., ill. en coul.",,Sur la couv. : CE.1,Français,"Paris, FR",Système français,"1ère année, primaire (France)",
00001101,Départs : livre de lecture et de français,"EYRAUD, J.|GOISARD, L.|COMBELLES, H.|HOLLENSTEIN, Françoise",,Hatier,[1965?],1965-01-01,1965-12-31,,,"22 cm: 287 p., ill. en coul.",,Sur la couv. : CE.2,Français,"Paris, FR",Système français,"2e année, primaire (France)",
00001102,Grammaire des ensembles et orthographe de base,"GAITSKELL, C. D.GALICHET, G.|MONDOUAUD, Gaston|GAGNÉ, Lucien|SOULIÈRES, Alain|PRIMEAU, Réal",Des grammaires expliquées Galichet,Hurtubise HMH ltée.,[1970?],1970-01-01,1970-12-31,,,"24 cm: 207 p., ill. en coul.",,,Français,"Montréal, QC",Primaire,6e année,
00001103,Grammaire française expliquée et enseignement méthodique de l'orthographe,"GAITSKELL, C. D.GALICHET, G.|MONDOUAUD, Gaston|JACQUEMENT, G.",Des grammaires expliquées Galichet,Hatier-Lavauzelle,[1977?],1977-01-01,1977-12-31,,,"24 cm: vi, 247 p., ill. en coul.",,"Sur la couv. : par des méthodes actives. -- Sur la p. de t. : cours moyen, 2e année, préparation à l'entrée en 6e, classes de transition. --ISBN 2-218-001176-X",Français,"Paris, FR",Système français,"2e année, cours moyen (France)",
00001104,Grammaire française expliquée : tome 2,"GAITSKELL, C. D.GALICHET, G.|GALICHET, R.|GAUTHIER, Robert|GAUTHIER, Gilles",,Hurtubise HMH ltée.,[1968?],1968-01-01,1968-12-31,,,22 cm: 251 p.,,Comprend un index à la fin de l'ouvrage,Français,"Montréal, QC",,,
00001105,Les Couleurs de la vie : livre de lecture,"GAUTHIER, Gilles|DARDOISE, Marcel|DARDOISE, Jean|GAITSKELL, C. D.GALICHET, G.|FONTAINE, Michel",,H.M.H.,[1968?],1968-01-01,1968-12-31,,,"22 cm: 191 p., ill. en coul.",,,Français,"Montréal, QC",Primaire,3e année,
00001106,Les Couleurs de la vie : livre de lecture,"GAUTHIER, Gilles|DARDOISE, Marcel|DARDOISE, Jean|GAITSKELL, C. D.GALICHET, G.|VIELLARD, Martine|FONTAINE, Michel",,H.M.H.,[1968?],1968-01-01,1968-12-31,,,"22 cm: 191 p., ill. (certaines en coul.)",,,Français,"Montréal, QC",Primaire,4e année,
00001107,Fiches de français 7 : 1re partie,"GIROUX, Émile",Langue française,Éditions FM,[19--?],1899-12-31,1999-12-31,,,25 cm: 91 p.,,,Français,"Laval, QC",Primaire,Primaire,
00001108,Fiches de français 6 : 2e partie,"GIROUX, Émile",Langue française,Éditions FM,[19--?],1899-12-31,1999-12-31,,,25 cm: 96 p.,,,Français,"Laval, QC",Primaire,Primaire,
00001109,Encore de belles histoires : manuel de lecture à l'usage des élèves de 5e année,"GOSSELIN, Maurice",Je me souviens,Centre de psychologie et de pédagogie,[1960?],1960-01-01,1960-12-31,1960-05-18,,"21 cm: 184 p., ill. en coul.",,Comprend un lexique à la fin de l'ouvrage,Français,"Montréal, QC",Primaire,5e année,
00001110,Histoires que j'aime : manuel de lecture à l'usage des élèves de 6e année,"GOSSELIN, Maurice",Je me souviens,Centre de psychologie et de pédagogie,[1960?],1960-01-01,1960-12-31,1960-05-18,,"21 cm: 217 p., ill. en coul.",,Comprend un lexique à la fin de l'ouvrage,Français,"Montréal, QC",Primaire,6e année,
00001111,Mes lectures : manuel de lecture à l'usage des élèves de 7e année,"GOSSELIN, Maurice",Je me souviens,Centre de psychologie et de pédagogie,[1960?],1960-01-01,1960-12-31,1960-05-18,,"21 cm: 216 p., ill. en coul.",,Comprend un lexique à la fin de l'ouvrage,Français,"Montréal, QC",Intermédiaire,7e année,
00001112,Mes plus belles histoires : manuel de lecture à l'usage des élèves de 4e année,"GOSSELIN, Maurice",Je me souviens,Centre de psychologie et de pédagogie,[1960?],1960-01-01,1960-12-31,1960-05-18,,"21 cm: 184 p., ill. en coul.",,Comprend un lexique à la fin de l'ouvrage,Français,"Montréal, QC",Primaire,4e année,
00001113,Heureux Départ : initiation à la lecture,"JUGHON, B.|MILOT, J.-G.|GRÉE, Alain",,Centre éducatif et culturel inc.,[1966?],1966-01-01,1966-12-31,,,"23 cm: 39 p., ill. en coul.",,Éd. adap. de Joyeux départ. -- Sur la couv. : 1er livret,Français,"Montréal, QC",,,
00001114,Heureux Départ : initiation à la lecture,"JUGHON, B.|MILOT, J.-G.|GRÉE, Alain",,Centre éducatif et culturel inc.,[1966?],1966-01-01,1966-12-31,,,"23 cm: 78 p., ill. en coul.",,Éd. adap. de Joyeux départ. -- Sur la couv. : 2e livret,Français,"Montréal, QC",,,
00001115,Exercices pratiques et logiques de français : grammaire - conjugaison - orthographe : livret du maître,"PÉDOJA, M.",,Librairie Delagrave,[1975?],1975-01-01,1975-12-31,,,22 cm: 28 p.,,,Français,France,Système français,"1ère année, cours moyen (France)",
00001116,Exercices pratiques et logiques de langage et d'orthographe : livret du maître,"PÉDOJA, M.",,Librairie Delagrave,[1974?],1974-01-01,1974-12-31,,,22 cm: 15 p.,,,Français,France,Système français,"2e année, primaire (France)",
00001117,J'apprend à lire : guide du maître,"BÉNÉTEAU, Amédée",,W. J. Gage & Co. Ltd.,[19--?],1899-12-31,1999-12-31,,,"19 cm: iii, 155 p.",,,Français,"Toronto, ON",,,
00001118,Langue française : première année du cours moyen : livre de l'élève,Frères des écoles chrétiennes,,Frères des écoles chrétiennes,[1923?],1923-01-01,1923-12-31,1923,,"19 cm: 210 p., ill.",,"Sur la couv. : premier livre. -- Sur la p. de t. : grammaire, présentée par les procédés inductifs, orthographe usuelle, étudiée méthodiquement, étude de textes, récitation, rédaction",Français,"Montréal, QC",Système français,"1ère année, cours moyen",
00001119,Langue française : quatrième livre : code grammatical et préceptes littéraires,Frères des écoles chrétiennes,,Frères des écoles chrétiennes,[1932?],1932-01-01,1932-12-31,1932,,"19 cm: 554 p., ill.",,"Sur la p. de t. : exercices des 6e, 7e et 8e années en rapport avec le troisième livre",Français,"Montréal, QC",Primaire|Intermédiaire,6e à 8e année,
00001120,Leçon de langue française : cour élémentaire : livre de l'élève,Frères des écoles chrétiennes,,Frères des écoles chrétiennes,[1912?],1912-01-01,1912-12-31,1911-05-10,Éd. revue et corrigée,"19 cm: 125 p., ill.",,,Français,"Montréal, QC",Primaire,Primaire,
00001121,Leçons de langue française : cours moyen : partie du maître,Frères des écoles chrétiennes,,Frères des écoles chrétiennes,[1912?],1912-01-01,1912-12-31,,2e éd.,"19 cm: xiv, 589 p., ill.",,,Français,"Montréal, QC",Système français,Cours moyen,
00001122,Langue française : 4e - 5e années : Pied nus dans l'aube,"LECLERC, Félix|GAGNIER, Jacques",,Éditions des Frères maristes,1956,1956-01-01,1956-12-31,1955-05-11,,"22 cm: 314 p., ill. en coul.",,,Français,"Saint-Vincent-de-Paul, QC",Primaire,4e et 5e année,
00001123,"Le Français à l'école active : cours élémentaire, quatrième année","LONGPRÉ, Henri|DESMARCHAIS, Guy|LEFEBVRE, Gilles-R.",,Frères du Sacré-Coeur,1965,1965-01-01,1965-12-31,1966-04-27,,"27 cm: 16, 239 p., ill. en coul.",,Sur la couv. : guide de l'élève. -- Comprend un vocabulaire : p. 15-16,Français,"Montréal, QC",Primaire,4e année,
00001124,"Le Français à l'école active : cours élémentaire, cinquième année","LONGPRÉ, Henri|CARRIÈRE, Jean|DESMARCHAIS, Guy|LEFEBVRE, Gilles-R.",,Frères du Sacré-Coeur,1966,1966-01-01,1966-12-31,1966-04-27,1re éd.,"27 cm: 64 p., ill. en coul.",,"Sur la couv. : guide de l'élève. -- Sur la p. de t. : 1re brochure, septembre-octobre",Français,"Montréal, QC",Primaire,5e année,
00001125,"Le Français à l'école active : cours élémentaire, cinquième année","LONGPRÉ, Henri|CARRIÈRE, Jean|DESMARCHAIS, Guy|LEFEBVRE, Gilles-R.",,Frères du Sacré-Coeur,1966,1966-01-01,1966-12-31,1966-04-27,1re éd.,"27 cm: 64 p., ill. en coul.",,"Sur la couv. : guide de l'élève. -- Sur la p. de t. : 2e brochure, novembre-décembre",Français,"Montréal, QC",Primaire,5e année,
00001126,"Le Français à l'école active : cours élémentaire, cinquième année","LONGPRÉ, Henri|CARRIÈRE, Jean|DESMARCHAIS, Guy|LEFEBVRE, Gilles-R.",,Frères du Sacré-Coeur,1966,1966-01-01,1966-12-31,1966-04-27,1re éd.,"27 cm: 64 p., ill. en coul.",,"Sur la couv. : guide de l'élève. -- Sur la p. de t. : 3e brochure, janvier-février",Français,"Montréal, QC",Primaire,5e année,
00001127,"Le Français à l'école active : cours élémentaire, cinquième année","LONGPRÉ, Henri|CARRIÈRE, Jean|DESMARCHAIS, Guy|LEFEBVRE, Gilles-R.",,Frères du Sacré-Coeur,1966,1966-01-01,1966-12-31,1966-04-27,1re éd.,"27 cm: 64 p., ill. en coul.",,"Sur la couv. : guide de l'élève. -- Sur la p. de t. : 4e brochure, mars-avril",Français,"Montréal, QC",Primaire,5e année,
00001128,"Le Français à l'école active : cours élémentaire, cinquième année","LONGPRÉ, Henri|CARRIÈRE, Jean|DESMARCHAIS, Guy|LEFEBVRE, Gilles-R.",,Frères du Sacré-Coeur,1966,1966-01-01,1966-12-31,1966-04-27,1re éd.,"27 cm: 64 p., ill. en coul.",,"Sur la couv. : guide de l'élève. -- Sur la p. de t. : 5e brochure, mai-juin",Français,"Montréal, QC",Primaire,5e année,
00001129,Heureux Départ : initiation à l'écriture : 1er cahier d'écriture-lecture,"JUGHON, B.|MILOT, J.-G.",,Centre éducatif et culturel inc.,[19--?],1899-12-31,1999-12-31,,,"24 cm: 20 p., ill.",,Sur la couv. : complément du 1er livret de la méthode de lecture,Français,"Montréal, QC",,,
00001130,Apprenons à lire : initiation à la lecture : 1er livret,"PICARD, M.|FAUCHER, H.|ROUSSEL, Alain",,Centre éducatif et culturel inc.,[1966?],1966-01-01,1966-12-31,,,"23 cm: 48 p., ill. en coul.",,,Français,"Montréal, QC",,,
00001131,Apprenons à lire : initiation à la lecture : 2e livret,"PICARD, M.|FAUCHER, H.|ROUSSEL, Alain",,Centre éducatif et culturel inc.,[1967?],1967-01-01,1967-12-31,,,"23 cm: P. 50-96, ill. en coul.",,,Français,"Montréal, QC",,,
00001132,Vacances au moulin-bleu,"PICARD, M.|JUGHON, B.|MILOT, J.-G.|ROUSSEL, Alain",,Centre éducatif et culturel inc.,1968,1968-01-01,1968-12-31,,,"23 cm: 64 p., ill. en coul.",,Sur la couv. : livre de lecture courante pour les débutants,Français,"Montréal, QC",,,
00001133,Sur les sentiers de l'école active [publication en série],"CARRIÈRE, Jean",,Éditions école active,[1969?],1969-01-01,1969-12-31,,,"28 cm: 26 p., ill. en coul.",,"Description d'après : vol. 2, no 3 (janv./fevr. 1971)",Français,"Montréal, QC",,,
00001134,Sur les sentiers de l'école active,"CARRIÈRE, Jean",,Éditions école active,[1969?],1969-01-01,1969-12-31,,,"28 cm: 22 p., ill. en coul.",,"Description d'après : vol. 3, no 2 (nov./déc. 1971)",Français,"Montréal, QC",,,
00001135,Des idées et des mots : élocution - vocabulaire - expression écrite - orthographe,"VILLARS, G.|MARCHAND, J.|VIONNET, G.|BOUYER, M. A.",,A. Hatier,[1959?],1959-01-01,1959-12-31,,,"23 cm: 143 p., ill. en coul.",,Sur la couv. : l'expression écrite et orale au cours élémentaire. -- Comprend un dictionnaire à la fin de l'ouvrage,Français,"Paris, FR",Primaire,Primaire,
00001136,Langue française 6e : enseignement élémentaire,"GIROUX, Émile",,Éditions des Frères maristes,1966,1966-01-01,1966-12-31,1966-04-30,,"24 cm: 320 p., ill. en coul.",,Sur la p. de t. : collection des éditions FM. -- Comprend un index à la fin de l'ouvrage,Français,"Laval, QC",Primaire,Primaire,
00001137,Langue française 6e - 7e années : petits bout de vie,"LAURENCE-BÉRARD, Louise|GAGNIER, Jacques",,Éditions des Frères maristes,1958,1958-01-01,1958-12-31,1958-05-07,,"22 cm: 510 p., ill. en coul.",,Comprend un index à la fin de l'ouvrage,Français,"Laval, QC",Primaire|Intermédiaire,6e et 7e année,
00001138,Langue française 7e année : petits bout de vie,"LAURENCE-BÉRARD, Louise|GAGNIER, Jacques",,Éditions des Frères maristes,1958,1958-01-01,1958-12-31,1958-05-07,,"22 cm: 510 p., ill. en coul.",,Sur la p. de t. : ancienne édition 6e et 7e. -- Comprend un index à la fin de l'ouvrage,Français,"Laval, QC",Intermédiaire,7e année,
00001139,On s'amuse,Religieuse de la Congrégation de Notre-Dame de Montréal,Cathédrale,W. J. Gage & Co. Ltd.,[19--?],1899-12-31,1999-12-31,,,"20 cm: 160 p., ill. en coul.",,Sur la p. de t. : manuel de lecture globale. -- Comprend un vocabulaire à la fin de l'ouvrage,Français,"Montréal, QC",Primaire,1ère année,
00001140,On s'amuse,,Cathédrale,W. J. Gage & Co. Ltd.,[19--?],1899-12-31,1999-12-31,,,"20 cm: 160 p., ill. en coul.",,Adap. de : Fun with Dick and Jane. -- Sur la p. de t. : manuel de lecture globale. -- Comprend un vocabulaire à la fin de l'ouvrage,Français,"Montréal, QC",Primaire,1ère année,
00001142,"Bébé, Marie et Jean","POIRIER, J.-E.|SHELLEY WEES, Frances|HYRCHENUK, Mary|STARK, W. R.",J'apprend à lire ; 1,W. J. Gage & Co. Ltd.,[19--?],1899-12-31,1999-12-31,,,"19 cm: 48 p., ill. en coul.",,Comprend un vocabulaire à la fin de l'ouvrage,Français,"Toronto, ON",,,
00001143,"Bébé, Marie et Jean","POIRIER, J.-E.|SHELLEY WEES, Frances|HYRCHENUK, Mary|STARK, W. R.",J'apprend à lire ; 1,W. J. Gage & Co. Ltd.,[19--?],1899-12-31,1999-12-31,,Éd. révisée,"20 cm: 80 p., ill. en coul.",,Comprend un vocabulaire à la fin de l'ouvrage,Français,"Toronto, ON",,,
00001144,Histoires et contes amusants,"POIRIER, J.-E.|ELSON, William H.|GRAY, William S.|HUTCHINGS, Priscilla",J'apprend à lire ; 2,W. J. Gage & Co. Ltd.,[19--?],1899-12-31,1999-12-31,,,"19 cm: 240 p., ill. en coul.",,"Trad., adap. et une révision du 2e livre de lecture de la série Elson Basic Readers. -- Comprend un vocabulaire à la fin de l'ouvrage",Français,"Toronto, ON",,,
00001145,La porte est ouverte,"POIRIER, J.-E.|SHELLEY WEES, Frances|HUTCHINGS, Priscilla",J'apprend à lire ; 1,W. J. Gage & Co. Ltd.,[19--?],1899-12-31,1999-12-31,,,"19 cm: 176 p., ill. en coul.",,Comprend un vocabulaire à la fin de l'ouvrage,Français,"Toronto, ON",,,
00001146,La porte est ouverte,"POIRIER, J.-E.|SHELLEY WEES, Frances|HUTCHINGS, Priscilla|RICHARDSON, Aileen|COMEAU, Rose-Marie",J'apprend à lire ; 1,W. J. Gage & Co. Ltd.,[1966?],1966-01-01,1966-12-31,,Éd. révisée,"20 cm: 288 p., ill. en coul.",,Comprend un vocabulaire à la fin de l'ouvrage,Français,"Toronto, ON",,,
00001147,Qu'il fait bon chez nous,"POIRIER, J.-E.|SHELLEY WEES, Frances|HUTCHINGS, Priscilla",J'apprend à lire ; 2,W. J. Gage & Co. Ltd.,[19--?],1899-12-31,1999-12-31,,Éd. révisée,"19 cm: 128 p., ill. en coul.",,Comprend un vocabulaire à la fin de l'ouvrage,Français,"Toronto, ON",,,
00001148,L'Automobile,"BEAUREGARD, Jacques|TRUCOTTE, Léandre|DUPÉRÉ, René|ALLAIN, Louise|GAUDREAULT, André|DUMONT, André",Balises,Beauchemin,1971,1971-01-01,1971-12-31,,,"28 cm + 1 disque son. (13 min : 33 1/3 r/min, mono ; 17 cm): env. 32 p., ill. (certaines en coul.)",,"Sur la p. de t. : documents pour l'enseignement du français au secondaire, premier cycle",Français,"Montréal, QC",Secondaire,"Secondaire, 1er cycle",
00001149,L'Avion,"BEAUREGARD, Jacques|TRUCOTTE, Léandre",Balises,Beauchemin,1972,1972-01-01,1972-12-31,,,"28 cm: env. 48 p., ill. (certaines en coul.)",,"Sur la p. de t. : documents pour l'enseignement du français au secondaire, premier cycle, deuxième niveau. -- ISBN 0-7750-017-5",Français,"Montréal, QC",Secondaire,"Secondaire, 1er cycle, 2e niveau",
00001150,La Bicyclette,"BEAUREGARD, Jacques|TRUCOTTE, Léandre",Balises,Beauchemin,1972,1972-01-01,1972-12-31,,,"28 cm: env. 40 p., ill. (certaines en coul.)",,"Sur la p. de t. : documents pour l'enseignement du français au secondaire, premier cycle, deuxième niveau. -- ISBN 0-7750-0010-8",Français,"Montréal, QC",Secondaire,"Secondaire, 1er cycle, 2e niveau",
00001151,Le Carnaval,"BEAUREGARD, Jacques|TRUCOTTE, Léandre|DUPÉRÉ, René|ALLAIN, Louise|GAUDREAULT, André|DUMONT, André",Balises,Beauchemin,1971,1971-01-01,1971-12-31,,,"28 cm + 1 disque son. (13 min : 33 1/3 r/min, mono ; 17 cm): env. 32 p., ill. (certaines en coul.)",,"Sur la p. de t. : documents pour l'enseignement du français au secondaire, premier cycle",Français,"Montréal, QC",Secondaire,"Secondaire, 1er cycle",
00001152,La Chasse,"BEAUREGARD, Jacques|TRUCOTTE, Léandre|DUPÉRÉ, René|ALLAIN, Louise|GAUDREAULT, André|DUMONT, André",Balises,Beauchemin,1971,1971-01-01,1971-12-31,,,"28 cm + 1 disque son. (13 min : 33 1/3 r/min, mono ; 17 cm): env. 40 p., ill. (certaines en coul.)",,"Sur la p. de t. : documents pour l'enseignement du français au secondaire, premier cycle",Français,"Montréal, QC",Secondaire,"Secondaire, 1er cycle",
00001153,Les Copains,"BEAUREGARD, Jacques|TRUCOTTE, Léandre|DUPÉRÉ, René|ALLAIN, Louise|GAUDREAULT, André|DUMONT, André",Balises,Beauchemin,1971,1971-01-01,1971-12-31,,,"28 cm + 1 disque son. (13 min : 33 1/3 r/min, mono ; 17 cm): env. 48 p., ill. (certaines en coul.)",,"Sur la p. de t. : documents pour l'enseignement du français au secondaire, premier cycle",Français,"Montréal, QC",Secondaire,"Secondaire, 1er cycle",
00001154,Guide méthodologique pour l'enseignement du français au secondaire : premier cycle,"BEAUREGARD, Jacques|TRUCOTTE, Léandre",Balises,Beauchemin,1971,1971-01-01,1971-12-31,,,"28 cm: 15 p., tableau",,,Français,"Montréal, QC",Secondaire,"Secondaire, 1er cycle",
00001155,L'Hiver,"BEAUREGARD, Jacques|TRUCOTTE, Léandre|DUPÉRÉ, René|ALLAIN, Louise|GAUDREAULT, André|DUMONT, André",Balises,Beauchemin,1971,1971-01-01,1971-12-31,,,"28 cm + 1 disque son. (13 min : 33 1/3 r/min, mono ; 17 cm): env. 32 p., ill. (certaines en coul.)",,"Sur la p. de t. : document pour l'enseignement du français au secondaire, premier cycle",Français,"Montréal, QC",Secondaire,"Secondaire, 1er cycle",
00001156,Noël,"BEAUREGARD, Jacques|TRUCOTTE, Léandre|DUPÉRÉ, René|ALLAIN, Louise|GAUDREAULT, André|DUMONT, André",Balises,Beauchemin,1971,1971-01-01,1971-12-31,,,"28 cm + 1 disque son. (13 min : 33 1/3 r/min, mono ; 17 cm): env. 40 p., ill. (certaines en coul.)",,"Sur la p. de t. : document pour l'enseignement du français au secondaire, premier cycle",Français,"Montréal, QC",Secondaire,"Secondaire, 1er cycle",
00001157,Les Petits Animaux,"BEAUREGARD, Jacques|TRUCOTTE, Léandre|DUPÉRÉ, René|ALLAIN, Louise|GAUDREAULT, André|DUMONT, André",Balises,Beauchemin,1971,1971-01-01,1971-12-31,,,"28 cm + 1 disque son. (13 min : 33 1/3 r/min, mono ; 17 cm): env. 48 p., ill. (certaines en coul.)",,"Sur la p. de t. : document pour l'enseignement du français au secondaire, premier cycle",Français,"Montréal, QC",Secondaire,"Secondaire, 1er cycle",
00001158,Le Printemps,"BEAUREGARD, Jacques|TRUCOTTE, Léandre|DUPÉRÉ, René|ALLAIN, Louise|GAUDREAULT, André|DUMONT, André",Balises,Beauchemin,1971,1971-01-01,1971-12-31,,,"28 cm + 1 disque son. (13 min : 33 1/3 r/min, mono ; 17 cm): env. 32 p., ill. (certaines en coul.)",,"Sur la p. de t. : document pour l'enseignement du français au secondaire, premier cycle",Français,"Montréal, QC",Secondaire,"Secondaire, 1er cycle",
00001159,Les Repas,"BEAUREGARD, Jacques|TRUCOTTE, Léandre|DUPÉRÉ, René|ALLAIN, Louise|GAUDREAULT, André|DUMONT, André",Balises,Beauchemin,1971,1971-01-01,1971-12-31,,,"28 cm + 1 disque son. (13 min : 33 1/3 r/min, mono ; 17 cm): env. 24 p., ill.",,"Sur la p. de t. : document pour l'enseignement du français au secondaire, premier cycle",Français,"Montréal, QC",Secondaire,"Secondaire, 1er cycle",
00001160,Les Vacances,"BEAUREGARD, Jacques|TRUCOTTE, Léandre|DUPÉRÉ, René|ALLAIN, Louise|GAUDREAULT, André|DUMONT, André",Balises,Beauchemin,1971,1971-01-01,1971-12-31,,,"28 cm + 1 disque son. (13 min : 33 1/3 r/min, mono ; 17 cm): env. 32 p., ill. (certaines en coul.)",,"Sur la p. de t. : document pour l'enseignement du français au secondaire, premier cycle",Français,"Montréal, QC",Secondaire,"Secondaire, 1er cycle",
00001161,Les Vacances,"BEAUREGARD, Jacques|TRUCOTTE, Léandre",Balises,Beauchemin,1971,1971-01-01,1971-12-31,,,"28 cm: env. 32 p., ill. (certaines en coul.)",,"Sur la p. de t. : document pour l'enseignement du français au secondaire, premier cycle",Français,"Montréal, QC",Secondaire,"Secondaire, 1er cycle",
00001162,Bientôt je lirai : exercices sensoriels préparatoires à la lecture,Une religieuse de la Congrégation de Notre-Dame de Montréal,Cathédrale,W. J. Gage & Co. Ltd.,[1953?],1953-01-01,1953-12-31,1953-02-11,,"23 x 30 cm: 60 p., ill. (certaines en coul.)",,,Français,"Toronto, ON",Primaire,Primaire,
00001163,Le Français à l'école active 4e : guide du maître et brochures des comités,"LONGPRÉ, Henri",,Frères du Sacré-Coeur,1965,1965-01-01,1965-12-31,,,22 cm: env. 192 p.,,,Français,"Montréal, QC",Primaire,4e année,
00001164,Le Français à l'école active 6e : guide du maître et brochures des comités,"LONGPRÉ, Henri",,Frères du Sacré-Coeur,1968,1968-01-01,1968-12-31,,,22 cm: env. 192 p.,,,Français,"Montréal, QC",Primaire,6e année,
00001165,Méthode de lecture globale : première année : guide du maître,,Cathédrale,W. J. Gage & Co. Ltd.,[19--?],1899-12-31,1999-12-31,,,"20 cm: iii,124 p.",,,Français,"Toronto, ON",Primaire,1ère année,
00001166,Le Trésor des jeunes conteurs,"POIRIER, J.-E.|ELSON, William H.|GRAY, William S.|HUTCHINGS, Priscilla",J'apprends à lire ; 3,W. J. Gage & Co. Ltd.,[19--?],1899-12-31,1999-12-31,,,19 cm: 317 p.,,"Trad., adap. et une revision du 3e livre de lecture de la série Elson Basic Readers. -- Comprend un dictionnaire et un vocabulaire à la fin de l'ouvrage",Français,"Toronto, ON",,,
00001167,Au pays des contes : cahier d'exercices en rapport avec Le Trésor des jeunes conteurs de la série J'apprends à lire,Soeurs de l'Assomption de la Sainte-Vierge de Nicolet,J'apprends à lire,W. J. Gage & Co. Ltd.,[19--?],1899-12-31,1999-12-31,,,"29 cm: 80 p., ill.",,,Français,"Toronto, ON",Primaire,4e année,
00001168,Viens te promener,,Cathédrale ; 3,W. J. Gage & Co. Ltd.,[19--?],1899-12-31,1999-12-31,,,"20 cm: 72 p., ill. en coul.",,Sur la p. de t. : manuel de lecture globale. -- Comprend un vocabulaire à la fin de l'ouvrage,Français,"Toronto, ON",Primaire,Pré-primaire,
00001169,Viens travailler viens jouer,,Cathédrale ; 2,W. J. Gage & Co. Ltd.,[19--?],1899-12-31,1999-12-31,,,"20 cm: 64 p., ill. en coul.",,Sur la p. de t. : manuel de lecture globale. -- Comprend un vocabulaire à la fin de l'ouvrage,Français,"Toronto, ON",Primaire,Pré-primaire,
00001170,Viens voir,,Cathédrale ; 1,W. J. Gage & Co. Ltd.,[19--?],1899-12-31,1999-12-31,,,"20 cm: 48 p., ill. en coul.",,,Français,"Toronto, ON",Primaire,Pré-primaire,
00001171,Apprendre à s'exprimer : exercices oraux,,Najac,O.C.D.L.,[1974?],1974-01-01,1974-12-31,,,22 cm: 101 p.,,Sur la couv. : C.E. 1 er 2. -- ISBN 2-7043-33181-2,Français,"Paris, FR",Primaire,Primaire,
00001172,Chaque mot à sa place : cahier pour s'exercer,"AUER, Jean",,Fernand Nathan,[1964?],1964-01-01,1964-12-31,,,"23 cm: 48 p., ill.",,,Français,"Paris, FR",Primaire,Primaire,
00001173,Chaque mot à sa place : cahier pour s'exercer,"AUER, Jean",,Fernand Nathan,[1961?],1961-01-01,1961-12-31,,,"23 cm: 47 p., ill.",,,Français,"Paris, FR",Système français,"1ère année, primaire, cours préparatoire",
00001174,Aucassin et Nicolette,"BEAUME, E.|FRÉGIER, L.",Najac,O.C.D.L.,[1973?],1973-01-01,1973-12-31,,,"20 cm: 62 p., ill. en coul.",,,Français,"Paris, FR",Primaire,Primaire,
00001175,Les Aventures de Goupil,"BEAUME, E.|FRÉGIER, L.",Najac,O.C.D.L.,[1973?],1973-01-01,1973-12-31,,,"20 cm: 32 p., ill. en coul.",,,Français,"Paris, FR",Primaire,Primaire,
00001176,De belles histoires : manuel de lecture à l'usage des élèves de 2e année,"CARRIÈRE, Laurier|GILL, Nancy|DICKINSON, Marjorie",Feuille d'érable,Éd. Nelson Canada,1961,1961-01-01,1961-12-31,,,"20 cm: 256 p., ill. (certaines en coul.)",,Comprend une bibliogr. et un index à la fin de l'ouvrage,Français,"Toronto, ON",Primaire,2e année,
00001177,Les Bons Enfants,"CARRIÈRE, Laurier|MERLE SMITH, John",Feuille d'érable,Éd. Nelson Canada,1956,1956-01-01,1956-12-31,,,"20 cm: 64 p., ill. en coul.",,,Français,"Toronto, ON",Primaire,Primaire,
00001178,Contes et Poèmes : manuel de lecture à l'usage des élèves de 3e année,"CARRIÈRE, Laurier|GILL, Nancy|BAGSHAW, Ruth",Feuille d'érable,Éd. Nelson Canada,[1963?],1963-01-01,1963-12-31,,,"20 cm: 368 p., ill. en coul.",,Comprend un index et une bibliogr. à la fin de l'ouvrage,Français,"Don Mills, ON",Primaire,3e année,
00001179,Les Enfants heureux : deuxième syllabaire,"CARRIÈRE, Laurier|MERLE SMITH, John",Feuille d'érable,Thomas Nelson & Sons Canada Ltd.,1959,1959-01-01,1959-12-31,,,"20 cm: 128 p., ill. en coul.",,,Français,"Toronto, ON",,,
00001180,Nouvelles Aventures,"CARRIÈRE, Laurier|PROULX, Ovide",Feuille d'érable,Éd. Nelson Canada,[1965?],1965-01-01,1965-12-31,,,"23 cm: viii, 287 p., ill. (certaines en coul.)",,Comprend un index à la fin de l'ouvrage,Français,"Toronto, ON",,,
00001181,Rémi et Aline : 1ère partie,"CARRIÈRE, Laurier|BANITZ, Kalman",Feuille d'érable,Éd. Nelson Canada,[1967?],1967-01-01,1967-12-31,,,"22 cm: 96 p., ill. en coul.",,Comprend un vocabulaire à la fin de l'ouvrage. -- ISBN 0-17-631864-X,Français,Ontario,,,
00001182,"Comment fonctionne le français : C.E. 1 et 2. grammaire nouvelle, exercices écrits",,Najac,O.C.D.L.,[1973?],1973-01-01,1973-12-31,,,"23 cm: env. 72 p., quelques ill.",,Comprend un index à la fin de l'ouvrage,Français,"Paris, FR",Système français,"C.E. 1, primaire (France); C.E. 2, primaire (France)",
00001183,"A la découverte du français : CM 1. grammaire nouvelle, exercices écrits",,Najac,O.C.D.L.,[1974?],1974-01-01,1974-12-31,,,23 cm: env. 57 p.,ISBN 2-7043-3316-5-2,,Français,"Paris, FR",Primaire,Primaire,
00001184,De belles histoires : exercices,"DUBÉ, G.-A.",Feuille d'érable,Éd. Nelson Canada,1966,1966-01-01,1966-12-31,,,"28 cm: 96 p., ill.",,"8 pages, séparées de la pagination, dans le milieu du livre",Français,"Toronto, ON",Primaire,2e année,
00001185,Contes et Poèmes : exercices,"DUBÉ, G.-A.",Feuille d'érable,Thomas Nelson & Sons Canada Ltd.,[1965?],1965-01-01,1965-12-31,,,"28 cm: 104 p., ill. (certaines en coul.)",,,Français,"Toronto, ON",Primaire,3e année,
00001186,Vers l'avenir,"GASCON, Adélard|CARRIÈRE, Laurier",Feuille d'érable,Éd. Nelson Canada,1956,1956-01-01,1956-12-31,,,"20 cm: 400 p., ill. (certaines en coul.)",,,Français,"Toronto, ON",,,
00001187,La Vie canadienne,"GASCON, Adélard|CARRIÈRE, Laurier",Feuille d'érable,Thomas Nelson & Sons Canada Ltd.,1954,1954-01-01,1954-12-31,,,"20 cm: 384 p., ill. (certaines en coul.)",,,Français,"Toronto, ON|Montréal, QC",,,
00001188,Aux quatre vents,"SAINT-JEAN, Albert",Feuille d'érable,Thomas Nelson & Sons Canada Ltd.,1955,1955-01-01,1955-12-31,,,"20 cm: 383 p., ill. (certaines en coul.)",,Comprend un dictionnaire à la fin de l'ouvrage,Français,"Toronto, ON",,,
00001189,Le Bon Temps,"SAINT-JEAN, Albert",Feuille d'érable,Thomas Nelson & Sons Canada Ltd.,1954,1954-01-01,1954-12-31,,,"20 cm: 352 p., ill. (certaines en coul.)",,Comprend un dictionnaire et un index à la fin de l'ouvrage. -- ISBN 0-176-31883-6,Français,"Toronto, ON",,,
00001190,Le Bon Temps,"SAINT-JEAN, Albert",Feuille d'érable,Thomas Nelson & Sons Canada Ltd.,1954,1954-01-01,1954-12-31,,,"20 cm: 352 p., ill. (certaines en coul.)",,Comprend un dictionnaire et un index à la fin de l'ouvrage,Français,"Toronto, ON",,,
00001191,Près de la fontaine,"SAINT-JEAN, Albert",Feuille d'érable,Thomas Nelson & Sons Canada Ltd.,1958,1958-01-01,1958-12-31,,,"20 cm: 384 p., ill. (certaines en coul.)",,Comprend un dictionnaire à la fin de l'ouvrage,Français,"Toronto, ON",,,
00001192,Aladin ou la lampe merveilleuse : texte condensé,"ROS, Al",Le Sablier ; 22,Le Sablier inc.,1970,1970-01-01,1970-12-31,,,"20 cm: 31 p., ill.",,,Français,"Boucherville, QC",,,
00001193,La Case de l'oncle Tom : texte condensé,"BEECHER-STOWE, Harriet|ROS, Al",Le Sablier ; 31,Le Sablier inc.,1971,1971-01-01,1971-12-31,,,"20 cm: 32 p., ill.",,,Français,"Boucherville, QC",,,
00001194,Une semaine avec les grands conteurs français et étrangers d'hier et aujourd'hui,"BERRY, Marcel",,Classiques Hachette,[1965?],1965-01-01,1965-12-31,,,"21 cm: 313 p., ill. en coul.",,"Sur la couv. : CE. -- Sur la p. de t. : cours élémentaire, textes choisis en vue de la lecture et de la récitation",Français,"Paris, FR",Système français,Primaire (France),
00001195,Je veux lire : cahier d'organisation linéaire : cours préparatoire,"COQUILLE, R.",,Classiques Hachette,[1967?],1967-01-01,1967-12-31,,,22 cm + 1 carton: 23 p.,,,Français,"Paris, FR",Système français,Cours préparatoire,
00001196,Je veux lire : cahier d'organisation linéaire : écoles maternelles 1,"COQUILLE, R.",,Classiques Hachette,[1967?],1967-01-01,1967-12-31,,,22 cm + 1 carton: 23 p.,,,Français,"Paris, FR",Primaire,Maternelle,
00001197,Je veux lire : cahier d'organisation linéaire : écoles maternelles 2,"COQUILLE, R.",,Classiques Hachette,[1967?],1967-01-01,1967-12-31,,,22 cm + 1 carton: 23 p.,,,Français,"Paris, FR",Primaire,Maternelle,
00001198,Je veux lire : éducation de la perception : cours préparatoire,"COQUILLE, R.",,Classiques Hachette,1968,1968-01-01,1968-12-31,,,22 cm: 31 p.,,,Français,"Paris, FR",Système français,Cours préparatoire,
00001199,Je veux lire : éducation de la perception : écoles maternelles I,"COQUILLE, R.",,Classiques Hachette,1968,1968-01-01,1968-12-31,,,22 cm: 31 p.,,,Français,"Paris, FR",Primaire,Maternelle,
00001200,Je veux lire : éducation de la perception : écoles maternelles II,"COQUILLE, R.",,Classiques Hachette,1968,1968-01-01,1968-12-31,,,22 cm: 31 p.,,,Français,"Paris, FR",Primaire,Maternelle,
00001201,Le Cid : texte condensé,"CORNEILLE, Pierre|ROS, Al",Le Sablier ; 34,Le Sablier inc.,1971,1971-01-01,1971-12-31,,,"20 cm: 32 p., ill.",,,Français,"Boucherville, QC",,,
00001202,Cours de français : cinquième année - série A,"VINCENT-FUMET, Odette",,Frères de l'instruction chrétienne,1953,1953-01-01,1953-12-31,1953-05-07,,"22 cm: 60 p., ill. en coul.",,,Français,"La Prairie, QC",Primaire,5e année,
00001203,Rémi et Aline : 1ère partie,"DUBÉ, André|DUBÉ, G.-A.",,Thomas Nelson & Sons Canada Ltd.,[1969?],1969-01-01,1969-12-31,,,"28 cm: 96 p., ill.",,Sur la p. de t. : lecture active. -- ISBN 0-17-631873-9,Français,"Toronto, ON|Montréal, QC",Système français,Préparatoire,
00001204,Rémi et Aline : deuxième partie,"DUBÉ, André|DUBÉ, G.-A.|BANITZ, Kalman",Feuille d'érable,Thomas Nelson & Sons Canada Ltd.,[1968?],1968-01-01,1968-12-31,,,"22 cm: 111 p., ill. en coul.",,Comprend un vocabulaire à la fin de l'ouvrage. -- ISBN 0-17-631865-8,Français,Ontario,Système français,Préparatoire,
00001205,Guide du maître pour accompagner Rémi et Aline : première et deuxième parties,"DUBÉ, G.-A.|JOUBARNE, Annette|DESCHAMPS, Lucienne",Feuille d'érable,Thomas Nelson & Sons Canada Ltd.,[1969?],1969-01-01,1969-12-31,,,"22 cm: 88, 74 p., ill. en coul.",,,Français,"Toronto, ON|Montréal, QC",Primaire,6 ans,
00001206,Départs : livre unique de français : cours élémentaire 1re année : guide du maître,"EYRAUD, J.|GOISARD, L.|COMBELLES, H.",,Hatier,[1965?],1965-01-01,1965-12-31,,,21 cm: 63 p.,,,Français,"Paris, FR",Système français,"1ère année, primaire (France)",
00001207,Départs : livre unique de français : cours élémentaire 2e année : guide du maître,"EYRAUD, J.|GOISARD, L.|COMBELLES, H.",,Hatier,[1966?],1966-01-01,1966-12-31,,,21 cm: 93 p.,,,Français,"Paris, FR",Système français,"2e année, primaire (France)",
00001208,Cours de lecture : premier livre,Frères des écoles chrétiennes,,Frères des écoles chrétiennes,1941,1941-01-01,1941-12-31,1940-05-08,,"21 cm: 120 p., ill. en coul.",,,Français,"Montréal, QC",Primaire,1ère année,
00001209,J'apprend à lire en français : livre de l'élève,"GRANGE, Pierre|CHEREL, Pierre|NEVEU, Pierre",,Librairie Marcel Didier,[1976?],1976-01-01,1976-12-31,,,"22 cm: 76 p., ill. en coul.",,"Sur la p. de t. : crédif, Centre de recherche et d'étude pour la diffusion du français",Français,"Paris, FR",,,
00001210,J'apprend à lire en français : livre du maître,"GRANGE, Pierre|CHEREL, Pierre|NEVEU, Pierre",,Librairie Marcel Didier,[1976?],1976-01-01,1976-12-31,,,22 cm: 26 p.,,"Sur la p. de t. : crédif, Centre de recherche et d'étude pour la diffusion du français. -- ISBN 2-208-03049-4",Français,"Paris, FR",,,
00001211,Les Misérables : texte condensé,"HUGO, Victor|ROS, Al",Le Sablier ; 23,Le Sablier inc.,1970,1970-01-01,1970-12-31,,,"20 cm: 32 p., ill.",,,Français,"Boucherville, QC",,,
00001212,"La Clé des mots : méthode de lecture et d'orthographe, rééducation et rattrapage : 2e livret","JEANNOT, Josiane|FARENG, R.",,Fernand Nathan,[1968?],1968-01-01,1968-12-31,,,"23 cm + 1 livret (24 p. : ill. ; 19 cm): P. 51-96, ill. en coul.",,,Français,"Paris, FR",Primaire,6 ans,
00001213,Heureux Départ : initiation à l'écriture : 1er cahier d'écriture-lecture,"JUGHON, B.|MILOT, J.-G.",,Centre éducatif et culturel inc.,[19--?],1899-12-31,1999-12-31,,,"23 cm: 20 p., ill.",,Sur la couv. : complément du 1er livret de la méthode de lecture,Français,"Montréal, QC",,,
00001214,Heureux Départ : initiation à l'écriture : 2e cahier d'écriture-lecture,"JUGHON, B.|MILOT, J.-G.",,Centre éducatif et culturel inc.,[19--?],1899-12-31,1999-12-31,,,"23 cm: 20 p., ill.",,Sur la couv. : complément du 2e livret de la méthode de lecture,Français,"Montréal, QC",,,
00001215,Charles de Foucauld : texte condensé,"LANDRY, Louis|ROS, Al",Le Sablier ; 33,Le Sablier inc.,1971,1971-01-01,1971-12-31,,,"20 cm: 32 p., ill.",,,Français,"Boucherville, QC",,,
00001216,Pierre-Lemoyne d'Iberville : texte condensé,"LANDRY, Louis|ROS, Al",Le Sablier ; 35,Le Sablier inc.,1971,1971-01-01,1971-12-31,,,"20 cm: 32 p., ill.",,,Français,"Boucherville, QC",,,
00001217,Le Chant d'Hiawatha : texte condensé,"WADSWORTH LONGFELLOW, Henry|ROS, Al",Le Sablier ; 32,Le Sablier inc.,1971,1971-01-01,1971-12-31,,,"20 cm: 32 p., ill.",,,Français,"Boucherville, QC",,,
00001218,Évangéline : texte condensé,"WADSWORTH LONGFELLOW, Henry|ROS, Al",Le Sablier ; 26,Le Sablier inc.,1970,1970-01-01,1970-12-31,,,"20 cm: 32 p., ill.",,,Français,"Boucherville, QC",,,
00001219,Ludwig Van Beethoven : texte condensé,"ROS, Al",Le Sablier ; 25,Le Sablier inc.,1970,1970-01-01,1970-12-31,,,"20 cm: 32 p., ill.",,,Français,"Boucherville, QC",,,
00001220,Raymond le chat,"MAROZI, C.",,Éd. R.E.M.I.,1973,1973-01-01,1973-12-31,,,23 cm: 95 p.,ISBN 2-85134-076-X,,Français,"Paris, FR",,,
00001221,Les Jeux de Raymond le chat,"MAROZI, C.",,Éd. R.E.M.I.,1973,1973-01-01,1973-12-31,,,"27 cm: 45 p., ill.",ISBN 2-85134-081-6,,Français,"Paris, FR",,,
00001222,Les Jeux de Raymond le chat,"MAROZI, C.",,Éd. R.E.M.I.,[19--?],1899-12-31,1999-12-31,,,19 cm: 45 p.,,"Sur la couv. : correction du fichier de l'élève, autres explications. -- ISBN 2-85134-078-6",Français,"Paris, FR",,,
00001223,Mieux s'exprimer : exercices oraux,,Najac,O.C.D.L.,1975,1975-01-01,1975-12-31,,,"22 cm: 67 p., ill.",,Sur la couv. : initiation à la rédaction. -- ISBN 2-7043-3321-1-2,Français,"Paris, FR",Primaire,Primaire,
00001224,Le Médecin malgré lui : texte condensé,Molière,Le Sablier ; 36,Le Sablier inc.,1971,1971-01-01,1971-12-31,,,"20 cm: 32 p., ill.",,,Français,"Boucherville, QC",,,
00001225,"Trente Semaines d'orthographe de base : programme d'acquisition, 300 mots fréquents","MORAND, Pierre",Orthographe de base,O.C.D.L.,[1973?],1973-01-01,1973-12-31,,,18 cm: 64 p.,,Sur la couv. : C.E. 1. -- Comprend une liste alphabétique de mots,Français,"Paris, FR",Système français,"C.E. 1, primaire (France)",
00001226,"Trente Semaines d'orthographe de base : programme d'acquisition, 660 mots fréquents","MORAND, Pierre",Orthographe de base,O.C.D.L.,[1974?],1974-01-01,1974-12-31,,,17 cm: 64 p.,,Sur la couv. : C.E. 2. -- Comprend une liste alphabétique de mots  -- ISBN 2-7043-3019-0-2,Français,"Paris, FR",Système français,"C.E. 2, primaire (France)",
00001227,Trente Séquences d'orthographe de base : acquisition prioritaire de 660 mots fréquents,"MORAND, Pierre",Orthographe de base,O.C.D.L.,[1976?],1976-01-01,1976-12-31,,"2e éd., revue et corrigée",21 cm: 71 p.,,Comprend un index à début de l'ouvrage. -- Comprend une liste alphabétique de mots à la fin de l'ouvrage. -- ISBN 2-7043-3019-0-2,Français,"Paris, FR",Système français,"C.E. 2, primaire (France)",
00001228,Trente Séquences d'orthographe de base : acquisition prioritaire de 1110 mots fréquents,"MORAND, Pierre",Orthographe de base,O.C.D.L.,[1975?],1975-01-01,1975-12-31,,,21 cm: 67 p.,,Comprend un index à début de l'ouvrage. -- Comprend une liste alphabétique de mots à la fin de l'ouvrage. -- ISBN 2-7043-3035-2-2,Français,"Paris, FR",Système français,C.M. 1,
00001229,Pasteur : texte condensé,"ROS, Al",Le Sablier ; 21,Le Sablier inc.,1970,1970-01-01,1970-12-31,,,"20 cm: 31 p., ill.",,,Français,"Boucherville, QC",,,
00001230,"Pratique du français : mieux s'exprimer (2), à la découverte du français (2)",,Najac,O.C.D.L.,[1976?],1976-01-01,1976-12-31,,,"23 cm: 191 p., ill.",ISBN 2-7043-3323-8-2,,Français,"Paris, FR",Système français,"C.M. 2, primaire",
00001231,Rémi et Aline : II partie,,,s.n.,[19--?],1899-12-31,1999-12-31,,,"28 cm: 80 p., ill.",,,Français,,,,
00001232,Activités de vocabulaire CE 1,"SCHMITT, Roger|OLIVE, Martin",,Fernand Nathan,[1976?],1976-01-01,1976-12-31,,,"24 cm: 62 p., ill. (certaines en coul.)",,,Français,"Paris, FR",,,
00001233,Le Sablier : français 1 : cahier 1,"CÔTÉ-PRÉFONTAINE, Gisèle|PRÉFONTAINE, Robert R.",Le Sablier,Librairie Beauchemin limitée,1971,1971-01-01,1971-12-31,,,"27 cm: 39 p., ill.",,"Sur la p. de t. : observation, acquisition. -- ISBN 0-7750-0183-X",Français,"Montréal, QC",Primaire,Primaire,
00001234,Le Sablier 1 : cahier 2,"CÔTÉ-PRÉFONTAINE, Gisèle|PRÉFONTAINE, Robert R.",,Librairie Beauchemin limitée,1969,1969-01-01,1969-12-31,,,"27 cm: 39 p., ill.",,,Français,"Montréal, QC",,,
00001235,La Lecture par la méthode du sablier : guide pédagogique,"CÔTÉ-PRÉFONTAINE, Gisèle|PRÉFONTAINE, Robert R.",,Librairie Beauchemin limitée,1967,1967-01-01,1967-12-31,,,"28 cm: 62 p., ill.",,Comprend une bibliogr. à la fin de l'ouvrage,Français,"Toronto, ON|Montréal, QC",Primaire,3e année,
00001236,"Garde-robes des costumes, des sons",,,Le Sablier inc.,[19--?],1899-12-31,1999-12-31,,,29 cm: env. 30 p.,ISBN 0-919428,,Français,"Boucherville, QC",,,
00001237,Je m'occupe de lecture : livre du maître,"HURD, Louise|LEMOINE, Sabin",,Le Sablier inc.,1973,1973-01-01,1973-12-31,,,"27 cm: 80 p., ill.",,Comprend une bibliogr. à la fin de l'ouvrage. -- ISBN 0-919428,Français,"Boucherville, QC",Primaire,Primaire,
00001238,Acquisition orthographique du vocabulaire oral : des enfants de 5 à 8 ans,"PRÉFONTAINE, Robert R.",,Le Sablier inc.,1971,1971-01-01,1971-12-31,,,"21 x 27 cm: 80 p., graph. et tableaux",,Comprend une bibliogr. à la fin de l'ouvrage,Français,"Boucherville, QC",Primaire,5 à 8 ans,
00001239,Acquisition orthographique grammaticale : chez les 6 à 12 ans,"PRÉFONTAINE, Robert R.",,Le Sablier inc.,1973,1973-01-01,1973-12-31,,,27 cm: 25 p.,,Sur la couv. : le sablier. -- ISBN 0-919428,Français,"Boucherville, QC",Primaire|Intermédiaire,6 à 12 ans,
00001240,"Demande à Isabelle : dictionnaire descriptif, phonologique, analogique et orthographique du vocabulaire actif","PRÉFONTAINE, Robert R.|TERS, François|BOUDREAULT-CHICOINE, Marielle|BECQUET, Anne-Marie",,Le Sablier inc.,1974,1974-01-01,1974-12-31,,,"27 cm: 395 p., ill.",ISBN 0-919428,,Français,"Boucherville, QC",Primaire|Intermédiaire,8 à 12 ans,
00001241,Le Sablier : français 3 : cahier 2,"PRÉFONTAINE, Robert R.|CÔTÉ-PRÉFONTAINE, Gisèle",Le Sablier,Le Sablier inc.,1970,1970-01-01,1970-12-31,,,"27 cm: 79 p., ill. et graph.",,"Sur la p. de t. : subconscient (observation), conscient (acquisition)",Français,"Montréal, QC",Primaire,Primaire,
00001242,Le Sablier : français 4 : cahier 1,"PRÉFONTAINE, Robert R.|CÔTÉ-PRÉFONTAINE, Gisèle|D'AOUST, Aurèle|LÉVESQUE, Aline",Le Sablier,Le Sablier inc.,1971,1971-01-01,1971-12-31,,,"27 cm: 79 p., graph.",,"Sur la p. de t. : subconscient, observation, acquisition, conscient",Français,"Boucherville, QC",Primaire,Primaire,
00001243,Le Sablier : français 4 : cahier 2,"PRÉFONTAINE, Robert R.|CÔTÉ-PRÉFONTAINE, Gisèle|D'AOUST, Aurèle|LÉVESQUE, Aline|PESOT, Jurgen",Le Sablier,Le Sablier inc.,1971,1971-01-01,1971-12-31,,,"27 cm: 80 p., graph.",,"Sur la p. de t. : subconscient, observation, acquisition, conscient",Français,"Boucherville, QC",Primaire,Primaire,
00001244,Le Sablier : français 5 : cahier 2,"PRÉFONTAINE, Robert R.|CÔTÉ-PRÉFONTAINE, Gisèle|D'AOUST, Aurèle",Le Sablier,Le Sablier inc.,1973,1973-01-01,1973-12-31,,,"27 cm: 80 p., ill. et graph.",,"Sur la p. de t. : sensibilisation, observation, acquisition, controle",Français,"Boucherville, QC",Primaire,Primaire,
00001245,Le Sablier : français 6 : cahier 1,"PRÉFONTAINE, Robert R.|CÔTÉ-PRÉFONTAINE, Gisèle|D'AOUST, Aurèle|PESOT, Jurgen",Le Sablier,Le Sablier inc.,1970,1970-01-01,1970-12-31,,,"27 cm: 80 p., ill. et graph.",,"Sur la p. de t. : subconscient, observation, acquisition, conscient",Français,"Boucherville, QC",Primaire,Primaire,
00001246,Le Sablier : français 6 : cahier 2,"PRÉFONTAINE, Robert R.|CÔTÉ-PRÉFONTAINE, Gisèle|D'AOUST, Aurèle|PESOT, Jurgen",Le Sablier,Le Sablier inc.,1971,1971-01-01,1971-12-31,,,"27 cm: 79 p., ill. et graph.",,"Sur la p. de t. : subconscient, observation, acquisition, conscient",Français,"Boucherville, QC",Primaire,Primaire,
00001247,Les Structures de la langue parlée et écrite,"PRÉFONTAINE, Robert R.|RÉHEL, Gilles",,Le Sablier inc.,1972,1972-01-01,1972-12-31,,,"28 cm: 71 p., graph.",ISBN 0-919428,,Français,"Boucherville, QC",Primaire|Intermédiaire|Secondaire,Primaire; secondaire,
00001248,Le Sablier : français 2 : cahier 2,"CÔTÉ-PRÉFONTAINE, Gisèle|PRÉFONTAINE, Robert R.",Le Sablier,Librairie Beauchemin limitée,1970,1970-01-01,1970-12-31,,,"27 cm: 80 p., graph.",,"Sur la p. de t. : observation, acquisition. -- ISBN 0-7750-0185-6",Français,"Montréal, QC",Primaire,Primaire,
00001249,"Encore Paul, Jeannne et Lise, Le Sablier : français 2 : cahier 2","BARUCH, Dorothy|CAMPBELL, Elizabeth|CAMPBELL, Eleanor",Santé,W. J. Gage & Co. Ltd.,[19--?],1899-12-31,1999-12-31,,,"20 cm: 128 p., ill. en coul.",,Adap. de : Good Times with our Friend,Français,"Toronto, ON",,,
00001250,Des amis nouveaux,,Cathédrale,W. J. Gage & Co. Ltd.,[19--?],1899-12-31,1999-12-31,,,"20 cm: 190 p., ill. en coul.",,Adap. de : Our New Friends. -- Sur la p. de t. : manuel de lecture globale. -- Comprend un vocabulaire à la fin de l'ouvrage,Français,"Montréal, QC",,,
00001251,De surprise en surprise,,Cathédrale,W. J. Gage & Co. Ltd.,[19--?],1899-12-31,1999-12-31,,,"20 cm: 208 p., ill. en coul.",,Adap. de : Streets and Roads. -- Sur la couv. : manuel de lecture globale. -- Comprend un vocabulaire à la fin de l'ouvrage,Français,"Toronto, ON",,,
00001252,Contes bleus,"DUBÉ, Andrée|DUBÉ, G.-A.|BANITZ, C. K.",Feuille d'érable,Thomas Nelson & Sons Canada Ltd.,[1969?],1969-01-01,1969-12-31,,,"22 cm: 197 p., ill. en coul.",,,Français,"Don Mills, ON",Primaire,1ère année,
00001253,Contes jaunes,"DUBÉ, G.-A.|SOUCIE-DUBÉ, Andrée|LEMIRE, Claire",,Guérin,[1979?],1979-01-01,1979-12-31,,,"23 cm: 192 p., ill. (certaines en coul.)",ISBN 2-7601-0077-4,,Français,"Montréal, QC",,,
00001254,Contes roses,"DUBÉ, G.-A.|SOUCIE-DUBÉ, Andrée|LINDERMAN, Danielle|SABOURIN, Daniel",,Guérin,[1982?],1982-01-01,1982-12-31,,3e éd.,"23 cm: 120 p., ill. (certaines en coul.)",ISBN 2-7601-0380-3,,Français,"Montréal, QC",Primaire,7 et 8 ans,
00001255,Contes verts,"DUBÉ, G.-A.|SOUCIE-DUBÉ, Andrée|LINDERMAN, Danielle|SABOURIN, Daniel",,Guérin,[1978?],1978-01-01,1978-12-31,,,"23 cm: x, 124 p., ill. (certaines en coul.)",ISSN 0-7764,,Français,"Montréal, QC",Primaire,8 et 9 ans,
00001256,Encore des surprises,Religieuse de la Congrégation de Notre-Dame de Montréal,Cathédrale,W. J. Gage & Co. Ltd.,[19--?],1899-12-31,1999-12-31,1953-02-11,,"20 cm: 224 p., ill. en coul.",,Adap. de : More Streets and Roads. -- Comprend un vocabulaire à la fin de l'ouvrage,Français,"Toronto, ON",Primaire,3e année,
00001257,Encore des amis,,Cathédrale,W. J. Gage & Co. Ltd.,[19--?],1899-12-31,1999-12-31,,,"20 cm: 207 p., ill. en coul.",,Adap. de : Friends and Neighbours et de More Friends and Neighbours. -- Comprend un vocabulaire à la fin de l'ouvrage,Français,"Montréal, QC",,,
00001258,Frou-Frou et Fin-Fin,,,Ginn and Company,[19--?],1899-12-31,1999-12-31,,,"18 cm: 48 p., ill. en coul.",,Sur la couv. : authorized by the Minister of Education. -- Sur la p. de t. : pour faire causer et lire les petits,Français,"Toronto, ON",,,
00001259,Frou-Frou et Fin-Fin,"GAUTHIER, Robert",,Ginn and Company,[19--?],1899-12-31,1999-12-31,,,"18 cm: 48 p., ill. en coul.",,Sur la p. de t. : pour faire causer et lire les petits,Français,"Toronto, ON",,,
00001260,Chez nous,"MARGUERITE, M.|WARE, Charlotte",,Ginn and Company,[19--?],1899-12-31,1999-12-31,,,"20 cm: 48 p., ill. en coul.",,Sur la couv. : foi et liberté. -- Comprend un vocabulaire à la fin de l'ouvrage,Français,"Toronto, ON",,,
00001261,Notre famille,"MARGUERITE, M.|WARE, Charlotte",,Ginn and Company,[19--?],1899-12-31,1999-12-31,,,"21 cm: 160 p., ill. en coul.",,Sur la couv. : foi et liberté. -- Comprend un vocabulaire à la fin de l'ouvrage,Français,"Toronto, ON",,,
00001262,Les Trois Amis,"MONTGOMERY, Elizabeth|BARUCH, Dorothy|STEED, Ruth",Santé,W. J. Gage & Co. Ltd.,[19--?],1899-12-31,1999-12-31,,,"20 cm: 159 p., ill. en coul.",,Adap. de : Three Friends,Français,"Toronto, ON",,,
00001263,Les Argonautes : récits légendaires,"PRÉFONTAINE, Robert R.|CÔTÉ-PRÉFONTAINE, Gisèle|BEAUDRY, Bernard",Le Sablier.français 4-5-6 ; 5,Le Sablier inc.,1969,1969-01-01,1969-12-31,,,"20 cm: 30 p., ill. (certaines en coul.)",,Sur la couv. : texte condensé,Français,"Boucherville, QC",,,
00001264,Ben Hur,"PRÉFONTAINE, Robert R.|CÔTÉ-PRÉFONTAINE, Gisèle|BEAUDRY, Bernard",Le Sablier.français 4-5-6 ; 11,Le Sablier inc.,1969,1969-01-01,1969-12-31,,,"20 cm: 30 p., ill. en coul.",,Sur la couv. : texte condensé,Français,"Boucherville, QC",,,
00001265,Le Chien volant,"PRÉFONTAINE, Robert R.|CÔTÉ-PRÉFONTAINE, Gisèle|BEAUDRY, Bernard",Le Sablier.français 4-5-6 ; 19,Le Sablier inc.,1970,1970-01-01,1970-12-31,,,"20 cm: 30 p., ill. en coul.",,Sur la couv. : texte condensé,Français,"Boucherville, QC",,,
00001266,Le Comte de Monte-Cristo,"PRÉFONTAINE, Robert R.|CÔTÉ-PRÉFONTAINE, Gisèle|DUMAS, Alexandre|BEAUDRY, Bernard",Le Sablier.français 4-5-6 ; 4,Le Sablier inc.,1969,1969-01-01,1969-12-31,,,"20 cm: 30 p., ill. en coul.",,Sur la couv. : texte condensé,Français,"Boucherville, QC",,,
00001267,Don Quichotte,"PRÉFONTAINE, Robert R.|CÔTÉ-PRÉFONTAINE, Gisèle|Cervantes|BEAUDRY, Bernard",Le Sablier.français 4-5-6 ; 14,Le Sablier inc.,1969,1969-01-01,1969-12-31,,,"20 cm: 30 p., ill. en coul.",,Sur la couv. : texte condensé,Français,"Boucherville, QC",,,
00001268,"François, le Bossu","PRÉFONTAINE, Robert R.|CÔTÉ-PRÉFONTAINE, Gisèle|BEAUDRY, Bernard|Comtesse de Ségur",Le Sablier.français 4-5-6 ; 6,Le Sablier inc.,1969,1969-01-01,1969-12-31,,,"20 cm: 30 p., ill. en coul.",,Sur la couv. : texte condensé,Français,"Boucherville, QC",,,
00001269,Glausgâb,"PRÉFONTAINE, Robert R.|CÔTÉ-PRÉFONTAINE, Gisèle|BEAUDRY, Bernard|LANDRY, Louis",Le Sablier.français 4-5-6 ; 10,Le Sablier inc.,1969,1969-01-01,1969-12-31,,,"20 cm: 30 p., ill. en coul.",,Sur la couv. : texte condensé,Français,"Boucherville, QC",,,
00001270,La Guerre de Troie,"PRÉFONTAINE, Robert R.|CÔTÉ-PRÉFONTAINE, Gisèle|BEAUDRY, Bernard|Homère",Le Sablier.français 4-5-6 ; 7,Le Sablier inc.,1969,1969-01-01,1969-12-31,,,"20 cm: 30 p., ill. en coul.",,Sur la couv. : texte condensé,Français,"Boucherville, QC",,,
00001271,Heidi,"PRÉFONTAINE, Robert R.|CÔTÉ-PRÉFONTAINE, Gisèle|BEAUDRY, Bernard|SPYRI, Johanna",Le Sablier.français 4-5-6 ; 16,Le Sablier inc.,1969,1969-01-01,1969-12-31,,,"20 cm: 30 p., ill. en coul.",,Sur la couv. : texte condensé,Français,"Boucherville, QC",,,
00001272,Le Lac aux sortilèges,"PRÉFONTAINE, Robert R.|CÔTÉ-PRÉFONTAINE, Gisèle|BEAUDRY, Bernard|CERVON, Jacqueline",Le Sablier.français 4-5-6 ; 1,Le Sablier inc.,1969,1969-01-01,1969-12-31,,,"20 cm: 30 p., ill. en coul.",,Sur la couv. : texte condensé,Français,"Boucherville, QC",,,
00001273,Le Lion,"PRÉFONTAINE, Robert R.|CÔTÉ-PRÉFONTAINE, Gisèle|BEAUDRY, Bernard|KESSEL, Joseph",Le Sablier.français 4-5-6 ; 17,Le Sablier inc.,1970,1970-01-01,1970-12-31,,,"20 cm: 30 p., ill. en coul.",,Sur la couv. : texte condensé,Français,"Boucherville, QC",,,
00001274,Marco Polo,"PRÉFONTAINE, Robert R.|CÔTÉ-PRÉFONTAINE, Gisèle|BEAUDRY, Bernard",Le Sablier.français 4-5-6 ; 9,Le Sablier inc.,1969,1969-01-01,1969-12-31,,,"20 cm: 30 p., ill. en coul.",,Sur la couv. : texte condensé,Français,"Boucherville, QC",,,
00001275,La Meule à grains,"PRÉFONTAINE, Robert R.|CÔTÉ-PRÉFONTAINE, Gisèle|BEAUDRY, Bernard|CERVON, Jacqueline",Le Sablier.français 4-5-6 ; 12,Le Sablier inc.,1969,1969-01-01,1969-12-31,,,"20 cm: 30 p., ill. en coul.",,Sur la couv. : texte condensé,Français,"Boucherville, QC",,,
00001276,La Reine des neiges,"PRÉFONTAINE, Robert R.|CÔTÉ-PRÉFONTAINE, Gisèle|BEAUDRY, Bernard|ANDERSON, Hans Christian",Le Sablier.français 4-5-6 ; 13,Le Sablier inc.,1969,1969-01-01,1969-12-31,,,"20 cm: 30 p., ill. en coul.",,Sur la couv. : texte condensé,Français,"Boucherville, QC",,,
00001277,Le Retour d'Ulysse,"PRÉFONTAINE, Robert R.|CÔTÉ-PRÉFONTAINE, Gisèle|BEAUDRY, Bernard|Homère",Le Sablier.français 4-5-6 ; 2,Le Sablier inc.,1969,1969-01-01,1969-12-31,,,"20 cm: 30 p., ill. en coul.",,Sur la couv. : texte condensé,Français,"Boucherville, QC",,,
00001278,Le Roman de Renart : récit folklorique du Moyen-Age,"PRÉFONTAINE, Robert R.|CÔTÉ-PRÉFONTAINE, Gisèle|BEAUDRY, Bernard",Le Sablier.français 4-5-6 ; 3,Le Sablier inc.,1969,1969-01-01,1969-12-31,,,"20 cm: 30 p., ill. en coul.",,Sur la couv. : texte condensé,Français,"Boucherville, QC",,,
00001279,Sans famille,"PRÉFONTAINE, Robert R.|CÔTÉ-PRÉFONTAINE, Gisèle|BEAUDRY, Bernard|MALOT, Hector",Le Sablier.français 4-5-6 ; 18,Le Sablier inc.,1970,1970-01-01,1970-12-31,,,"20 cm: 30 p., ill. en coul.",,Sur la couv. : texte condensé,Français,"Boucherville, QC",,,
00001280,Le Tour du monde en 80 jours,"PRÉFONTAINE, Robert R.|CÔTÉ-PRÉFONTAINE, Gisèle|BEAUDRY, Bernard|VERNE, Jules",Le Sablier.français 4-5-6 ; 8,Le Sablier inc.,1969,1969-01-01,1969-12-31,,,"20 cm: 30 p., ill. en coul.",,Sur la couv. : texte condensé,Français,"Boucherville, QC",,,
00001281,Robin Hood : texte condensé,"ROS, Al",Le Sablier ; 24,Le Sablier inc.,1970,1970-01-01,1970-12-31,,,"20 cm: 32 p., ill.",,,Français,"Boucherville, QC",,,
00001282,Beauté noire : texte condensé,"SEWELL, Anna|ROS, Al",Le Sablier ; 27,Le Sablier inc.,1970,1970-01-01,1970-12-31,,,"20 cm: 32 p., ill.",,,Français,"Boucherville, QC",,,
00001283,La Mégère apprivoisée : texte condensé,"SHAKESPEARE, William|ROS, Al",Le Sablier ; 28,Le Sablier inc.,1970,1970-01-01,1970-12-31,,,"20 cm: 32 p., ill.",,,Français,"Boucherville, QC",,,
00001284,Kidnappé : texte condensé,"STEVENSON, Robert Louis|ROS, Al",Le Sablier ; 29,Le Sablier inc.,1971,1971-01-01,1971-12-31,,,"20 cm: 31 p., ill.",,,Français,"Boucherville, QC",,,
00001285,J'apprends à connaître la langue française 1,,,Guérin,1975,1975-01-01,1975-12-31,,,"28 cm: 222 p., ill. (certaines en coul.)",ISSN 0-7764,,Français,,Système français,"2e cycle, primaire",
00001286,J'apprends à connaître la langue française 2,,,Guérin,[1975?],1975-01-01,1975-12-31,,,"28 cm: 275 p., ill. en coul.",ISBN 0-7764,,Français,"Montréal, QC",Système français,"2e cycle, primaire",
00001287,J'apprends à connaître la langue française 4,"LITALIEN, Christiane|LESSARD, France",,Guérin,1978,1978-01-01,1978-12-31,,"2e éd., revue et corrigée","28 cm: 165 p., ill. en coul.",ISBN 0-7764,,Français,"Montréal, QC",Système français,"2e cycle, primaire",
00001288,J'apprends à connaître la langue française 5,,,Guérin,1977,1977-01-01,1977-12-31,,,"28 cm: 150 p., ill. en coul.",ISBN 0-7764,,Français,"Montréal, QC",Système français,"2e cycle, primaire",
00001289,J'apprends à connaître la langue française 6,"ROBERT, Marie-Hélène",,Guérin,1977,1977-01-01,1977-12-31,,,"28 cm: 138 p., ill. en coul.",ISBN 0-7764,,Français,"Montréal, QC",Système français,"2e cycle, primaire",
00001290,J'apprends à connaître la langue française A-1,,,Guérin,[1979?],1979-01-01,1979-12-31,,,"28 cm: 131 p., ill. en coul.",ISBN 2-7601-0039-1,,Français,"Montréal, QC",Primaire,1er cycle,
00001291,J'apprends à connaître la langue française A-2,,,Guérin,[1979?],1979-01-01,1979-12-31,,,"28 cm: 149 p., ill. en coul.",ISBN 2-7601-0095-2,,Français,"Montréal, QC",Primaire,1er cycle,
00001292,J'apprends à connaître la langue française B-1,,,Guérin,[1978?],1978-01-01,1978-12-31,,,"28 cm: 124 p., ill. en coul.",ISBN 0-7764,,Français,"Montréal, QC",Primaire,"Primaire, 1er cycle",
00001293,J'apprends à connaître la langue française B-2,,,Guérin,[1978?],1978-01-01,1978-12-31,,,"28 cm: 122 p., ill. en coul.",ISBN 0-7764,,Français,"Montréal, QC",Primaire,"[1er cycle, primaire]",
00001294,J'apprends à connaître la langue française C-1,,,Guérin,[1978?],1978-01-01,1978-12-31,,,"28 cm: 117 p., ill. en coul.",ISBN 0-7764,,Français,"Montréal, QC",Primaire,"Primaire, 1er cycle",
00001295,J'apprends à connaître la langue française C-2,,,Guérin,[1978?],1978-01-01,1978-12-31,,,"28 cm: 133 p., ill. en coul.",ISBN 0-7764,,Français,"Montréal, QC",Primaire,"Primaire, 1er cycle",
00001296,J'apprends à connaître la langue française 3,,,Guérin,1976,1976-01-01,1976-12-31,,Éd. revue et corrigée,"28 cm: 205 p., ill. en coul.",ISBN 0-7764,,Français,"Montréal, QC",Système français,"2e cycle, primaire",
00001297,La Lecture par la méthode du sablier : 1ère partie,"CÔTÉ-PRÉFONTAINE, Gisèle|PRÉFONTAINE, Robert R.|DE VIENNE, Lucie|DESJARLAIS, France|DUCREST-INVERNIZZI, Florence|NEBEL, Loraine|GAGNON, Cécile",,Librairie Beauchemin limitée,1964,1964-01-01,1964-12-31,,,"28 cm: 93 p., ill. en coul.",,,Français,"Montréal, QC",Primaire,1ère année,
00001298,"La Lecture par la méthode du sablier : 1er livre, 2e partie","CÔTÉ-PRÉFONTAINE, Gisèle|PRÉFONTAINE, Robert R.|DE VIENNE, Lucie|DESJARLAIS, France|DUCREST-INVERNIZZI, Florence|NEBEL, Loraine|GAGNON, Cécile",Sablier,Librairie Beauchemin limitée,1967,1967-01-01,1967-12-31,,,"28 cm: 94 p., ill. en coul.",,,Français,"Montréal, QC",Primaire,1ère année,
00001299,Cahier la lecture par la méthode du sablier 1 : 3e partie,"CÔTÉ-PRÉFONTAINE, Gisèle|PRÉFONTAINE, Robert R.",Sablier,Librairie Beauchemin limitée,1966,1966-01-01,1966-12-31,,,28 cm: 64 p.,,,Français,"Montréal, QC",,,
00001300,Cahier la lecture par la méthode du sablier 2ème livre : 1ère partie,"CÔTÉ-PRÉFONTAINE, Gisèle|PRÉFONTAINE, Robert R.|DE VIENNE, Lucie",Sablier,Librairie Beauchemin limitée,1966,1966-01-01,1966-12-31,,,"28 cm: 94 p., ill. en coul.",,,Français,"Montréal, QC",,,
00001301,Cahier la lecture par la méthode du sablier 2e livre : 2e partie,"CÔTÉ-PRÉFONTAINE, Gisèle|PRÉFONTAINE, Robert R.|DE VIENNE, Lucie",Sablier,Librairie Beauchemin limitée,1967,1967-01-01,1967-12-31,,,"28 cm: 95 p., ill. en coul.",,,Français,"Montréal, QC",,,
00001302,Cahier la lecture par la méthode du sablier 3e livre: 1ère partie,"CÔTÉ-PRÉFONTAINE, Gisèle|PRÉFONTAINE, Robert R.",Sablier,Librairie Beauchemin limitée,1966,1966-01-01,1966-12-31,,,"28 cm: 80 p., ill. en coul.",,,Français,"Montréal, QC",,,
00001303,Cahier la lecture par la méthode du sablier 3e : 1ère partie,"CÔTÉ-PRÉFONTAINE, Gisèle|PRÉFONTAINE, Robert R.|BELOIN, Normand-U.",,Librairie Beauchemin limitée,1966,1966-01-01,1966-12-31,,,"28 cm: 79 p., graph.",,,Français,"Montréal, QC",,,
00001304,Le Sablier 1 : cahier 2,"CÔTÉ-PRÉFONTAINE, Gisèle|PRÉFONTAINE, Robert R.",,Librairie Beauchemin limitée,1969,1969-01-01,1969-12-31,,,"27 cm: 39 p., quelques ill.",,,Français,"Montréal, QC",,,
00001305,Le Sablier 1 : cahier 3,"CÔTÉ-PRÉFONTAINE, Gisèle|PRÉFONTAINE, Robert R.",,Librairie Beauchemin limitée,1969,1969-01-01,1969-12-31,,,"27 cm: 39 p., quelques ill.",,,Français,"Montréal, QC",,,
00001306,"La Nouvelle Grammaire de base pour le secondaire : fiches de travail, premier niveau","CLOUTIER, Berthe|MAREUIL, A.",,Éd. française inc.,[1977?],1977-01-01,1977-12-31,,,28 cm: 45 fiches,ISBN 2-7618-1112-7,,Français,Canada,Secondaire,Secondaire 1,
00001307,J'apprend à connaître la langue française,,,Guérin,[1975?],1975-01-01,1975-12-31,,,"29 cm: 222 p., ill. en coul.",ISBN 0-7764,,Français,"Montréal, QC",Système français,"2e cycle, primaire",
00001308,J'apprend à connaître la langue française 2,,,Guérin,[1975?],1975-01-01,1975-12-31,,,"29 cm: 275 p., ill. en coul.",ISBN 0-7764,,Français,"Montréal, QC",Système français,"2e cycle, primaire",
00001309,Arnold le hamster,"COURTEAU, André|TURCOTTE, Diane|Sarafo",Communication bandes dessinées,Hurtubise,[1972?],1972-01-01,1972-12-31,,,"28 cm: 124 p., ill.",,,Français,"Montréal, QC",,,
00001310,Arnold le hamster : guide méthodologique,"COURTEAU, André|TURCOTTE, Diane|Sarafo",Communication bandes dessinées,Hurtubise,[1972?],1972-01-01,1972-12-31,,,"28 cm: 118 p., ill.",,,Français,"Montréal, QC",Primaire,4e année,
00001311,"Sélection du Reader's Digest, savoir lire : technique de lecture, cahier d'exercices 2",,,Sélection du Reader's Digest Canada ltée,[1973?],1973-01-01,1973-12-31,,,"28 cm: 64 p., quelques ill.",ISBN 0-88850-502-7,,Français,Canada,Primaire,2,
00001312,Savoir lire : cahier d'exercices,"BÉLANGER, Jean-D.|LAFRAMBOISE, Yvon|LANGEVIN, Claude",,Sélection du Reader's Digest Canada ltée,[1974?],1974-01-01,1974-12-31,,,"28 cm: 88 p., ill.",,Comprend un index au début de l'ouvrage. -- ISBN 0-88850-507-8,Français,"Montréal, QC",Primaire,4,
00001313,Savoir lire : cahier d'exercices,"BÉLANGER, Jean-D.|LAFRAMBOISE, Yvon|LANGEVIN, Claude",,Sélection du Reader's Digest Canada ltée,[1974?],1974-01-01,1974-12-31,,,"28 cm: 88 p., ill., graph. et cartes",,Comprend un index au début de l'ouvrage. -- ISBN 0-88850-511-6,Français,"Montréal, QC",Primaire,6,
00001314,Savoir lire : cahier d'exercices,"BÉLANGER, Jean-D.|LAFRAMBOISE, Yvon|LANGEVIN, Claude",,Sélection du Reader's Digest Canada ltée,[1974?],1974-01-01,1974-12-31,,,"28 cm: 80 p., ill., graph. et cartes",,Comprend un index au début de l'ouvrage. -- ISBN 0-88850-509-4,Français,"Montréal, QC",Primaire,5,
00001315,Allô le monde : pré-lecture : guide pédagogique,"DÉRY, Lucie|CÔTÉ-PRÉFONTAINE, Gisèle|MELLO, José",Cours primaire de lecture,McGraw-Hill,1978,1978-01-01,1978-12-31,,,"28 cm: 27 p., quelques ill.",,Comprend une annexe à la fin de l'ouvrage. -- ISBN 0-07-082578-5,Français,"Montréal, QC",,,
00001316,Nouvelles Lectures françaises : cours élémentaire (1re année),"CASTANET, G.|NAUDON, A.-R.",Nouvelles Lectures françaises,Fernand Nathan,1959,1959-01-01,1959-12-31,,,"24 cm: 159 p., ill. (certaine en coul.)",,,Français,"Paris, FR",Primaire,1ère année,
00001317,Nouvelles Lectures françaises : cours moyen (1re année),"CASTANET, G.|NAUDON, A.-R.",Nouvelles Lectures françaises,Fernand Nathan,1961,1961-01-01,1961-12-31,,,"24 cm: 223 p., ill. (certaine en coul.)",,,Français,"Paris, FR",Système français,"1ère année, cours moyen",
00001318,Jouons ensemble : guide méthodologique : mon premier livre de lecture,"FOREST, Marguerite|OUIMET, Madeleine|FAUCHER, Jean-Charles",,Granger frères limitée,1972,1972-01-01,1972-12-31,,Éd. rénovée,25 cm: 110 p.,,,Français,"Montréal, QC",Primaire,1ère année,
00001319,Jouons ensemble : guide méthodologique : mon deuxième livre de lecture,"FOREST, Marguerite|OUIMET, Madeleine|FAUCHER, Jean-Charles",,Granger frères limitée,1972,1972-01-01,1972-12-31,,Éd. rénovée,25 cm: 173 p.,,Sur la couv. : je lis et j'écris,Français,"Montréal, QC",Primaire,2e année,
00001320,Jouons ensemble : mon deuxième livre de lecture,"FOREST, Marguerite|OUIMET, Madeleine|FAUCHER, Jean-Charles",,Granger frères limitée,1972,1972-01-01,1972-12-31,,Éd. rénovée,"25 cm: 128 p., ill. en coul.",,Sur la couv. : je lis et j'écris,Français,"Montréal, QC",Primaire,2e année,
00001321,Jouons ensemble : mon premier livre de lecture,"FOREST, Marguerite|OUIMET, Madeleine|FAUCHER, Jean-Charles",,Granger frères limitée,1971,1971-01-01,1971-12-31,,Éd. rénovée,"25 cm: 108 p., ill. en coul.",,,Français,"Montréal, QC",,,
00001322,Mon troisième livre de lecture,"FOREST, Marguerite|OUIMET, Madeleine|FAUCHER, Jean-Charles",,Librairie Granger frères ltée.,1967,1967-01-01,1967-12-31,1966-04-27,Éd. révisée,"25 cm: 143 p., ill. en coul.",,,Français,"Montréal, QC",,,
00001323,"Bonjour : première année, premier semestre","GUINEBRETIÈRE, Marie-Antoinette|COURTEMANCHE-AUCLAIR, Jeanne",Méthode dynamique de lecture,Éducation nouvelle,1968,1968-01-01,1968-12-31,1953-05-12,,"25 cm: 48 p., ill. en coul.",,Comprend un vocabulaire à la fin de l'ouvrage,Français,"Montréal, QC",Primaire,"1ère année, 1er semestre",
00001324,"La Grande Nouvelle : première année, deuxième semestre","GUINEBRETIÈRE, Marie-Antoinette|COURTEMANCHE-AUCLAIR, Jeanne|LÉGARÉ, Huguette|ROUSSEAU, Jacqueline",Méthode dynamique de lecture,Éducation nouvelle,1968,1968-01-01,1968-12-31,,,"25 cm: 80 p., ill. en coul.",,Comprend un vocabulaire à la fin de l'ouvrage,Français,"Montréal, QC",Primaire,"1ère année, 2e semestre",
00001325,"J'enrichis mes découvertes : exercices personnels de travail : 3e année, no 1","GUINEBRETIÈRE, Marie-Antoinette|LÉGARÉ, Huguette|ROUSSEAU, Jacqueline",Méthode dynamique de français,Éducation nouvelle,1968,1968-01-01,1968-12-31,,,28 cm: 110 p.,,,Français,"Montréal, QC",Primaire,3e année,
00001326,"Je classifie mes découvertes : cahier d'exercices : 2e année, no 1","GUINEBRETIÈRE, Marie-Antoinette|LÉGARÉ, Huguette|ROUSSEAU, Jacqueline",Méthode dynamique de français,Éducation nouvelle,1968,1968-01-01,1968-12-31,,,25 cm: 87 p.,,,Français,"Montréal, QC",Primaire,2e année,
00001327,"Je classifie mes découvertes : cahier d'exercices : 2e année, no 2","GUINEBRETIÈRE, Marie-Antoinette|LÉGARÉ, Huguette|ROUSSEAU, Jacqueline",Méthode dynamique de français,Éducation nouvelle,1968,1968-01-01,1968-12-31,,,25 cm: 82 p.,,,Français,"Montréal, QC",Primaire,2e année,
00001328,Mes découvertes : notes méthodologiques,"GUINEBRETIÈRE, Marie-Antoinette|ARGUIN, S.|LUSSIER, C.",Méthode dynamique de lecture,Éducation nouvelle,[1968?],1968-01-01,1968-12-31,,,25 cm: 32 p.,,,Français,"Montréal, QC",,,
00001329,"Notes méthodologiques : je classifie mes découvertes, j'enrichis mes découvertes","GUINEBRETIÈRE, Marie-Antoinette|LÉGARÉ, Huguette|ROUSSEAU, Jacqueline",Méthode dynamique de français,Éducation nouvelle,[1968?],1968-01-01,1968-12-31,,,25 cm: 29 p.,,,Français,"Montréal, QC",Primaire,2e et 3e année,
00001330,La Ronde joyeuse,"GUINEBRETIÈRE, Marie-Antoinette|RODRIGUE, Claudette",Méthode dynamique de lecture ; 1,Éd. projets inc.,1974,1974-01-01,1974-12-31,,,"25 cm: 46 p., ill. en coul.",,Comprend un vocabulaire à la fin de l'ouvrage. -- ISBN 0-88539-110-1,Français,"Montréal, QC",,,
00001331,"Le Français élémentaire : méthode progressive de français usuel : débutants, 2e livret","MAUGER, G.|GOUGENHEIM, G.|IOANNOU, A.|ÉTAIX, Pierre",,Librairie Hachette,[1956?],1956-01-01,1956-12-31,,,"22 cm: 122 p., ill.",,Sur la p. de t. : ouvrage conforme aux conclusions de la Commission ministérielle du français fondamental. -- Comprend un index à la fin de l'ouvrage,Français,"Paris, FR",Système français,"débutant, primaire (France)",
00001332,Un clin d'oeil de grand-maman : guide pédagogique,"NORMAND-HUDON, Corinne|FLEURY, Pierre|GEOFFROY, Louis",,Hurtubise HMH ltée.,1977,1977-01-01,1977-12-31,,,"23 cm: 55 p., quelques ill.",ISBN 0-7758-0108-9,,Français,"Montréal, QC",,,
00001333,Phraséologie et Analyse de la phrase,"PELLETIER, Georges|GAUTHIER, Réal",Place au français,Lidec inc.,1980,1980-01-01,1980-12-31,,,27 cm: 84 p.,,"Sur la couv. : apprendre, comprendre et aimer sa langue. -- ISBN 2-7608-5010-2",Français,"Montréal, QC",,,
00001334,Vocabulaire orthographe d'usage lecture (aspects techniques),"PELLETIER, Georges|GAUTHIER, Réal|LEGROS, Michel",Place au français,Lidec inc.,1980,1980-01-01,1980-12-31,,,"27 cm: 74 p., ill.",,"Sur la couv. : apprendre, comprendre et aimer sa langue. -- ISBN 2-7608-5014-5",Français,"Montréal, QC",,,
00001335,"Mise en marche du processus de l'apprentissage de la lecture : notes méthodologiques 2 : première année, premier semestre","POULIOT, Monique|POULIOT, Germaine|LUSSIER, C.|ROBERGE, Suzelle",Méthode dynamique de lecture,Éducation nouvelle,1971,1971-01-01,1971-12-31,,,"28 cm: 112 p., quelques ill.",,Comprend un vocabulaire à la fin de l'ouvrage. -- ISBN 0-7769-4172-0,Français,"Montréal, QC",Primaire,"1ère année, 1er semestre",
00001336,J'ai du plaisir à lire : guide méthodologique des 8 cahiers et des 8 tests,"ROBERT-COURNOYER, Yvette",,Guérin,[1975?],1975-01-01,1975-12-31,,,23 cm: 39 p.,,,Français,"Montréal, QC",,,
00001337,"Cahier A, complément de Je sais lire : méthode de lecture spontanée","BUSSIÈRES, Simone|Chader|BÉDARD, Laurent",Méthode de lecture spontanée,Pedagogia inc.,1968,1968-01-01,1968-12-31,1967-05-01,,"28 cm: 102 p., ill.",,Comprend un lexique à la fin de l'ouvrage,Français,"Montréal, QC",,,
00001338,"Cahier B, complément de Je sais lire : méthode de lecture spontanée","BUSSIÈRES, Simone|Chader|BÉDARD, Laurent",Méthode de lecture spontanée,Pedagogia inc.,1968,1968-01-01,1968-12-31,,,"28 cm: 104 p., ill.",,Comprend un lexique à la fin de l'ouvrage,Français,"Montréal, QC",,,
00001339,"Cahier A, complément de Je veux lire : méthode de lecture spontanée","BUSSIÈRES, Simone|Chader|BÉDARD, Laurent",Méthode de lecture spontanée,Pedagogia inc.,[1967?],1967-01-01,1967-12-31,,2e éd.,"28 cm: 72 p., ill.",,,Français,"Montréal, QC",,,
00001340,"Cahier B, complément de Je veux lire : méthode de lecture spontanée","BUSSIÈRES, Simone|Chader|BÉDARD, Laurent",Méthode de lecture spontanée,Pedagogia inc.,[1967?],1967-01-01,1967-12-31,,2e éd.,"28 cm: 72 p., ill.",,,Français,"Montréal, QC",,,
00001341,"Cahier d'exercices, complément de J'aime lire","BUSSIÈRES, Simone|Chader",Méthode de lecture spontanée,Pedagogia inc.,1968,1968-01-01,1968-12-31,,,"28 cm: 95 p., ill.",,Comprend un lexique à la fin de l'ouvrage,Français,"Montréal, QC",,,
00001342,J'aime lire : méthode de lecture spontanée : 3e livre,"BUSSIÈRES, Simone|Chader|MARC, M. P.",Méthode de lecture spontanée ; 3,Pedagogia inc.,1966,1966-01-01,1966-12-31,,,"25 cm: 159 p., ill. en coul.",,,Français,"Montréal, QC",,,
00001343,J'aime lire : guide méthodologique : troisième livret de la méthode de lecture spontanée,"BUSSIÈRES, Simone",Méthode de lecture spontanée ; 3,Pedagogia inc.,1969,1969-01-01,1969-12-31,1967-02-09,,25 cm: 32 p.,,,Français,"Montréal, QC",Primaire,Primaire,
00001344,Je sais lire : guide méthodologique : deuxième livret de la méthode de lecture spontanée,"BUSSIÈRES, Simone",Méthode de lecture spontanée ; 2,Pedagogia inc.,1970,1970-01-01,1970-12-31,1967-02-09,,25 cm: 48 p.,,,Français,"Montréal, QC",Primaire,Primaire,
00001345,Je veux lire : guide méthodologique : du premier livret de la méthode de lecture spontanée,"BUSSIÈRES, Simone",Méthode de lecture spontanée ; 1,Pedagogia inc.,1971,1971-01-01,1971-12-31,,"Nouv. éd., entièrement refondue",25 cm: 91 p.,,,Français,"Montréal, QC",Primaire,Primaire,
00001346,Lexique Je compose mon dictionnaire : complément de Je veux lire,"BUSSIÈRES, Simone|Roger|BÉDARD, Laurent|Chader",Méthode de lecture spontanée ; 1,Pedagogia inc.,1968,1968-01-01,1968-12-31,1967-05-01,,"28 cm: 40 p., ill.",,Coprend un vocabulaire à la fin de l'ouvrage,Français,"Montréal, QC",,,
00001347,A la recherche d'une méthode d'éducation,"SIGNORET, L.",,Librairie Classique Fernand Nathan,1932,1932-01-01,1932-12-31,,,"18 cm: x, 255 p.",,,Français,"Paris, FR",,,
00001348,Lexique Je compose mon dictionnaire : complément de Je sais lire,"BUSSIÈRES, Simone|Roger|BÉDARD, Laurent",Méthode de lecture spontanée ; 2,Pedagogia inc.,1969,1969-01-01,1969-12-31,1967-05-01,,"28 cm: 43 p., ill.",,,Français,"Montréal, QC",Primaire,7 ans,
00001349,Lexique Je compose mon dictionnaire : complément de J'aime lire,"BUSSIÈRES, Simone|Roger|BÉDARD, Laurent",Méthode de lecture spontanée ; 3,Pedagogia inc.,1969,1969-01-01,1969-12-31,1967-05-01,,"28 cm: 63 p., ill.",,,Français,"Montréal, QC",,,
00001350,Manuel des études littéraires françaises : XVIe siècle,"CASTEX, P.-G.|SURER, P.|BECKER, G.",,Hachette,[1966?],1966-01-01,1966-12-31,,,"24 cm: vii, 87 p., ill.",,,Français,"Paris, FR",Système français,Lycées (France); collèges (France); écoles normales (France); établissements qui préparent au Baccalauréat de l'enseignement secondaire(France); élèves des classes supérieures des lycées (France); étudiants des facultés (France),
00001351,Manuel des études littéraires françaises : XVIIIe siècle,"CASTEX, P.-G.|SURER, P.",,Éd. du renouveau pédagogique inc.,[1966?],1966-01-01,1966-12-31,,,"24 cm: vii, 167 p., ill.",,,Français,"Montréal, QC",Système français,Lycées (France); collèges (France); écoles normales (France); établissements qui préparent au Baccalauréat de l'enseignement secondaire (France); élèves des classes supérieures des lycées (France); étudiants des facultés (France),
00001352,Manuel des études littéraires françaises : XXe siècle,"CASTEX, P.-G.|SURER, P.",,Hachette; Éd. du renouveau pédagogique inc.,[1967?],1967-01-01,1967-12-31,,,"24 cm: viii, 199 p., ill.",,,Français,"Paris, FR|Ottawa, ON",Système français,Lycées (France); collèges (France); écoles normales (France); établissements qui préparent au Baccalauréat de l'enseignement secondaire (France); élèves des classes supérieures des lycées (France); étudiants des facultés (France),
00001353,Manuel des études littéraires françaises : Moyen Age,"CASTEX, P.-G.|SURER, P.|BECKER, G.",,Hachette,[1967?],1967-01-01,1967-12-31,,,"24 cm: vii, 87 p., ill.",,,Français,"Paris, FR",Système français,Lycées (France); collèges (France); écoles normales (France); établissements qui préparent au Baccalauréat de l'enseignement secondaire (France); élèves des classes supérieures des lycées (France); étudiants des facultés (France),
00001354,L'Apprentissage de la lecture : guide du maître,"GUINEBRETIÈRE, Marie-Antoinette|GÉRARD, Janine|RODRIGUE, Claudette",Méthode dynamique de lecture et de français,Éducation nouvelle,[1971?],1971-01-01,1971-12-31,,,"28 cm: iv, 56 p.",,Comprend une bibliogr. à la fin de l'ouvrage. -- ISBN 0-7769-4178-X,Français,"Montréal, QC",Primaire,Primaire,
00001355,"Pédagogie d'apprentissage, pédagogie de situation, pédagogie de communication : guide général","GUINEBRETIÈRE, Marie-Antoinette|BERGERON, Colette|GÉRARD, Janine|RODRIGUE, Claudette",Méthode dynamique de lecture et de français,Éducation nouvelle,[1971?],1971-01-01,1971-12-31,,,28 cm: 46 p.,,Comprend une bibliogr. à la fin de l'ouvrage. -- ISBN 0-7769-4176-3,Français,"Montréal, QC",Primaire|Intermédiaire,"6 à 12 ans, primaire",
00001356,L'Apprentissage proprement dit de la lecture : guide de travail 2,"LUSSIER, C.|PICARD, Raymonde|POULIOT, Monique",Méthode dynamique de lecture,Éd. projets inc.,1978,1978-01-01,1978-12-31,,,"28 cm: 79 p., graph. et tableaux",,Comprend un vocabulaire et une bibliogr. à la fin de l'ouvrage. -- ISBN 0-88539-152-7,Français,"Montréal, QC",Primaire,"1ère année, 2e semestre",
00001357,Un clin d'oeil de grand-maman aux hirondelles,"NORMAND-HUDON, Corinne|FLEURY, Pierre|MICHAUD, Suzanne",,Hurtubise HMH ltée.,1977,1977-01-01,1977-12-31,,,"23 cm: 77 p., ill.",,Sur la p. de t. : deuxième recueil,Français,"Montréal, QC",,,
00001358,L'Apprentissage proprement dit de la lecture : notes méthodologiques 3,"POULIOT, Germaine|POULIOT, Monique|ROBERGE, Suzelle|LUSSIER, C.|GUINEBRETIÈRE, Marie-Antoinette|GÉRARD, Janine|RODRIGUE, Claudette",Méthode dynamique de lecture,Éducation nouvelle,1971,1971-01-01,1971-12-31,,,"28 cm: 99 p., quelques ill.",,Comprend un vocabulaire et une bibliogr. à la fin de l'ouvrage. -- ISBN 0-7769-4174-7,Français,"Montréal, QC",Primaire,"1ère année, 2e semestre",
00001359,La Lecture courante : notes méthodologiques 4,"POULIOT, Germaine|POULIOT, Monique|ROBERGE, Suzelle|LUSSIER, C.|GUINEBRETIÈRE, Marie-Antoinette",Méthode dynamique de lecture et de français,Éducation nouvelle,1972,1972-01-01,1972-12-31,,Nouv. éd.,"28 cm: 239 p., quelques ill.",,Comprend un vocabulaire et une bibliogr. à la fin de l'ouvrage. -- ISBN 0-7769-4213-1,Français,"Montréal, QC",Primaire,2e année,
00001360,La Lecture et l'élaboration d'une méthode de travail : notes méthodologiques 5,"POULIOT, Germaine|POULIOT, Monique|ROBERGE, Suzelle|LUSSIER, C.|GUINEBRETIÈRE, Marie-Antoinette",Méthode dynamique de lecture et de français,Éducation nouvelle,1973,1973-01-01,1973-12-31,,Nouv. éd.,"28 cm: 254 p., quelques ill.",,Comprend un vocabulaire et une bibliogr. à la fin de l'ouvrage. -- ISBN 0-7769-4255-7,Français,"Montréal, QC",Primaire,3e année,
00001361,Le Préapprentissage de la lecture : notes méthodologiques 1,"ROBERGE, Suzelle|POULIOT, Germaine|POULIOT, Monique|RODRIGUE, Claudette",,Éd. projets inc.,1976,1976-01-01,1976-12-31,,,"28 cm: 63 p., ill.",,Comprend une bibliogr. à la fin de l'ouvrage. -- ISBN 0-88539-050-4,Français,"Montréal, QC",Primaire,"1ère année, 1er semestre",
00001362,Initiation à la composition : secondaire 1,"ROY, Gérard-Raymond",,Lidec inc.,1969,1969-01-01,1969-12-31,,,28 cm: 173 p.,ISBN 0-7762-5010-8,,Français,"Montréal, QC",Secondaire,Secondaire 1,
00001363,Grammaire française : cours supérieur et exercices,"AUBERT, A.",,Imprimerie de l'Action sociale ltée,1922,1922-01-01,1922-12-31,,,"18 cm: xii, 347 p.",,Comprend une table alphabétique à la fin de l'ouvrage,Français,Québec,Secondaire,Supérieur,
00001364,Initiation à la phonétique,"BERGERON, Richard",,Centre de psychologie et de pédagogie,[195-?],1950-01-01,1959-12-31,,Nouv. éd.,19 cm: 151 p.,,Comprend une bibliogr. au début de l'ouvrage. -- Comprend des appendices et des index à la fin de l'ouvrage,Français,"Montréal, QC",Primaire|Intermédiaire|Secondaire,Primaire; secondaire,
00001365,Parlons bien : manuel de diction,"BERNARD, J.-H.",,La Bonne chanson,[1950?],1950-01-01,1950-12-31,,,"24 cm: 102 p., ill.",,,Français,États-Unis,,,
00001366,Cahier de français : 3e année,"DE BRAY, Alain",,Brault et Bouthillier limitée,1972,1972-01-01,1972-12-31,,,28 cm: 95 p.,,Comprend un index à la fin de l'ouvrage,Français,"Montréal, QC",Primaire,3e année,
00001367,"Exercices de grammaire française : cahier C, 6e année","DE BRAY, Alain",,Centre de psychologie et de pédagogie,[1966?],1966-01-01,1966-12-31,,,25 cm: 147 p.,,Comprend un index à la fin de l'ouvrage,Français,"Montréal, QC",Primaire,6e année,
00001368,Exercices de grammaire française : cahier D,"DE BRAY, Alain",,Brault et Bouthillier limitée,1978,1978-01-01,1978-12-31,,"Nouv. éd., revue et corrigée",28 cm: 147 p.,,Comprend un index à la fin de l'ouvrage. -- ISBN 0-88537-035-X,Français,"Montréal, QC",Primaire|Intermédiaire|Secondaire,Primaire; secondaire,
00001369,"Initiation pratique au métier d'écrire : tome II, le labeur du style et la technique de l'impression","DYKMANS, Gommaire",Bien écrire et bien parler ; 2,Baude,[1961?],1961-01-01,1961-12-31,,2e éd.,20 cm: 306 p.,,Comprend un glossaire et un index à la fin de l'ouvrage,Français,"Bruxelles, BE",,,
00001370,Exercices d'analyse progressive des mots et des propositions I : 1000 phrases sur les notes fondamentales,"CLAUDE, Charles-Henri",,Centre de psychologie et de pédagogie,1965,1965-01-01,1965-12-31,,,24 cm: 72 p.,,Sur la p. de t. : ouvrage approuvé par le comité catholique du conseil de l'instruction publique de la province de Québec,Français,"Montréal, QC",Intermédiaire,7e année,
00001371,Exercices grammaticaux : cahier A,,,Arbour & Dupont limitée,1931,1931-01-01,1931-12-31,1932-02-01,,25 cm: 96 p.,,Sur la couv. : ouvrage approuvé par le Conseil de l'instruction publique de la province de Québec,Français,"Montréal, QC",Primaire,4e et 5e année,
00001372,Le Verbe,Frère Julien,,Les Procures,[19--?],1899-12-31,1999-12-31,,,24 cm: 72 p.,,,Français,"Bruxelles, BE",Primaire,Primaire,
00001373,"De la langue parlée à la langue écrite : exercices structuraux : livre 1, maître, guide pédagogique","GENOUVRIER, Emile|POULIN, Daniel",Les Structures de la langue française ; 1,Éd. française inc.,1974,1974-01-01,1974-12-31,,2e éd.,20 cm: 223 p.,,,Français,"Montréal, QC",Primaire,"7 à 9 ans, primaire",
00001374,"De la langue parlée à la langue écrite : exercices structuraux : livre 2, maître, guide pédagogique","GENOUVRIER, Emile|POULIN, Daniel",Les Structures de la langue française ; 2,Éd. française inc.,1974,1974-01-01,1974-12-31,,2e éd.,20 cm: 206 p.,,,Français,"Montréal, QC",Primaire,8 à 10 ans,
00001375,"De la langue parlée à la langue écrite : exercices structuraux : livre 3, maître, guide pédagogique","GENOUVRIER, Emile|POULIN, Daniel",Les Structures de la langue française ; 3,Éd. française inc.,1975,1975-01-01,1975-12-31,,,20 cm: 174 p.,,,Français,"Montréal, QC",Primaire|Intermédiaire,9 à 11 ans,
00001376,Difficultés et Finesse de notre langue,"GEORGIN, René",,Éd. André Bonne,[1952?],1952-01-01,1952-12-31,,"Nouv. éd., revue et augmentée",22 cm: 336 p.,,Comprend un index à la fin de l'ouvrage,Français,"Paris, FR",,,
00001377,Petit Traité de versification française,"GRAMMONT, Maurice",,Librairie Armand Colin,1937,1937-01-01,1937-12-31,,9e éd. revue,18 cm: 162 p.,,Comprend une bibliogr. et un index à la fin de l'ouvrage,Français,"Paris, FR",,,
00001378,Les Verbes en un clin d'oeil : pour l'école active,"LAURENCE, J. M.",,Centre de psychologie et de pédagogie,1946,1946-01-01,1946-12-31,,,23 cm: 25 p.,,,Français,"Montréal, QC",Primaire|Intermédiaire|Secondaire,Complémentaire; primaire supérieur; secondaire,
00001379,Cours de langue française : cours moyen,"PRÉVOST, A.|LAURENT, J.",,Librairie Bloud et Gay,1935,1935-01-01,1935-12-31,,,"19 cm: 309 p., quelques ill.",,,Français,"Paris, FR",Système français,Cours moyen; 6e à 8e année; secondaire,
00001380,Corbeille de mots : méthode active de vocabulaire et langage,"SEGELLE, J.|POIRIÉ, Hélène",,Librairie Armand Colin; Éd. Bourrelier,1965,1965-01-01,1965-12-31,,10e éd.,"23 cm: 95 p., ill. en coul.",,Comprend un lexique à la fin de l'ouvrage,Français,"Paris, FR",Système français,Primaire; cours moyen; 8e et 9e année des lycées; collèges,
00001381,La Rédaction par l'image,"ACHARD, Eugène",,Librairie générale canadienne,1943,1943-01-01,1943-12-31,,,"23 cm: 172 p., ill.",,,Français,"Montréal, QC",,,
00001382,Mots d'épellation et exercices de langage,"BÉDARD, Joseph|DUSSAULT, H.",,Imp. Provost,[19--?],1899-12-31,1999-12-31,,,22 cm: env. 16 p.,,,Français,"Hull, QC",Intermédiaire|Secondaire,8e et 9e année,
00001383,"Le Français vivant : lectures choisis pour le cours moyen 2e année, classe de 7e et les classes de transition","BOYER, P.|DURAND, P.|PECNARD, J.",,Librairie Larousse,[1964?],1964-01-01,1964-12-31,,,"22 cm: 351 p., ill. en coul.",,"Sur la p. de t. : lecture expressive, vocabulaire, élocution dirigée, expression personnelle",Français,"Paris, FR",Système français,2e année; Cours moyen; 7e année; classes de transition,
00001384,Exercices français : cours moyen,"CALVET, J.|CHOMPRET, C.",,J. de Gigord,1930,1930-01-01,1930-12-31,,10e éd.,"18 cm: vi, 364 p., ill.",,"Sur la couv. : exercices grammaticaux, morceaux choisis, lectures expliquée, rédaction, composition d'après l'image",Français,"Paris, FR",Système français,Cours moyen,
00001385,Le Style et ses techniques : précis d'analyse stylistique,"CRESSOT, Marcel",,Presses universitaires de France,1959,1959-01-01,1959-12-31,,4e éd.,"19 cm: viii, 253 p.",,Comprend des bibliogr. à la fin des chapitres. -- Comprend une bibliogr. et un appendice à la fin de l'ouvrage,Français,"Paris, FR",,,
00001386,Le Français vivant : lectures choisies : 3e livre,"DURAND, P.|LAPIERRE, A.|ANNARUMMA, F.|LAFERRIÈRE, Jean-Pierre|CORBEIL, Jean-Claude|PECNARD, J.",Français vivant ; 3,Éd. française inc.; Librairie Larousse Canada ltée.,[1970?],1970-01-01,1970-12-31,,,"24 cm: 259 p., ill. (certaines en coul.)",,,Français,"Montréal, QC",,,
00001387,10 en orthographe : méthode simple et progressive,"DURU, G.|DURU, M.|RAFFRAY, Maurice",,Librairie Hachette,[1964?],1964-01-01,1964-12-31,,,"24 cm: 127 p., ill. en coul.",,,Français,"Paris, FR",Primaire,2e année,
00001388,Recueil d'historiettes,Les élèves de l'École normale de l'Université d'Ottawa,,École normale de l'Université d'Ottawa,1933-1934,1933-01-01,1934-12-31,,,21 cm: 42 p.,,,Français,"Ottawa, ON",Primaire,1er et 2e cours,
00001389,Jouons ensemble : mon deuxième livre de lecture,"FOREST, Marguerite|OUIMET, Madeleine|FAUCHER, Jean-Charles",,Granger frères limitée,1972,1972-01-01,1972-12-31,,Éd. rénovée,"25 cm: 128 p., ill. en coul.",,Sur la couv. : je lis et j'écris,Français,"Montréal, QC",Primaire,2e année,
00001390,Mon troisième livre de lecture,"FOREST, Marguerite|OUIMET, Madeleine|FAUCHER, Jean-Charles",,Librairie Granger frères ltée.,1961,1961-01-01,1961-12-31,1963-05-12,,"25 cm: 144 p., ill. en coul.",,,Français,"Montréal, QC",,,
00001391,Le Français par la lecture : 1ère année,,,Congrégation de Notre-Dame,[19--?],1899-12-31,1999-12-31,,,"21 cm: 95 p., ill. en coul.",,,Français,"Montréal, QC",Primaire,1ère année,
00001392,Vous avez la parole : trente leçons de diction et choix de textes,"FRANCIS, Claude|SINVAL, Sibylle",,Éd. du Pélican,1961,1961-01-01,1961-12-31,,,21 cm: 190 p.,,Sur la couv. : pour l'acquisition d'une diction bien adaptée à l'usage canadien d'un français universel et moderne,Français,Québec,,,
00001393,"Lecture progressive selon la méthode naturelle : volume I, 2me partie",Frères de la charité,,Frères de la charité,1934,1934-01-01,1934-12-31,,,"21 cm: 108 p., ill.",,,Français,"Montréal, QC",,,
00001394,Leçons de langue française : cours moyen : livre du maître,Frères des écoles chrétiennes,,Frères des écoles chrétiennes,[1886?],1886-01-01,1886-12-31,,,"18 cm: xii, 458 p.",,,Français,"Montréal, QC",Système français,Cours moyen,
00001395,Mes premières leçons de rédaction,Frères du Sacré-Coeur,,Frères du Sacré-Coeur,1915,1915-01-01,1915-12-31,,,"19 cm: 134 p., ill.",,,Français,Canada,Primaire,Primaire,
00001396,Sans cailloux,"GAGNON, Berthe|SÉNÉCAL, Irène|LABARRE, J.-P.|VINAY, J.-P.",,s.n.,1946,1946-01-01,1946-12-31,1946-09-25,,"23 cm: xliv, 448 p., ill.",,"Sur la couv. : procédés en phonétique, correction du langage, technique de l'éloquence, culture de la personnalité. -- Comprend une bibliogr. à la fin de l'ouvrage",Français,"Montréal, QC",,,
00001397,"Guide du professeur pour l'enseignement du français par la lecture : 1ère, 2e, 3e année",,,Congrégation de Notre-Dame,[19--?],1899-12-31,1999-12-31,,,21 cm: 91 p.,,,Français,"Montréal, QC",Primaire,1ère à 3e année,
00001398,Rex et Mistigri : lectures suivies pour les enfants dès l'âge de huit ou neuf ans,"GUILLOT, R.|LEMIEUX, J.|BIANCHERI, Armand|POIRIÉ, Hélène",,Éd. française inc. : Librairie Larousse Canada ltée,[1971?],1971-01-01,1971-12-31,,,"21 cm: 168 p., ill. (certaines en coul.)",,,Français,"Montréal, QC",Primaire,4e à 6e année,
00001399,Tipiti le rouge-gorge  : lectures suivies pour des élèves de huit à dix ans,"LEMIEUX, J.|BIANCHERI, Armand|POIRIÉ, Hélène",,Éd. française inc. : Librairie Larousse,[1963?],1963-01-01,1963-12-31,,,"21 cm: 176 p., ill. en coul.",,,Français,"Montréal, QC",Primaire,3e à 5e année,
00001400,La Phonétique française au conservatoire Lasalle,"LANDREAU, Georges",,Bibliothèque de l'Action française,1926,1926-01-01,1926-12-31,,,21 cm: 286 p.,,,Français,"Montréal, QC",,,
00001401,"Le Français vivant : lectures choisies : cours élémentaire 2e année, classe de 9e","LAPIERRE, A.|DURAND, P.|MAILLEFERT, G.|PÉRON, René",Le Français vivant,Librairie Larousse,[1966?],1966-01-01,1966-12-31,,,"22 cm: 207 p., ill. en coul.",,,Français,"Paris, FR",Système français,"2e année, classe de 9e, primaire",
00001402,Leçons de langue française : cours supérieur : livre de l'élève,Frères des écoles chrétiennes,,Frères des écoles chrétiennes,1916,1916-01-01,1916-12-31,1911-05-10,Éd. revue et corrigée,19 cm: 399 p.,,,Français,"Montréal, QC",Secondaire,Supérieur,
00001403,Comment employer les modes et les temps des verbes en français,"MARTIN-DAYDÉ, G.",,Fernand Nathan,1935,1935-01-01,1935-12-31,,,19 cm: 208 p.,,,Français,"Paris, FR",,,
00001404,"Le Français élémentaire : méthode progressive de français usuel : débutants, 1er livret","MAUGER, G.|GOUGENHEIM, G.|IOANNOU, A.|ÉTAIX, Pierre",,Librairie Hachette,1964,1964-01-01,1964-12-31,,,"23 cm: viii, 122 p., ill.",,Sur la p. de t. : ouvrage conforme aux conclusions de la Commission ministérielle du français fondamental. -- Comprend un index à la fin de l'ouvrage,Français,"Paris, FR",Primaire,Primaire,
00001405,Nicolas et Nicolette au bois charmant : roman scolaire pour le cours élémentaire 1ère année,"PÉROCHON, Ernest|BAILLY, L.",,Delagrave,[1938?],1938-01-01,1938-12-31,,,"22 cm: 127 p., ill. en coul.",,lectures suivies,Français,Suisse,Primaire,1ère année,
00001406,[Recueil d'exercices supplémentaires d'orthographe],"SAINT-DENIS, Roger",,Imprimerie Le Droit,1934,1934-01-01,1934-12-31,,,19 cm: 177 p.,,,Français,"Ottawa, ON",,,
00001407,"Manipulations de grammaire nouvelle : 3e, 4e","BAGUETTE, A.|FRANKARD, R.",,Scodel,[1976?],1976-01-01,1976-12-31,,Éd. revue,"19 cm: 288 p., ill.",,Sur la couv. : exercices. -- Comprend un index à la fin de l'ouvrage,Français,"Paris, FR",Primaire,3e et 4e année,
00001408,"Manipulations de grammaire nouvelle : 5e, 6e","BAGUETTE, A.|FRANKARD, R.",,Scodel,[1976?],1976-01-01,1976-12-31,,Éd. revue,"19 cm: 189 p., ill.",,Sur la couv. : exercices,Français,"Paris, FR",Primaire,5e et 6e année,
00001409,Histoires aux quatres vents : cahier de travail : CP CE1,"BUISSON, Jacqueline|MALCOME, Marie","Notre langage, Joseph LEIF",Armand Colin/Bourrelier,[1979?],1979-01-01,1979-12-31,,,"25 cm: 31 p., ill.",,,Français,"Paris, FR",Primaire,1ère année,
00001410,Histoires aux quatres vents : premières lectures : CP CE1,"BUISSON, Jacqueline|MALCOME, Marie|SIMON, Romain","Notre langage, Joseph LEIF",Armand Colin/Bourrelier,[1979?],1979-01-01,1979-12-31,,,"25 cm: 63 p., ill. en coul.",,,Français,"Paris, FR",Primaire,1ère année,
00001411,Joies de lire : livre de lecture destiné aux élèves de 4ème année,"BUSSIÈRES, Simone|POIRIÉ, Hélène",,Hachette - Canada ltée,[1961?],1961-01-01,1961-12-31,1961-02-22,,"24 cm: 167 p., ill. en coul.",,Comprend un lexique à la fin de l'ouvrage,Français,"Montréal, QC",Primaire,4e année,
00001412,Joies de lire : livre de lecture destiné aux élèves de 5ème année,"BUSSIÈRES, Simone|Fontaine",,Hachette - Canada ltée,[1961?],1961-01-01,1961-12-31,1961-02-22,,"24 cm: 187 p., ill. en coul.",,Comprend un lexique à la fin de l'ouvrage,Français,"Montréal, QC",Primaire,5e année,
00001413,Joies de lire : livre de lecture destiné aux élèves de 6ème année,"BUSSIÈRES, Simone|Grimaud",,Hachette - Canada ltée,[1961?],1961-01-01,1961-12-31,1961-02-22,,"24 cm: 168 p., ill. en coul.",,Comprend un lexique à la fin de l'ouvrage,Français,"Montréal, QC",Primaire,6e année,
00001414,Joies de lire : livre de lecture destiné aux élèves de 7ème année,"BUSSIÈRES, Simone|Conjat",,Hachette - Canada ltée,[1961?],1961-01-01,1961-12-31,1961-02-22,,"24 cm: 185 p., ill. en coul.",,Comprend un lexique à la fin de l'ouvrage,Français,"Montréal, QC",Intermédiaire,7e année,
00001415,Les Jardiniers du hibou,"CORRIVEAU, Monique",Karim ; 1,Éd. jeunesse,1972,1972-01-01,1972-12-31,,,"18 cm: 138 p., ill. en coul.",ISBN 0-7772-4069-6,,Français,"Montréal, QC",Primaire|Intermédiaire,10 à 13 ans,
00001416,"Nous allons à l'école : mon premier cahier d'exercices : 1re année, 1re partie","FOREST|OUIMET|CHABOT, Cécile",,Centre de psychologie et de pédagogie,1967,1967-01-01,1967-12-31,,Éd. révisée,"24 cm: 63 p., ill. en coul.",,,Français,"Montréal, QC",Primaire,1ère année,
00001417,"Je veux lire : premier livret, méthode à départ global","GARIOUD, A.|COQUILLE, R.",,Librairie Hachette,[1966?],1966-01-01,1966-12-31,,,"21 x 22 cm: 80 p., ill. en coul.",,,Français,"Paris, FR",,,
00001418,Je veux lire : deuxième livret,"GARIOUD, A.|COQUILLE, R.",,Librairie Hachette,[1966?],1966-01-01,1966-12-31,,,"21 x 22 cm: 79 p., ill. en coul.",,Sur la couv. : méthode de lecture,Français,"Paris, FR",,,
00001419,"Je veux lire : premier livret, méthode synthétique","GARIOUD, A.|COQUILLE, R.",,Librairie Hachette,[1966?],1966-01-01,1966-12-31,,,"21 x 22 cm: 63 p., ill. en coul.",,,Français,"Paris, FR",,,
00001420,Daniel et Valérie : méthode mixte de lecture : premier livret,"HOUBLAIN, L.|VINCENT, R.|MOREL, Nina",,Fernand Nathan,[1964?],1964-01-01,1964-12-31,,,"22 cm + 1 carton: 63 p., ill. en coul.",,,Français,"Paris, FR",Système français,Maternelle et cours préparatoire (France),
00001421,L'Orthographe dans l'vent : défi aux jeunes,"LEBLANC-LAGROIX, Louise|BOUDREAULT, Berthe",,Tangerine Graphics Limited,[1970?],1970-01-01,1970-12-31,,,"27 cm: 64 p., ill.",,Sur la p. de t. : la parution de ce manuel est rendue possible grâce à une subvention de l'Association des enseignants franco-ontariens (AEFO),Français,"Ottawa, ON",Primaire,2e et 3e année,
00001422,"SP-SE : français, 2e cycle de l'élémentaire A : livre de l'élève","MARCOUX, Roch",,Librairie Beauchemin limitée,1972,1972-01-01,1972-12-31,,,"28 cm: 102 p., ill.",,Sur la couv. : carrefours. -- ISBN 0-7750-0025-6,Français,"Ottawa, ON",Système français,"2e cycle, primaire",
00001423,Exercices pratiques d'orthographe 1 : 30 règles fondamentales,"MICHEL, Jacques",,Magnard,1974,1974-01-01,1974-12-31,,,27 cm: 31 p.,,,Français,"Paris, FR",Système français,"1ère et 2e année, cours moyen (France)",
00001424,Exercices pratiques d'orthographe 2 : 35 règles fondamentales,"MICHEL, Jacques",,Magnard,1974,1974-01-01,1974-12-31,,,27 cm: 31 p.,,,Français,"Paris, FR",Système français,"1ère et 2e année, cours moyen (France)",
00001425,Travaux pratiques d'orthographe 3 : entraînement à la dictée,"MICHEL, Jacques",,Magnard,1974,1974-01-01,1974-12-31,,,"27 cm: 31 p., ill.",,,Français,"Paris, FR",Système français,"2e année, cours moyen, classes de transition (France); 6e des lycées CES-CEG (France)",
00001426,"J'étudie en français : la phrase, le groupe, le mot : troisième année","PHILIPPART, J.|DROLET, G.|LABELLE, G.|GREVISSE, Maurice",Grevisse,Éd. J. Duculot; Centre de psychologie et de pédagogie,[1967?],1967-01-01,1967-12-31,,,"23 cm: 169 p., ill. en coul.",,,Français,"Gembloux, BE|Montréal, QC",Primaire,3e année,
00001427,"J'étudie en français : la phrase, le groupe, le mot : quatrième année primaire","PHILIPPART, J.|DROLET, G.|LABELLE, G.|GREVISSE, Maurice",Grevisse,Éd. J. Duculot; Centre de psychologie et de pédagogie,[1967?],1967-01-01,1967-12-31,,,"23 cm: 170 p., ill. en coul.",,,Français,"Gembloux, BE|Montréal, QC",Primaire,4e année,
00001428,Le Camp d'entraînement,"RENNIE, Andrew James|KIPP, Berchmans|KLETKE, Donald A.",Hockey,Maclean-Hunter Learning Materials Company,[1978?],1978-01-01,1978-12-31,,,"21 cm: 83 p., ill. en coul.",,Trad. de : Training Camp. -- ISBN 0-7707-0029-2 br.,Français,"Toronto, ON",,,
00001429,Le Cauchemar,"RENNIE, Andrew James|KIPP, Berchmans|KLETKE, Donald A.",Hockey,Maclean-Hunter Learning Materials Company,[1978?],1978-01-01,1978-12-31,,,"21 cm: 85 p., ill. en coul.",,Trad. de : Rookie Under Fire. -- ISBN 0-7707-0030-6 br.,Français,"Toronto, ON",,,
00001430,Un joueur ambitieux,"RENNIE, Andrew James|KIPP, Berchmans|KLETKE, Donald A.",Hockey,Maclean-Hunter Learning Materials Company,[1977?],1977-01-01,1977-12-31,,,"21 cm: 87 p., ill. en coul.",,Trad. de : Puck Hog. -- ISBN 0-7707-0019-5 br.,Français,"Toronto, ON",,,
00001431,Les Monologues du petit-monde,"AUDET, Jean-Louis|CABANA, Marie-Laure",,Librairie Beauchemin limitée,1954,1954-01-01,1954-12-31,,,"20 cm: 250 p., ill.",,"Sur la p. de t. : avec commentaires, quelques éléments de phonétique et le cours des moyens",Français,"Montréal, QC",Système français,Cours des petits et des moyens,
00001432,Deuxième de grammaire : livre du maître,"AUGÉ, Claude|DESROSIERS, Adélard",,Librairie Beauchemin limitée,1924,1924-01-01,1924-12-31,,,"18 cm: 407 p., ill.",,,Français,"Montréal, QC",,,
00001433,Guide de bon usage grammatical et orthographique,"BEAUREGARD, Jacques|TRUCOTTE, Léandre",Balises,Librairie Beauchemin limitée,1972,1972-01-01,1972-12-31,,,"14 x 21 cm: env. 200 p., quelques ill.",ISBN 0-7750-0347-6,,Français,"Ottawa, ON",Secondaire,Secondaire 2,
00001434,Exercices français : cours supérieur,"CALVET, J.|CHOMPRET, C.",,J. de Gigord,1925,1925-01-01,1925-12-31,,5e éd.,"18 cm: vii, 371 p., ill.",,"Sur la couv. : exercices sur la grammaire historique, exercices grammaticaux, morceaux choisis, lecture expliquée, rédaction, composition d'après l'image",Français,"Paris, FR",Système français,Supérieur (France),
00001435,Exercices français : cours supérieur,"CALVET, J.|CHOMPRET, C.",,J. de Gigord,1928,1928-01-01,1928-12-31,,6e éd.,"18 cm: vii, 371 p., ill.",,"Sur la couv. : exercices sur la grammaire historique, exercices grammaticaux, morceaux choisis, lecture expliquée, rédaction, composition d'après l'image",Français,"Paris, FR",Système français,Supérieur (France),
00001436,Exercices français : cours élémentaire,"CALVET, J.|CHOMPRET, C.",,J. de Gigord,1927,1927-01-01,1927-12-31,,10e éd.,"18 cm: vi, 267 p., ill.",,"Sur la couv. : exercices grammaticaux, morceaux choisis, lecture expliquée, rédaction",Français,"Paris, FR",Primaire,Primaire,
00001437,"Nous lisons dans la joie : cours élémentaire, classes de dixième et neuvième","CAUMONT, J.|GESLIN, L.|PION, Jacques",,J. de Gigord,1927,1927-01-01,1927-12-31,,2e éd.,"23 cm: 121 p., ill. (certaines en coul.)",,Sur la couv. : nouveau cours de lecture courante,Français,"Paris, FR",Système français,9e et 10e année; primaire (France),
00001438,Dictées graduées et analyses : 1er manuel,Frères du Sacré-Coeur,,Frères du Sacré-Coeur,1931,1931-01-01,1931-12-31,1932,,"18 cm: 50 p., ill.",,,Français,"Montréal, QC",Système français,1ère et 2e année et cours préparatoire,
00001439,Mes premières leçons de rédaction : partie du maître,Frères du Sacré-Coeur,,Frères du Sacré-Coeur,1925,1925-01-01,1925-12-31,,,"19 cm: 240 p., quelques ill.",,,Français,"Montréal, QC",,,
00001440,Mes premières leçons de rédaction : livre du maître,Frères du Sacré-Coeur,,Frères du Sacré-Coeur,1937,1937-01-01,1937-12-31,,,"19 cm: 240 p., quelques ill.",,,Français,"Montréal, QC",,,
00001441,Centres d'intérêt sur les fables de La Fontaine,"Frère Suarez|SARRAZIN, Robert",,Frères du Sacré-Coeur,1951,1951-01-01,1951-12-31,,"2e éd., revue et corrigée","23 cm: 80 p., quelques ill.",,,Français,"Montréal, QC",Intermédiaire,7e année,
00001442,Centres d'intérêt sur les fables du bonhomme,Frère Suarez,,Frères du Sacré-Coeur,1949,1949-01-01,1949-12-31,,,"23 cm: 79 p., quelques ill.",,Sur la p. de t. : difficulté moyenne,Français,"Montréal, QC",Intermédiaire,7e et 8e année,
00001443,Mon orthographe : premier livre,"GASCON, Adélard",,Ginn and Company,[19--?],1899-12-31,1999-12-31,,,"20 cm: 112 p., ill.",,,Français,"Toronto, ON",,,
00001444,Mon orthographe : deuxième livre,"GASCON, Adélard",,Ginn and Company,[1963?],1963-01-01,1963-12-31,,Nouv. éd.,"20 cm: iv, 161 p., ill.",,,Français,"Toronto, ON",,,
00001445,Mon orthographe : troisième livre,"GASCON, Adélard|CARRIÈRE, Laurier",,Ginn and Company,[19--?],1899-12-31,1999-12-31,,,"21 cm: iv, 202 p., ill.",,Comprend un appendice à la fin de l'ouvrage,Français,"Toronto, ON",,,
00001446,Grammaire du français vivant : cours moyen 2 et classe de 7e,"LAFITE-HOUSSAT, J.|ANNARUMMA, F.|DURAND, P.",,Librairie Larousse,[1965?],1965-01-01,1965-12-31,,,"23 cm: 143 p., ill. en coul.",,,Français,"Paris, FR",Système français,2e cours moyen (France); 7e année (France),
00001447,"Nouvelle Méthode de langue française : premier livre, maître","MAGNAN, C.-J.|TREMBLAY, N.",,La cie J. A. Langlais & fils,1910,1910-01-01,1910-12-31,,,"19 cm: xxii, 124 p., ill.",,Sur la p. de t. : d'après la méthode Brunot et Bony,Français,Québec,Primaire,1ère année,
00001448,Littérature française au dix-neuvième siècle : avec portraits d'auteurs et nombreux extraits de leurs oeuvres,"DE NANTES, J. M.|DE NANTES, J. A.",,J. de Gigord,1921,1921-01-01,1921-12-31,,6e éd.,"18 cm: 578 p., quelques ill.",,Sur la p. de t. : Histoire des littératures anciennes et modernes,Français,"Paris, FR",,,
00001449,Notre légende dorée,Un frère mariste,,Bibliothèque de l'Action française,1924,1924-01-01,1924-12-31,,,19 cm: 128 p.,,"Sur la couv. : Tempérance, extraits biographiques, 2ième série",Français,"Montréal, QC",,,
00001450,Sujets et modèles de composition française : à l'usage des classes supérieures des établissements d'enseignement secondaire classique et spécial et des candidats au baccalauréat ès lettre,"PELLISSIER, A.",,Librairie Hachette,1888,1888-01-01,1888-12-31,,3e éd.,"18 cm: iii, 328 p.",,,Français,"Paris, FR",Système français,Classes supérieures des établissements d'enseignement secondaire classique et spécial et des candidats au baccalauréat ès lettre,
00001451,Manuel de phonétique et de diction françaises,"PEYROLLAZ, Marguerite|BARA DE TOVAR, M.-L.",,Larousse,[1954?],1954-01-01,1954-12-31,,,"19 cm: 349 p., quelques ill.",,Comprend une annexe et un index à la fin de l'ouvrage,Français,"Paris, FR",,,
00001452,"La Rédaction française : 5e, 6e, 7e et 8e année",,,Frères du Sacré-Coeur,1918,1918-01-01,1918-12-31,,,"19 cm: 206 p., ill.",,"Sur la couv. : école primaire élémentaire, cours supérieur. -- Sur la p. de t. : préceptes, modèles, exercices oraux et écrits",Français,"Montréal, QC",Primaire|Intermédiaire,5e à 8e année,
00001453,50 fables de La Fontaine,"RICARD, François|BONAMY, M.",,J. de Gigord,[19--?],1899-12-31,1999-12-31,,Éd. canadienne et annotée,"18 cm: viii, 192 p., ill.",,"Sur la p. de t. : édition accompagnée de notes, d'un commentaire des mots et des idées, d'un questionnaire et d'une nomenclature des divers animaux en scène",Français,"Paris, FR",,,
00001454,Exercices français : mis en rapport avec la grammaire française complète : livre de l'élève,"ROBERT, E.",,Les Clercs de Saint-Viateur,1923,1923-01-01,1923-12-31,1923-09-26,,17 cm: 282 p.,,,Français,"Montréal, QC",,,
00001455,Premier Cours de français,"ROUX, Louis A.|PECK, A. Gladys",,Macmillan and Co. Ltd.,1936,1936-01-01,1936-12-31,,,"20 cm: xiv, 431 p., quelques ill.",,Comprend un vocabulaire et un index à la fin de l'ouvrage,Anglais|Français,"New York, NY",Universitaire et Collégial,Colleges; High School - Junior,
00001456,"La Grammaire et le Français : leçons et exercices : enseignement secondaire, premier livre","SOUCHÉ, A.|LAMAISON, J.",,Librairie Beauchemin limitée,1954,1954-01-01,1954-12-31,,3e éd.,20 cm: 313 p.,,Comprend un appendice à la fin de l'ouvrage,Français,"Montréal, QC",Secondaire,Secondaire,
00001457,A la découverte du français : guide et corrigé : C.M.1,,Najac,O.C.D.L.,[1974?],1974-01-01,1974-12-31,,,30 cm: 32 p.,,Sur la couv. : linguistique et maîtrise de la langue. -- ISBN 2-7043-3319-X-2,Français,"Paris, FR",Système français,Cours moyen,
00001458,Entraînement à l'autocorrection en français écrit : observation des erreurs et analyse de leurs causes,"BEAULIEU, Georges|BOURGEAU, Jean-Paul|PACQUIN, Michel",Les Techniques pour la consolidation des acquis en français,Éd. l'Écritoire,[1978?],1978-01-01,1978-12-31,,,"28 cm: 46 p., tableaux",,,Français,,,,
00001459,"Savoir lire : compréhension : pré-lecture, post-lecture","BÉLANGER, Jean-D.|LAFRAMBOISE, Yvon|LANGEVIN, Claude",,Sélection du Reader's digest Canada ltée,[1978?],1978-01-01,1978-12-31,,,27 cm: 64 p.,ISBN 0-88950-402-0. -- ISBN pour la série : 0-88850-424-1,,Français,"Montréal, QC",,,
00001460,La Lecture efficace au secondaire : exercices d'entraînement 1,"BERTHIAUME, Roger",,Le Sablier inc.,1972,1972-01-01,1972-12-31,,,28 cm: 160 p.,ISBN 0-919428,,Français,"Boucherville, QC",Secondaire,Secondaire,
00001461,"La Lecture efficace au secondaire : guide d'utilisation et corrigé à l'intention des professeurs, série 1","BERTHIAUME, Roger",La Lecture efficace au secondaire ; 1,Le Sablier inc.,1973,1973-01-01,1973-12-31,,,28 cm: 33 p.,ISBN 0-919428,,Français,"Boucherville, QC",Secondaire,Secondaire,
00001462,La Lecture efficace au secondaire : théorie et textes,"BERTHIAUME, Roger",,Le Sablier inc.,1972,1972-01-01,1972-12-31,,,28 cm: 112 p.,,Sur la couv. : 1. -- ISBN 0-919428,Français,"Boucherville, QC",Secondaire,Secondaire,
00001463,"Le Français parlé au cours secondaire : phonétique, lecture, vocabulaire","BOULET, Gilles|GENDRON, Jean-Denis|GAGNÉ, Lucien",,Les Presses de l'Université Laval,1963,1963-01-01,1963-12-31,,,"22 cm: P. 295-614, quelques ill.",,"Sur la couv. leçons 46 à 60.-- Sur la p. de t. : synthaxe, 9e année",Français,"Laval, QC",Secondaire,9e année,
00001464,Le Vocabulaire français des écoliers franco-ontariens :,"CARRIÈRE, Laurier","Bulletin de l'Institut pédagogique Saint-Georges, Université de Montréal ; 11",Institut pédagogique Saint-Georges,1952,1952-01-01,1952-12-31,,,22 cm: 110 p.,,Comprend un vocabulaire à la fin de l'ouvrage,Français,"Montréal, QC",,,
00001465,"J'enrichis mes découvertes : exercices personnels de travail : 3e année, no 2","GUINEBRETIÈRE, Marie-Antoinette",Méthode dynamique de français ; 2,Éducation nouvelle,[1968?],1968-01-01,1968-12-31,,,28 cm: 144 p.,,,Français,"Montréal, QC",Primaire,3e année,
00001466,"Anthologie, nouveau style, cours structuré","HOWLETT, Frederick G.|BYRNES JR., Frank",,McGraw-Hill Company of Canada Ltd.,[1970?],1970-01-01,1970-12-31,,,"24 cm: vi, 186 p., ill.",,Comprend un vocabulaire à la fin de l'ouvrage. -- ISBN 0-07-092786-3,Français,"Toronto, ON|Montréal, QC",Secondaire,Secondaire,
00001467,Guide de travail 1 : mise en marche du processus de l'apprentissage de la lecture,"LUSSIER, C.|PICARD, Raymonde|POULIOT, Monique",Méthode dynamique de lecture,Éd. projets inc.,[1977?],1977-01-01,1977-12-31,,,"28 cm: 54 p., tableaux",,Comprend un vocabulaire et une bibliogr. à la fin de l'ouvrage. -- ISBN 0-88539-150-0,Français,"Montréal, QC",Primaire,"1ère année, 1er semestre",
00001468,"Lecture et Langue française : lecture, vocabulaire, grammaire et orthographe, composition française","LYONNET, A.|BESSEIGE, Pierre",,Librairie Istra,1956,1956-01-01,1956-12-31,,,"24 cm: 288 p., ill.",,Sur la p. de t. : livre pratique à l'usage des élèves des classes de fin d'études,Français,"Paris, FR",Système français,Fin d'étude (France),
00001469,"Lecture et Langue française : récitation, vocabulaire, grammaire et orthographe, composition française : cours moyen","LYONNET, A.|BESSEIGE, Pierre",,Librairie Istra,1960,1960-01-01,1960-12-31,,,"24 cm: 224 p., ill.",,,Français,"Paris, FR",Système français,Cours moyen,
00001470,Manuel de français commercial à l'usage des étrangers,"MAUGER, Gaston|CHARON, Jacqueline",,Librairie Larousse,[1958?],1958-01-01,1958-12-31,,,19 cm: 311 p.,,Comprend un index et un supplément bibliogr. à la fin de l'ouvrage,Français,"Paris, FR",,,
00001471,Échos du Québec : Teacher's Guide,"MCCONNELL, G. R.",,Éd. Aquila ltée,[1980?],1980-01-01,1980-12-31,,,"28 cm: 47 p., ill. et cartes",ISBN 0-88510-071-9,,Anglais|Français,"Montréal, QC",,,
00001472,"Ma langue française : élève, fiches individuelles","RICHER, Ernest|L. R. Studio",,Éducation nouvelle,[1971?],1971-01-01,1971-12-31,,,"30 cm: 95 fiches, quelques ill. en coul.",,Ouvrage présenté dans une pochette,Français,"Montréal, QC",,,
00001473,J'ai du plaisir à lire : pour tous les niveaux,"ROBERT-COURNOYER, Yvette|BERNIER, Claude",,Guérin,[19--?],1899-12-31,1999-12-31,,,"29 cm: 64 p., ill. en coul.",,,Français,"Montréal, QC",,,
00001474,J'ai du plaisir à lire : pour tous les niveaux,"ROBERT-COURNOYER, Yvette|BERNIER, Claude",,Guérin,[19--?],1899-12-31,1999-12-31,,,"29 cm: 80 p., ill. en coul.",,,Français,"Montréal, QC",,,
00001475,J'ai du plaisir à lire : pour tous les niveaux,"ROBERT-COURNOYER, Yvette|BERNIER, Claude",,Guérin,[19--?],1899-12-31,1999-12-31,,,"29 cm: 128 p., ill. en coul.",,,Français,"Montréal, QC",,,
00001476,J'ai du plaisir à lire : pour tous les niveaux,"ROBERT-COURNOYER, Yvette|BERNIER, Claude",,Guérin,[19--?],1899-12-31,1999-12-31,,,"29 cm: 64 p., ill. en coul.",,,Français,"Montréal, QC",,,
00001477,J'ai du plaisir à lire : pour tous les niveaux,"ROBERT-COURNOYER, Yvette|BERNIER, Claude",,Guérin,[19--?],1899-12-31,1999-12-31,,,"29 cm: 80 p., ill. en coul.",,,Français,"Montréal, QC",,,
00001478,J'ai du plaisir à lire : pour tous les niveaux,"ROBERT-COURNOYER, Yvette|BERNIER, Claude",,Guérin,[19--?],1899-12-31,1999-12-31,,,"29 cm: 80 p., ill. en coul.",,,Français,"Montréal, QC",,,
00001479,J'ai du plaisir à lire : pour tous les niveaux,"ROBERT-COURNOYER, Yvette|BERNIER, Claude",,Guérin,[19--?],1899-12-31,1999-12-31,,,"29 cm: 80 p., ill. en coul.",,,Français,"Montréal, QC",,,
00001480,J'ai du plaisir à lire : pour tous les niveaux,"ROBERT-COURNOYER, Yvette|BERNIER, Claude",,Guérin,[19--?],1899-12-31,1999-12-31,,,"29 cm: 80 p., ill. en coul.",,,Français,"Montréal, QC",,,
00001481,Short Stories and Essays,"ALEXANDER, W. J.",,The Ryerson Press,[1928?],1928-01-01,1928-12-31,,,"20 cm: xii, 435 p.",,Sur la p. de t. : authorized by the Minister of Education of Ontario for use in the secondary schools of the province. -- Comprend des notes à la fin de l'ouvrage,Anglais,"Toronto, ON",Secondaire,Secondaire,
00001482,Composition and Grammar: for Public Schools,,,Canadian Watchman Press,1937,1937-01-01,1937-12-31,,,20 cm: 282 p.,,Comprend des appendices et un index à la fin de l'ouvrage,Anglais,"Oshawa, ON",,,
00001483,Junior Home Economics,"DEAN, Ruth|MIDDLETON, Elspeth",,The Ryerson Press,[1932?],1932-01-01,1932-12-31,,,"20 cm: viii, 206 p., ill.",,Comprend une bibliogr. et un index à la fin de l'ouvrage,Anglais,"Toronto, ON",Secondaire,Secondaire,
00001484,Living English,"DITLZ, B. C.|CAVELL, H. E.",,"Clarke, Irwin & Company Ltd.",1939,1939-01-01,1939-12-31,,,"19 cm: viii, 485 p.",,Comprend des appendices et un index à la fin de l'ouvrage,Anglais,"Toronto, ON",,,
00001485,Understanding Why,"DOWLING, Thomas I.|HALLMAN, Maynard|FUSEE, Ruth",Understanding Science,The John C. Winston Co. Limited,[1952?],1952-01-01,1952-12-31,,Canadienne,"21 cm: 380 p., ill. (certaines en coul.)",,Comprend un index à la fin de l'ouvrage,Anglais,"Toronto, ON",,,
00001486,Brave Builders,"DUNN, Dorothy H. M.|ST. MAURICE, M.",Light and Life Series,Ginn and Company,[1964?],1964-01-01,1964-12-31,,,"23 cm: 448 p., ill. en coul.",,"Comprend une bibliogr., un glossaire et un vocabulaire à la fin de l'ouvrage",Anglais,"Toronto, ON",Primaire,4e année,
00001487,Text Book of Art Education : book I. First Year,"FROEHLICH, Hugo|SNOW, Bonnie E.",,The Prang Educational Company,[1904?],1904-01-01,1904-12-31,,,"18 cm: 72 p., ill. (certaines en coul.)",,,Anglais,"New York, NY",Primaire,1ère année,
00001488,Text Book of Art Education : book II. Second Year,"FROEHLICH, Hugo|SNOW, Bonnie E.",,The Prang Educational Company,[1904?],1904-01-01,1904-12-31,,,"18 cm: 72 p., ill. (certaines en coul.)",,,Anglais,"New York, NY",Primaire,2e année,
00001489,Text Book of Art Education : book II. Third Year,"FROEHLICH, Hugo|SNOW, Bonnie E.",,The Prang Educational Company,[1904?],1904-01-01,1904-12-31,,,"18 cm: 82 p., ill. (certaines en coul.)",,,Anglais,"New York, NY",Primaire,3e année,
00001490,Exercices in English,"KARR, W. J.",,The Copp Clark Company Ltd.,[1934?],1934-01-01,1934-12-31,,,"20 cm: vi, 213 p.",,,Anglais,"Toronto, ON",,,
00001491,McGuffey's Fifth Ecletic Reader,"HOLMES, M. W.|STEELE COMMAGER, Henry",A Signet Classic,The New American Library,1962,1962-01-01,1962-12-31,,1879 éd.,"18 cm: xx, 364 p., ill.",,,Anglais,"New York, NY",,,
00001492,McGuffey's Sixth Ecletic Reader,"HOLMES, M. W.|STEELE COMMAGER, Henry",A Signet Classic,New American Library of Canada Limited,1963,1963-01-01,1963-12-31,,1879 éd.,"18 cm: xxiv, 492 p., quelques ill.",,,Anglais,"New York, NY",,,
00001493,Ontario Public School Grammar,,,Hollen Line Writing Paper Company,[1910?],1910-01-01,1910-12-31,,,"19 cm: iv, 268 p.",,Comprend des appendices et un index à la fin de l'ouvrage,Anglais,"Toronto, ON",,,
00001494,First Reader : Part I.,,The Ontario Readers,The Copp Clark Company Ltd.,1885,1885-01-01,1885-12-31,,,"18 cm: 64 p., ill.",,,Anglais,"Toronto, ON",,,
00001495,First Reader : Part I.,,The Ontario Readers,Canada Publishing Company Ltd.,[s.d.],,,,,"18 cm: 63 p., ill.",,,Anglais,"Toronto, ON",,,
00001496,The Ontario Readers : Fourth Book,,The Ontario Readers,The R. Eaton Co. Limited,[1925?],1925-01-01,1925-12-31,,,"19 cm: viii, 411 p., quelques ill.",,Comprend un index à la fin de l'ouvrage,Anglais,"Toronto, ON",,,
00001497,Composition and Spelling,Ontario Teachers' Manuals,,The Ryerson Press,[1926?],1926-01-01,1926-12-31,,,"19 cm: xiii, 71 p., quelques ill.",,,Anglais,"Toronto, ON",,,
00001498,Literature,Ontario Teachers' Manuals,,The Copp Clark Company Ltd.,[1926?],1926-01-01,1926-12-31,,,"20 cm: v, 162 p.",,Comprend une bibliogr. à la fin de l'ouvrage,Anglais,"Toronto, ON",,,
00001499,Manual for Teaching the Primer,"RUSSELL, David H.|OUSLEY, Odille|EASTLAND, Patricia",The Ginn Basic Readers,Ginn and Company,[1957?],1957-01-01,1957-12-31,,Éd. révisée,"22 cm: vii, 415 p., ill. en coul. et tableaux",,Sur la couv. : to accompany The Little White House. -- Comprend des index et une bibliogr. à la fin de l'ouvrage,Anglais,"Boston, MA|Toronto, ON",,,
00001500,Ontario High School English Grammar,"STEVENSON, O. J.",,The Canada Publishing Company Ltd.,[1911?],1911-01-01,1911-12-31,,,19 cm: 376 p.,,Comprend des appendices et des index à la fin de l'ouvrage,Anglais,"Toronto, ON",Secondaire,High School,
00001501,First Primer,The Victorian Readers,,W. J. Gage & Co. Ltd.; The Copp Clark Company Ltd.,1898,1898-01-01,1898-12-31,,,"18 cm: 64 p., ill.",,"Sur la couv. : First Book, Part I.",Anglais,"Toronto, ON",,,
00001502,Shorther Poems,"ALEXANDER, W. J.",,The T. Eaton Co. Ltd.,[1924?],1924-01-01,1924-12-31,,,"19 cm: xvii, 510 p.",,Comprend des notes et un index à la fin de l'ouvrage,Anglais,"Toronto, ON",Secondaire,Secondaire,
00001503,All Sails Set,"BIEHL, Fred C.|MCINTOSH, J. R.|LEWIS, C. E.|MERLE SMITH, John",Canadian Reading Development Series,The Copp Clark Publishing Co. Ltd.,[1948?],1948-01-01,1948-12-31,,,"20 cm: ix, 470 p., ill. (certaines en coul.)",,Comprend un glossaire et un vocabulaire à la fin de l'ouvrage,Anglais,"Vancouver, C-B|Toronto, ON",,,
00001504,Picture Book no 4,"CALDECOTT, R.",,Frederick Warne & Co. Ltd,[19--?],1899-12-31,1999-12-31,,,"12 x 13 cm: 87 p., ill. (certaines en coul.)",,,Anglais,"London, UK|New York",,,
00001505,"Workbook for Daring Deeds, Fift Reader : Teachers Edition","DICKINSON, George O.",Ligh and Life Series,Ginn and Company,[1964?],1964-01-01,1964-12-31,,,"29 cm: 96 p., ill. et cartes",,Comprend un index à la fin de l'ouvrage,Anglais,"Toronto, ON",,,
00001506,New Horizons : An Anthology of Short Poems for Senior Students,"DITLZ, B. C.",,McClelland and Stewart Limited,[1954?],1954-01-01,1954-12-31,,,"21 cm: xviii, 326 p.",,"Comprend des notes, des notes biographiques et une bibliogr. à la fin de l'ouvrage",Anglais,"Toronto, ON",Secondaire,Senior Students,
00001507,New Models and Projects for Creative Writing : Parts I & II,"DITLZ, B. C.",,"Clarke, Irwin & Company Ltd.",1951,1951-01-01,1951-12-31,,,"20 cm: xi, 320 p., ill.",,Comprend un index à la fin de l'ouvrage,Anglais,"Toronto, ON",Secondaire,11e et 12e année,
00001508,Gallant Goals,"DUNN, Dorothy H. M.|MARIE, Alice",Light and Life Series,Ginn and Company,[1964?],1964-01-01,1964-12-31,,,"23 cm: 448 p., ill.",,"Comprend une bibliogr., un glossaire et un vocabulaire à la fin de l'ouvrage",Anglais,"Toronto, ON",Primaire,6e année,
00001509,Prose for Senior Students : An Anthology of Short Stories and Essays,"GILL, J. L.|NEWELL, L. H.",,Macmillan and Co. of Canada Ltd.,[1951?],1951-01-01,1951-12-31,,,"22 cm: viii, 447 p.",,Comprend des notes à la fin de l'ouvrage,Anglais,"Toronto, ON",Secondaire,Senior Students,
00001510,Language Journeys : Grade 6,"HALL, T. Roy|BROOME, E. B.|BANKS, R. J.",,Macmillan and Co. of Canada Ltd.,[1954?],1954-01-01,1954-12-31,,,"21 cm: xii, 306 p., ill. (certaines en coul.)",,Comprend un index à la fin de l'ouvrage,Anglais,"Toronto, ON",Primaire,6e année,
00001511,Tales from Shakespeare : with Aids in Teaching,"LAMB, Charles|LAMB, Mary|PARKINSON, M.",English Classic Series ; 2,The Educational Publishing Co. Limited,[19--?],1899-12-31,1999-12-31,,,17 cm: 80 p.,,Comprend des notes à la fin de l'ouvrage,Anglais,"Toronto, ON",,,
00001512,"Workbook for Gallant Goals, Sixth Reader","MARIE, Alice",Light and Life Series,Ginn and Company,[1964?],1964-01-01,1964-12-31,,,"29 cm: 112 p., ill. et cartes",,Comprend un index à la fin de l'ouvrage,Anglais,"Toronto, ON",Primaire,6e année,
00001513,"Workbook for Brave Builders, Fourth Reader","ST. MAURICE, M.",Light and Life Series,Ginn and Company,[1965?],1965-01-01,1965-12-31,,,"29 cm: 96 p., ill. et cartes",,Comprend un index à la fin de l'ouvrage,Anglais,"Toronto, ON",Primaire,4e année,
00001514,"English Composition, Let's Talk ! Let's Write ! : Book One, Pupil's Manual","MCCOY, Marie|DUCHÊNE, Jeanne|Conseil des écoles séparées catholiques romaines du district de Sudbury",,Guérin,[1979?],1979-01-01,1979-12-31,,,"24 cm: xi, 89 p., ill. en coul.",ISBN 2-7601-0092-8,,Anglais,"Montréal, QC",Primaire|Intermédiaire,Primaire; intermédiaire,
00001515,"English Composition, Let's Talk ! Let's Write ! : Book Two, Pupil's Manual","MCCOY, Marie|DUCHÊNE, Jeanne|Conseil des écoles séparées catholiques romaines du district de Sudbury",,Guérin,[1978?],1978-01-01,1978-12-31,,,"24 cm: xv, 203 p., ill. (certaines en coul.)",ISBN 0-7764,,Anglais,"Montréal, QC",,,
00001516,Lost in the Barrens,"MOWAT, Farley|VANCE, Bruce",Charriot Literature Text,McClelland and Stewart Limited,[1962?],1962-01-01,1962-12-31,,,19 cm: 184 p.,,Comprend des notes et des questions à la fin de l'ouvrage,Anglais,,,,
00001517,Tales to Tell : Grade Four,New Canadian Catholic Corona Readers,,Ginn and Company,[19--?],1899-12-31,1999-12-31,,,"19 cm: 288 p., ill. (certaines en coul.)",,Comprend un dictionnaire à la fin de l'ouvrage,Anglais,"Toronto, ON",Primaire,4e année,
00001518,The North Pole and Charlie Wilson's Adventures in Search of it,"OVEREND, W. H.",The Boy's Own Favourite Series,E. P. Dutton & Co.,[19--?],1899-12-31,1999-12-31,,,"19 cm: vi, 284, 15 p., ill.",,Comprend un catalogue à la fin de l'ouvrage,Anglais,"New York, NY",,,
00001519,Through the Green Gate,"O'DONNELL, Mabel|HOOPES, Florence|HOOPES, Margareth",The Alice and Jerry Basic Reading Program,"Row, Peterson and Company",[1957?],1957-01-01,1957-12-31,,,"20 cm: 192 p., ill. en coul.",,Comprend un vocabulaire à la fin de l'ouvrage,Anglais,"Evanston, IL",,,
00001520,A Junior School English Course : for Grades IX and X,"POTTER, F. F.",,Sir Isaac Pitman & Sons Canada Ltd.,[1938?],1938-01-01,1938-12-31,,,20 cm: 281 p.,,Comprend des appendices à la fin de l'ouvrage,Anglais,"Toronto, ON",Secondaire,9e et 10e année,
00001521,Bound to Rise or Up the Ladder,"ALGER JR., Horatio ",,Whitman Publishing Co.,[19--?],1899-12-31,1999-12-31,,,18 cm: 182 p.,,,Anglais,Wisconsin,,,
00001522,Life and Adventure,"BATES, J. C.|PIERCE, Lorne",,Macmillan and Co. of Canada Ltd.; The Ryerson Press,[1948?],1948-01-01,1948-12-31,,,"20 cm: ix, 454 p., quelques ill.",,Comprend une bibliogr. à la fin de l'ouvrage,Anglais,"Toronto, ON",,,
00001523,Story Telling New & Old,"COLUM, Padraic|VAN EVEREN, Jay",,Macmillan and Co. Ltd.,1961,1961-01-01,1961-12-31,,,"16 cm: 23 p., ill.",,,Anglais,"New York, NY",,,
00001524,"Aytoun's Lay : Edinburgh after Flodden, The Burial-March of Dundee & The Island of the Scots","COTTERILL, H. B.",Macmillan's English Classics,Macmillan and Co. Ltd.,1922,1922-01-01,1922-12-31,,,"17 cm: iv, 60 p.",,Comprend une note bibliogr. au début de l'ouvrage,Anglais,"London, UK",,,
00001525,Using our Language 3,"DAVIS, T. I.|EDWARDS, Georges N.|CANTELON, Harriet|SCOTT, Lloyd|LAZARE, G.",Using our Language Series ; 3,J. M. Dent & Sons Canada Ltd.,[1956?],1956-01-01,1956-12-31,,Éd. révisée,"21 cm: xi, 228 p., ill.",,Comprend un index à la fin de l'ouvrage,Anglais,"Toronto, ON",Primaire,3e année,
00001526,Using our Language 5,"DAVIS, T. I.|EDWARDS, Georges N.",Using our Language Series ; 5,J. M. Dent & Sons Canada Ltd.,[1947?],1947-01-01,1947-12-31,,,"20 cm: xi, 233 p., ill.",,Comprend un index à la fin de l'ouvrage,Anglais,"Toronto, ON",Primaire,5e année,
00001527,Using our Language 6,"DAVIS, T. I.|EDWARDS, Georges N.|SCOTT, Lloyd|NEWTON, Victor",Using our Language Series ; 6,J. M. Dent & Sons Canada Ltd.,[1956?],1956-01-01,1956-12-31,,Éd. révisée,"21 cm: xi, 275 p., ill.",,Comprend un index à la fin de l'ouvrage,Anglais,"Toronto, ON",Primaire,6e année,
00001528,Using our Language 7,"DAVIS, T. I.|SCOTT, C. W.|EDWARDS, Georges N.",Using our Language Series ; 7,J. M. Dent & Sons Canada Ltd.,[1955?],1955-01-01,1955-12-31,,,"21 cm: xi, 296 p., ill.",,Comprend un index à la fin de l'ouvrage,Anglais,"Toronto, ON",Intermédiaire,7e année,
00001529,The Adventures of Lila and Chandran and Other Stories,"DODD, E. F.",,Macmillan and Co. Ltd.,1953,1953-01-01,1953-12-31,,,"18 cm: 64 p., ill.",,,Anglais,"London, UK",Secondaire,Secondaire,
00001530,Simple Stories for Beginners,"DODD, E. F.",,Macmillan and Co. Ltd.,1956,1956-01-01,1956-12-31,,,"18 cm: 44 p., ill.",,,Anglais,"London, UK",Primaire,1ère et 2e année,
00001531,The Ryerson Book of Prose and Verse : Book Three,"PIERCE, Lorne|YATES, Arthur",,The Ryerson Press,[1930?],1930-01-01,1930-12-31,,,"20 cm: xx, 400 p., quelques ill.",,,Anglais,"Toronto, ON",,,
00001532,The King of the Golden River,"RUSKIN, John|DODD, E. F.",,Macmillan and Co. Ltd.,1955,1955-01-01,1955-12-31,,,"18 cm: 36 p., ill.",,,Anglais,"London, UK",,,
00001533,New Reading Skill Builder : Part One,"AUSTILL THOMAS, Lydia|MANNING,  John C.|RITTENHOUSE, Charles",,The Reader's Digest Association Canada Ltd.,[1969?],1969-01-01,1969-12-31,,,"18 cm: 144 p., ill. et cartes en coul.",,Sur la p. de t. : articles based on selections from Reader's Digest. -- ISBN 0-88850-851-4,Anglais,"Montréal, QC",,,
00001534,New Reading Skill Builder : Part One,"AUSTILL THOMAS, Lydia|RITTENHOUSE, Charles",,The Reader's Digest Association Canada Ltd.,[1969?],1969-01-01,1969-12-31,,,"18 cm: 144 p., ill. et cartes (plupart en coul.)",,Sur la p. de t. : articles based on selections from Reader's Digest. -- ISBN 0-88850-841-7,Anglais,"Montréal, QC",,,
00001535,New Reading Skill Builder : Part One,"BAMMAN, Henri A.|WHITEHEAD, Robert|RITTENHOUSE, Charles",,The Reader's Digest Association Canada Ltd.,[1969?],1969-01-01,1969-12-31,,,"18 cm: 128 p., ill. et cartes (la plupart en coul.)",,Sur la p. de t. : stories based on selections from Reader's Digest. -- ISBN 0-88850-831-X,Anglais,"Montréal, QC",,,
00001536,New Reading Skill Builder : Part Two,"AUSTILL THOMAS, Lydia|RITTENHOUSE, Charles",,The Reader's Digest Association Canada Ltd.,[1969?],1969-01-01,1969-12-31,,,"18 cm: 144 p., ill. (la plupart en coul.)",,Sur la p. de t. : articles based on selections from Reader's Digest. -- ISBN 0-88850-842-5,Anglais,"Montréal, QC",,,
00001537,New Reading Skill Builder : Part Two,"AUSTILL THOMAS, Lydia|MANNING,  John C.|RITTENHOUSE, Charles",,The Reader's Digest Association Canada Ltd.,[1969?],1969-01-01,1969-12-31,,,"18 cm: 144 p., ill. (la plupart en coul.)",,Sur la p. de t. : articles based on selections from Reader's Digest. -- ISBN 0-88850-852-2,Anglais,"Montréal, QC",,,
00001538,Developing Comprehension in Reading 6,"THOMAS, Mary|WARREN, Donald G.|MCCARTHY, Jim",,J. M. Dent & Sons Canada Ltd.,[1968?],1968-01-01,1968-12-31,,,"21 cm: 192 p., ill. en coul.",ISBN 0-460-90990-8,,Anglais,Canada,Primaire,6e année,
00001539,"The Treasury Readers : Grade Five (third form, junior grade)",,,Macmillan and Co. of Canada Ltd.; The Ryerson Press,[1932?],1932-01-01,1932-12-31,,,"19 cm: vii, 354 p., ill.",,Comprend un dictionnaire à la fin de l'ouvrage,Anglais,Canada,Primaire,5e année,
00001540,En route to English : a First Book for French-Speaking Children,"WATSON, Edward J.",,Longmans Canada Ltd.,[1964?],1964-01-01,1964-12-31,,,"24 cm: vii, 217 p., ill.",,Comprend un index à la fin de l'ouvrage,Anglais|Français,"Toronto, ON",,,
00001541,Shadow of a Bull,"WOJCIECHOWSKA, Maia|SMITH, Alvin",,McClelland and Stewart Limited,[1964?],1964-01-01,1964-12-31,,,"20 cm: 165 p., ill.",,Comprend un glossaire à la fin de l'ouvrage. -- ISBN 0-7710-9037-4,Anglais,"Toronto, ON",,,
00001542,[Biographies d'hommes importants de l'histoire : project 67],Ontario Department of Education,,The Ontario Department of Education,[1967?],1967-01-01,1967-12-31,,,"33 cm: 35 fiches, ill.",,,Anglais,Ontario,,,
00001543,How to Write and Speak Effective English : a Modern Guide to Good Form,"ALLEN, Edward Frank",,The World Publishing Company,[1938?],1938-01-01,1938-12-31,,,21 cm: 329 p.,,Comprend un index à la fin de l'ouvrage,Anglais,"Cleveland, OH|New York, NY",,,
00001544,Stories About Sandy,"BELFRY, Ailenn|BERGEY, B. Gertrude|MARTIN, Erna A.|TYRRELL RICHARDSON, Aileen",Canadian Basic Readers ; 1,"Holt, Rinehart & Winston of Canada Ltd.",[1958?]-[1960?],1958-01-01,1960-12-31,,,"21 cm: 144 p., ill. en coul.",,Comprend un vocabulaire à la fin de l'ouvrage,Anglais,"Toronto, ON",Primaire,Pré-primaire,
00001545,The March Family,"BELFRY, Ailenn|BERGEY, B. Gertrude|MARTIN, Erna A.|TYRRELL RICHARDSON, Aileen",Canadian Basic Readers ; 2,"Holt, Rinehart & Winston of Canada Ltd.",[1958?],1958-01-01,1958-12-31,,,"21 cm: 160 p., ill. (certaines en coul.)",,Comprend un vocabulaire à la fin de l'ouvrage,Anglais,"Toronto, ON",Primaire,Primaire,
00001546,Language-Teaching Games and Contests,"LEE, W. R.|DAVIES, Roger M.",A Teachers' Library,Oxford University Press,[1965?],1965-01-01,1965-12-31,,,18 cm: 166 p.,,Comprend un appendice et un index à la fin de l'ouvrage. -- ISBN 0-19-919048-8,Anglais,"London, UK",,,
00001547,"Life and Literature : Book One : Grade Seven (fourth form, junior grade)",,,Thomas Nelson & Sons Ltd.; The Educational Book Company Ltd.,1941,1941-01-01,1941-12-31,,,"20 cm: 448 p., quelques ill.",,Comprend un index à la fin de l'ouvrage,Anglais,"Toronto, ON",Intermédiaire,7e année,
00001548,Word have Wings,"MEIKLEHJOHN, Alan",,The Ryerson Press,[1950?],1950-01-01,1950-12-31,,,"20 cm: viii, 72 p.",,,Anglais,"Toronto, ON",Secondaire,13e année,
00001549,Reader's Digest Reading Skill Builder : Part 1,"WEISS MEYER, Miriam|TRAVERS, Peter|WARD, Madeleine|COLLINS, James Collins|POLLARD, Michael|SMITH, Eric|NOYLANDER, Mary|TURNER, Dick",,The Reader's Digest Association Canada Ltd.,[1978?],1978-01-01,1978-12-31,,,"20 cm: 96 p., ill. (la plupart en coul.)",,Sur la couv. : pegasus edition. -- ISBN 0-88850-729-1,Anglais,"Montréal, QC",,,
00001550,New Skill Builder : Part 2,"WEISS MEYER, Miriam|TRAVERS, Peter|WARD, Madeleine|ANTONOPULOS, Barbara|KINGHORN, Jacqueline|POLLARD, Michael|SMITH, Eric|NOYLANDER, Mary|TURNER, Dick",,The Reader's Digest Association Canada Ltd.,[1978?],1978-01-01,1978-12-31,,,"20 cm: 96 p., ill. (la plupart en coul.)",,Sur la couv. : pegasus edition. -- ISBN 0-88850-718-6,Anglais,"Montréal, QC",,,
00001551,SRA International Reading Laboratory IIa : Teacher's Handbook,"PARKER, Don H.",,Science Research Associates Canada Limited,[1969?],1969-01-01,1969-12-31,,,"24 cm: 96 p., tableaux",,Comprend un index et un questionnaire à la fin de l'ouvrage,Anglais,"Toronto, ON",,,
00001552,SRA International Reading Laboratory IIa : student record book,"PARKER, Don H.",,Science Research Associates Canada Limited,[1969?],1969-01-01,1969-12-31,,,"24 cm: 77 p., ill., graph. et tableaux",,,Anglais,"Toronto, ON",,,
00001553,Prose Pageant : a Collection of Short Stories and Essays,"PORTER, Cecil J.",,The Ryerson Press,[1963?],1963-01-01,1963-12-31,,,"21 cm: xvi, 238 p.",,Comprend des notes et des questions à la fin de l'ouvrage,Anglais,"Toronto, ON",,,
00001554,Developing Language Skills 1,"POTTS, Cecil E.|NICHOLS, Jack G.|SKINNER, Stanley|SKINNER, Loretta",Developing Language Skills ; 1,McGraw-Hill Ryerson Limited,[1978?],1978-01-01,1978-12-31,,2e éd.,"23 cm: 277 p., ill.",,Comprend un index à la fin de l'ouvrage. -- ISBN 0-07-082806-7,Anglais,"Toronto, ON",Primaire,[1re année],
00001555,Developing Language Skills Three,"POTTS, Cecil E.|MOORE, Phyllis|DICKINSON, Marjorie",Developing Language Skills ; 3,The Ryerson Press,[1959?],1959-01-01,1959-12-31,,,"23 cm: xiv, 277 p., ill. (certaines en coul.)",,Comprend une bibliogr. et un index à la fin de l'ouvrage,Anglais,"Toronto, ON",Primaire,3e année,
00001556,Developing Language Skills Five,"POTTS, Cecil E.|MACCORKINDALE, Hugh C.|HASSELL, Hilton",Developing Language Skills ; 5,The Ryerson Press,[1961?],1961-01-01,1961-12-31,,,"24 cm: xvi, 208 p., ill. (certaines en coul.)",,Comprend une bibliogr. et un index à la fin de l'ouvrage,Anglais,"Toronto, ON",Primaire,5e année,
00001557,Developing Language Skills Seven,"POTTS, Cecil E.|NICHOLS, Jack G.|ZEALLEY, Ken|The Kates Studio",Developing Language Skills ; 7,The Ryerson Press,[1956?],1956-01-01,1956-12-31,,,"24 cm: xiv, 314 p., ill.",,Comprend des appendices et un index à la fin de l'ouvrage,Anglais,"Toronto, ON",Intermédiaire,7e année,
00001558,Developing Language Skills Eight,"POTTS, Cecil E.|NICHOLS, Jack G.|ZEALLEY, Ken|The Kates Studio|TITLEY, Albert",Developing Language Skills ; 8,The Ryerson Educational Division; McGraw-Hill Company of Canada Ltd.,[1958?],1958-01-01,1958-12-31,,,"23 cm: xii, 332 p., ill.",,Comprend des appendices et un index à la fin de l'ouvrage. -- ISBN 0-7700-3044-0,Anglais,"Toronto, ON",Intermédiaire,8e année,
00001559,"I can Write Stories : Size Reduction Unit, Level Two","STOTHERS, C. E.|TRUSLER, J. W.",A Basic Writing Course,W. J. Gage & Co. Ltd.,[1965?],1965-01-01,1965-12-31,,,24 cm: 80 p.,,,Anglais,"Toronto, ON",,,
00001560,Over Land and Sea : Book 5,"WATSON, Stanley|BATE, Lucy|BOYLE, Joyce",Highroads to Reading ; 5,Thomas Nelson & Sons Canada Ltd.,[19--?],1899-12-31,1999-12-31,,,"20 cm: 432 p., ill. (certaines en coul.)",,Comprend un glossaire à la fin de l'ouvrage,Anglais,"Toronto, ON",,,
00001561,Language Arts and Life Paterns : Grades 2 Through 8,WOLFE,,s.n.,[19--?],1899-12-31,1999-12-31,,,21 cm: env. 639 p.,,Comprend des index et des appendices au début et à la fin de l'ouvrage,Anglais,,Primaire|Intermédiaire|Secondaire,2e à 8e année,
00001562,This is our Heritage,"ACQUINAS, M. Thomas|SYNON, Mary|BICE, Clare",,Ginn and Company,[19--?],1899-12-31,1999-12-31,,,"21 cm: viii, 408 p., ill.",,"Comprend une bibliogr., un glossaire et un vocabulaire à la fin de l'ouvrage",Anglais,"Toronto, ON",,,
00001563,Poems for Upper School 1956-57,"CHAUCER, Geoffrey|DUNN, Charles W.|PRATT, E. J.",,Macmillan and Co. of Canada Ltd.,[1956?],1956-01-01,1956-12-31,,,19 cm: 50 p.,,Comprend des notes et des questions à la fin de l'ouvrage,Anglais,"Toronto, ON",Secondaire,Upper School,
00001564,Thank you Neighbour,"DENNIS, Lloyd|HALLIDAY, Mary|ORETO, Eleanor|MERLE SMITH, John",,The House of Grant Canada Ltd.,[1958?],1958-01-01,1958-12-31,,,"22 cm: vi, 186 p., ill. (certaines en coul.)",,Comprend une bibliogr. et un index à la fin de l'ouvrage,Anglais,"Toronto, ON",Primaire,2e année,
00001565,English 900 : Book Three,English Language Services Inc.,A Basic Course ; 3,Macmillan and Co. Ltd.,[1964?],1964-01-01,1964-12-31,,,"21 cm: 122 p., ill.",,Sur la p. de t. : Collier-Macmillan English Program. -- Comprend un index à la fin de l'ouvrage,Anglais,"Toronto, ON",,,
00001566,English 900 : Book Four,English Language Services Inc.,A Basic Course ; 4,Macmillan and Co. Ltd.,[1964?],1964-01-01,1964-12-31,,,"21 cm: 158 p., ill.",,Sur la p. de t. : Collier-Macmillan English Program. -- Comprend un index à la fin de l'ouvrage,Anglais,"Toronto, ON",,,
00001567,The Macmillan Spelling Series 3 : Teachers' Edition,"FLOWER, George E.|BORNHOLD, Robert F.",The Macmillan Spelling Series ; 3,Macmillan and Co. of Canada Ltd.,[1963?],1963-01-01,1963-12-31,,,"22 cm: xxv, 141 p., ill. en coul.",,Comprend un vocabulaire à la fin de l'ouvrage,Anglais,Canada,,,
00001568,The Macmillan Spelling Series 4,"FLOWER, George E.|MANN, Gordon F.",The Macmillan Spelling Series ; 3,Macmillan and Co. of Canada Ltd.,[1961?],1961-01-01,1961-12-31,,,"22 cm: 108 p., ill. en coul.",,Comprend un vocabulaire à la fin de l'ouvrage,Anglais,Canada,,,
00001569,The Macmillan Spelling Series 5 : Teachers' Edition,"FLOWER, George E.|BORNHOLD, Robert F.",The Macmillan Spelling Series ; 5,Macmillan and Co. of Canada Ltd.,[1961?],1961-01-01,1961-12-31,,,"22 cm: 110 p., ill. en coul.",,Comprend un vocabulaire à la fin de l'ouvrage,Anglais,Canada,,,
00001570,The Macmillan Spelling Series 6 : Teachers' Edition,"FLOWER, George E.|SHACK, Sybil F.",The Macmillan Spelling Series ; 6,Macmillan and Co. of Canada Ltd.,[1961?],1961-01-01,1961-12-31,,,"22 cm: xxvi, 141 p., ill. en coul.",,Comprend un vocabulaire à la fin de l'ouvrage,Anglais,Canada,,,
00001571,Dent's Speller : Grade 2,"GORDON, Lilian|BELL, Lex|THOMAS, Mary",Dent's Spelling Series,J. M. Dent & Sons Canada Ltd.,[1959?],1959-01-01,1959-12-31,,,"21 cm: x, 85 p., ill. en coul.",,,Anglais,"Toronto, ON",Primaire,2e année,
00001572,Dent's Speller : Grade 3,"GREEN, Kathleen|LAZARE, Jerry|THOMAS, Mary",Dent's Spelling Series,J. M. Dent & Sons Canada Ltd.,[1959?],1959-01-01,1959-12-31,,,"21 cm: x, 86 p., ill. en coul.",,,Anglais,"Toronto, ON",Primaire,3e année,
00001573,Vitalized English : Composition and Grammar Correlated : Grade VIII,"GRIFFIN, G. N.",,School Aids; Text Book Publishing Co. Ltd.,1945,1945-01-01,1945-12-31,,Éd. révisée,"18 cm: 267 p., ill.",,Sur la couv. : Oral and Written Language. -- Comprend des appendices et un index à la fin de l'ouvrage,Anglais,"Régina, SK|Toronto, ON",Intermédiaire,8e année,
00001574,Dent's Speller : Grade 5,"HANMER, J. D.|CRISP, Alan|THOMAS, Mary",Dent's Canadian Spelling Series,J. M. Dent & Sons Canada Ltd.,[1959?],1959-01-01,1959-12-31,,,"21 cm: x, 86 p., ill. en coul.",,,Anglais,"Toronto, ON",Primaire,5e année,
00001575,Dent's Speller : Grade 6,"HOLMES, M. W.|BELL, Lex|THOMAS, Mary",Dent's Canadian Spelling Series,J. M. Dent & Sons Canada Ltd.,[1959?],1959-01-01,1959-12-31,,,"21 cm: x, 86 p., ill. en coul.",,,Anglais,"Toronto, ON",Primaire,6e année,
00001576,Just for Me,"THORN, Elizabeth A.|SNEYD, Douglas",,W. J. Gage & Co. Ltd.,[1965?],1965-01-01,1965-12-31,,,"22 cm: iii, 108 p., ill. en coul.",,Sur la p. de t. : Language Experience Reading Program,Anglais,"Toronto, ON",,,
00001577,Spelling in Language Arts 2,"KUSKA, Alexander|WEBSTER, E. J. D.|The School Sisters of Notre Dame",Spelling in Language Arts ; 2,Thomas Nelson & Sons Canada Ltd.,[1963?],1963-01-01,1963-12-31,,,"22 cm: 120 p., ill. (certaines en coul.)",,,Anglais,"Toronto, ON",Primaire,2e année,
00001578,Spelling in Language Arts 3,"KUSKA, Alexander|WEBSTER, E. J. D.|The School Sisters of Notre Dame",Spelling in Language Arts ; 3,Thomas Nelson & Sons Canada Ltd.,[1963?],1963-01-01,1963-12-31,,,"22 cm: 119 p., ill.",,,Anglais,"Toronto, ON",Primaire,3e année,
00001579,Spelling in Language Arts 4,"KUSKA, Alexander|WEBSTER, E. J. D.|The School Sisters of Notre Dame",Spelling in Language Arts ; 4,Thomas Nelson & Sons Canada Ltd.,[1962?],1962-01-01,1962-12-31,,,"22 cm: 127 p., ill.",,Comprend un vocabulaire à la fin de l'ouvrage,Anglais,"Toronto, ON",Primaire,4e année,
00001580,Spelling in Language Arts 5,"KUSKA, Alexander|WEBSTER, E. J. D.|The School Sisters of Notre Dame",Spelling in Language Arts ; 5,Thomas Nelson & Sons Canada Ltd.,[1963?],1963-01-01,1963-12-31,,,"22 cm: 127 p., ill.",,"Comprend un vocabulaire à la fin de l'ouvrage et accompagné de lettres adressées à l'auteur par M. M. Delaunay, Got et Massenet",Anglais,"Toronto, ON",Primaire,5e année,
00001581,Spelling in Language Arts 6,"KUSKA, Alexander|WEBSTER, E. J. D.|ELFORD, Glenn",Spelling in Language Arts ; 6,Thomas Nelson & Sons Canada Ltd.,[1964?],1964-01-01,1964-12-31,,,"22 cm: 120 p., ill.",,Comprend un vocabulaire à la fin de l'ouvrage,Anglais,"Toronto, ON",Primaire,6e année,
00001582,Spelling in Language Arts 7,"KUSKA, Alexander|WEBSTER, E. J. D.|ELFORD, Glenn",Spelling in Language Arts ; 7,Thomas Nelson & Sons Canada Ltd.,[1965?],1965-01-01,1965-12-31,,,"22 cm: 126 p., ill.",,Comprend un vocabulaire à la fin de l'ouvrage,Anglais,"Toronto, ON",Intermédiaire,7e année,
00001583,Spelling in Language Arts 8,"KUSKA, Alexander|WEBSTER, E. J. D.|ELFORD, Glenn",Spelling in Language Arts ; 8,Thomas Nelson & Sons Canada Ltd.,[1965?],1965-01-01,1965-12-31,,,"22 cm: 126 p., ill.",,Comprend un vocabulaire à la fin de l'ouvrage,Anglais,"Toronto, ON",Intermédiaire,8e année,
00001584,Linguistics in Proper Perspective,"LAMB, Pose|WILES, Kimball",International Series in Education,Charles E. Merril Publishing Company,[1967?],1967-01-01,1967-12-31,,,"23 cm: xi, 147 p.",,Comprend un glossaire et un index à la fin de l'ouvrage,Anglais,Ohio,Primaire,Primaire,
00001585,These are Our Friends,"MARGUERITE, M.|MALVERN, Corinne|WARE, Charlotte",Faith and Freedom Series ; 1,Ginn and Company,[19--?],1899-12-31,1999-12-31,,Nouv. éd.,"21 cm: 191 p., ill. en coul.",,Comprend un vocabulaire  à la fin de l'ouvrage,Anglais,"Toronto, ON",Primaire,Primaire,
00001586,Dent's Speller : Grade 7,"MCKENZIE, Paul B.|LUMBERS, James|THOMAS, Mary",Dent's Canadian Spelling Series,J. M. Dent & Sons Canada Ltd.,[1959?],1959-01-01,1959-12-31,,,"21 cm: x, 70 p., ill. en coul.",,,Anglais,"Toronto, ON",Intermédiaire,7e année,
00001587,My Little Pictionary : of Words I Know or Want to Know,"MONROE, Marion|CABELL GREET, W.|MCCOOL, Katherine B.|MACDONALD, Murdoch",Curriculum Foundation Series,W. J. Gage & Co. Ltd.,[1963?],1963-01-01,1963-12-31,,6e éd.,22 cm: 78 p.,,Comprend un index à la fin de l'ouvrage,Anglais,"Toronto, ON",,,
00001588,Dent's Speller : Grade 8,"ROLIFF, Florence|SHANE, George|THOMAS, Mary",Dent's Canadian Spelling Series,J. M. Dent & Sons Canada Ltd.,[1959?],1959-01-01,1959-12-31,,,"21 cm: x, 68 p., ill. en coul.",,,Anglais,"Toronto, ON",Intermédiaire,8e année,
00001589,"Words : Spelling, Pronunciation, Definition and Application","SORELLE, Rupert P.|KITT, Charles W.",,"Gregg Division, McGraw-Hill Company of Canada Ltd.",[1929?],1929-01-01,1929-12-31,,Éd. révisée,"18 cm: viii, 168 p.",,Comprend des appendices à la fin de l'ouvrage,Anglais,"Toronto, ON",,,
00001590,Dent's Speller : Grade 4,"THOMAS, Mary|CRISP, Alan",Dent's Canadian Spelling Series,J. M. Dent & Sons Canada Ltd.,[1959?],1959-01-01,1959-12-31,,,"21 cm: x, 86 p., ill. en coul.",,,Anglais,"Toronto, ON",Primaire,4e année,
00001591,The Gift of Christmas,"RUEDI AINSWORTH, Norma|LEE, Miriam|GOLD, Ethel",,Scholastic Book Services,[1965?],1965-01-01,1965-12-31,,,"19 cm: 94 p., ill. en coul.",,,Anglais,"New York, NY",,,
00001592,"Reader's Digest, Reading Skill, Practice Pad 3 : A Supplement to the Skill Builder Program","ALBERT, Burton|RITTENHOUSE, Charles",,The Reader's Digest Association Canada Ltd.,[1969?],1969-01-01,1969-12-31,,,"28 cm: 80 p., ill.",,Sur la couv. : teacher's edition. -- ISBN 0-88850-907-3,Anglais,"Montréal, QC",Primaire,3e année,
00001593,Time for True Tales and Almost True,"ARBUTHNOT, May Hill|BENNETT, Rainey|KEARNEY, Hal",,"Scott, Foresman and Company",[1953?],1953-01-01,1953-12-31,,,"27 cm: xi, 396 p., ill.",,Comprend une bibliogr. et un index à la fin de l'ouvrage,Anglais,"Chicago, IL",,,
00001594,Young Canada Readers 4,"BAILEY, Jean|QUICK, E. J.|BOWERS, J. L.|WEST, W. A.",,Thomas Nelson & Sons Canada Ltd.,[1961?],1961-01-01,1961-12-31,,,"22 cm: xi, 467 p., ill. (la plupart en coul.)",,Comprend un vocabulaire et des index à la fin de l'ouvrage,Anglais,Canada,,,
00001595,Prose for Senior Students Part II : An Analysis with General Notes and Character Studies,"BROWN, H. W.",,G. Totton,[19--?],1899-12-31,1999-12-31,,,28 cm: 17 p.,,,Anglais,"Toronto, ON",Secondaire,Senior,
00001596,A Programed Introduction to Linguistics : Phonetics and Phonemics,"BUCHANAN, Cynthia D.",,D. C. Heath and Company,[1963?],1963-01-01,1963-12-31,,,"28 cm: xi, 137 p.",,Sur la p. de t. : a Sullivan Associates Program,Anglais,"Boston, MA",,,
00001597,"Readalong 3 : Program Guide, Part 3, Song Lyrics","GABLE, Karen|COSBY, Joyce|YOUNG, Noreen",,The Ontario Educational Communications Authority,[1976?],1976-01-01,1976-12-31,,,30 cm: 39 p.,,Comprend un index à la fin de l'ouvrage,Anglais,Ontario,,,
00001598,Teacher's Resource Book to Accompany English Through Experience,"NELSON, G. A.|NELSON, N. E.",,The Copp Clark Publishing Co. Ltd.,[1968?],1968-01-01,1968-12-31,,,23 cm: 78 p.,,,Anglais,"Toronto, ON",Intermédiaire,7e année,
00001599,Reader's Digest Advanced Reading Skill Practice Pad : A Supplement to the Skill Builder Program : Intermediate Grades,"SPACHE, George D.|RITTENHOUSE, Charles",,The Reader's Digest Association Canada Ltd.,[1969?],1969-01-01,1969-12-31,,,"22 x 28 cm: 96 p., ill.",ISBN 0-88850-904-9,,Anglais,"Montréal, QC",Intermédiaire,Intermédiaire,
00001600,These are Our Friends,,Faith and Freedom Basic Readers ; 1,Ginn and Company,[1962?],1962-01-01,1962-12-31,,Éd. révisée,"23 cm: 192 p., ill. en coul.",,Comprend un vocabulaire à la fin de l'ouvrage,Anglais,"Toronto, ON",,,
00001601,This is Our Family,,Faith and Freedom Basic Readers ; 1,Ginn and Company,[1962?],1962-01-01,1962-12-31,,Éd. révisée,"23 cm: 191 p., ill. en coul.",,Comprend un vocabulaire à la fin de l'ouvrage,Anglais,"Toronto, ON",,,
00001602,This is Our Parish,,Faith and Freedom Basic Readers ; 2,Ginn and Company,[1962?],1962-01-01,1962-12-31,,Éd. révisée,"23 cm: 256 p., ill. en coul.",,Comprend un vocabulaire à la fin de l'ouvrage,Anglais,"Toronto, ON",,,
00001603,"Look, Listen and Learn ! : An Integrated English Course for Children : Teacher's Book Three","ALEXANDER, L. G.|POTTER, Gil",,Longman Group Ltd.,[1970?],1970-01-01,1970-12-31,,,"24 cm: xii, 273 p., ill.",,Comprend un index à la fin de l'ouvrage. -- ISBN 0-582-51985-3,Anglais,"London, UK",Primaire,8 et 9 ans,
00001604,Writing with a Purpose : Book 1,"BASSETT, John M.|RUTLEDGE, Donald G.",,McClelland and Stewart Limited,[1956?],1956-01-01,1956-12-31,,,"21 cm: xiv, 168 p.",,Comprend un index à la fin de l'ouvrage,Anglais,"Toronto, ON",Secondaire,Secondaire 1,
00001605,Writing with a Purpose : Book 2,"BASSETT, John M.|RUTLEDGE, Donald G.",,McClelland and Stewart Limited,[1957?],1957-01-01,1957-12-31,,,"21 cm: xv, 171 p.",,Comprend un index à la fin de l'ouvrage,Anglais,"Toronto, ON",Secondaire,Secondaire 2,
00001606,"Teaching English through Self-Expression : A Course in Speech, Mime and Drama","BURTON, E. J.",,Evans Brothers Limited,[1960?],1960-01-01,1960-12-31,,,19 cm: 232 p.,,,Anglais,"London, UK",Intermédiaire,11 et 12 ans,
00001607,These are Our Way,"CHARLOTTE, M.|SYNON, Mary|BICE, Clare",,Ginn and Company,[19--?],1899-12-31,1999-12-31,,,"21 cm: viii, 408 p., ill.",,Comprend une bibliogr. et un glossaire à la fin de l'ouvrage,Anglais,"Toronto, ON",,,
00001608,We Talk and Write of What We Do,"DICKIE, Donalda|COOPER, Frederick S.|MARSHALL, Clegg",We Talk and Write ; 1,W. J. Gage & Co. Ltd.,[1955?],1955-01-01,1955-12-31,,,"21 cm: x, 198 p., ill.",,Révision de : Junior Language A,Anglais,"Toronto, ON",Primaire,4e à 6e année,
00001609,Word Power Made Easy,"DICKSON, G. L.",,Key book Publishing Company,[1971?],1971-01-01,1971-12-31,,,21 cm: env. 128 p.,,,Anglais,,,,
00001610,Frontiers of Wonder : Book I : Prose and Poetry for the Intermediate Levels,"CASE DILTZ, Bert|CLEE, David",,McClelland and Stewart Limited,[1968?],1968-01-01,1968-12-31,,,"24 cm: 172 p., ill. en coul.",,Comprend des index à la fin de l'ouvrage,Anglais,"Toronto, ON",Intermédiaire,Intermédiaire,
00001611,Frontiers of Wonder : Book II : Prose and Poetry for the Intermediate Levels,"CASE DILTZ, Bert|CLEE, David",,McClelland and Stewart Limited,[1968?],1968-01-01,1968-12-31,,,"24 cm: 223 p., ill. en coul.",,Comprend des index à la fin de l'ouvrage,Anglais,"Toronto, ON",Intermédiaire,Intermédiaire,
00001612,Valiant Ventures,"DUNN, Dorothy H. M.|DICKINSON, George O.",Light and Life Series,Ginn and Company,[1965?],1965-01-01,1965-12-31,,,"23 cm: 480 p., ill. (certaines en coul.)",,Comprend un bibliogr. et un glossaire à la fin de l'ouvrage,Anglais,"Toronto, ON",Intermédiaire,7e année,
00001613,For Me,"THORN, Elizabeth A.|SNEYD, Douglas|The National Film Board",,W. J. Gage & Co. Ltd.,[1968?],1968-01-01,1968-12-31,,,"22 cm: iii, 92 p., ill. en coul.",,Sur la p. de t. : Language Experience Reading Program,Anglais,"Toronto, ON",,,
00001614,Principle of Writing : A Textbook in Composition Based on Paragraph Structure,"GOGINS, Florence",,"Holt, Rinehart & Winston of Canada Ltd.",[1965?],1965-01-01,1965-12-31,,,"23 cm: vi, 312 p., quelques ill.",,Comprend un index à la fin de l'ouvrage,Anglais,"Toronto, ON",,,
00001615,Teacher's Manual for Reading with Phonics,"HAY, Julie|WINGO, Charles E.",,J. B. Lippincott Company,[1948?],1948-01-01,1948-12-31,,,"22 cm: 128, 128 p., ill. (certaines en coul.)",,,Anglais,"Chicago, IL",,,
00001616,Developing Study Skills in Secondary Schools,"HERBER, Harold L.|International Reading Association|KARLIN, Robert",Perpective in Reading ; 4,International Reading Association,1965,1965-01-01,1965-12-31,,,"23 cm: v, 169 p., graph. et tableaux",,Comprend des références à la fin des textes,Anglais,"Newart, DE",Secondaire,Secondaire,
00001617,Here We are Again,,Faith and Freedom Basic Readers ; 3,Ginn and Company,[1962?],1962-01-01,1962-12-31,,Éd. révisé,"23 cm: 64 p., ill. en coul.",,Comprend un vocabulaire à la fin de l'ouvrage,Anglais,"Toronto, ON",Primaire,Pré-primaire,
00001618,Here We Come,,Faith and Freedom Basic Readers ; 1,Ginn and Company,[1962?],1962-01-01,1962-12-31,,Éd. révisé,"23 cm: 47 p., ill. en coul.",,Comprend un vocabulaire à la fin de l'ouvrage,Anglais,"Toronto, ON",Primaire,Pré-primaire,
00001619,English for Your World,"JOHNSON, Roy Ivan|MCGREGOR, A.",Daily-Life English ; 3,Ginn and Company,[19--?],1899-12-31,1999-12-31,,,"23 cm: xvi, 430 p., ill.",,Comprend un index à la fin de l'ouvrage,Anglais,"Toronto, ON",Secondaire,9e année,
00001620,"Peek in, Please ! : Pre-Primer Three","KAMBEITZ, Clement|BURNS, Denise|PROCTOR, Josephine|SNEYD, Douglas|HUTCHINGS, Priscilla",Light and Life Series ; 3,Ginn and Company,[1967?],1967-01-01,1967-12-31,,,"23 cm: 63 p., ill. en coul.",,Comprend un vocabulaire à la fin de l'ouvrage,Anglais,"Toronto, ON",Primaire,Pré-primaire,
00001621,"Pupil's Manual Introduction to Phonics, Spelling and Reading : Part Two","MCCOY, Marie|DUCHÊNE, Jeanne|Conseil des écoles séparées catholiques romaines du district de Sudbury",The McLach English Series,Guérin,[1981?],1981-01-01,1981-12-31,,,"23 cm: xvi, 116 p., ill. en coul.",ISBN 2-7601-0288-2,,Anglais,"Montréal, QC",Primaire,Primaire,
00001622,"Pupil's Manual Introduction to Phonics, Spelling and Reading : Part Two","MCCOY, Marie|DUCHÊNE, Jeanne|Conseil des écoles séparées catholiques romaines du district de Sudbury",The McLach English Series,Guérin,[1984?],1984-01-01,1984-12-31,,2e éd.,"23 cm: xvi, 116 p., ill. en coul.",,,Anglais,"Montréal, QC",Primaire,Primaire,
00001623,Creative Composition,"MCMASTER, R. J.|MCMASTER, W. C.",,"Longmans, Green & Company",[1957?],1957-01-01,1957-12-31,,,"24 cm: xii, 297 p.",,Comprend un index à la fin de l'ouvrage,Anglais,"Toronto, ON",Secondaire,9e et 10e année,
00001624,Sound and Sense : An Introduction to Poetry,"PERRINCE, Laurence",,"Harcourt, Brace & World inc.",[1956?],1956-01-01,1956-12-31,,,"20 cm: xiii, 272 p.",,Comprend des index à la fin de l'ouvrage,Anglais,"New York, NY",Universitaire et Collégial,Collèges,
00001625,Spelling Skills 2,"BROWN, Harry W.|BURDON, Barbara|SMITH, Audrey|EGAN, Gwen|LITTLE, Donna",,Ginn and Company,[19--?],1899-12-31,1999-12-31,,,"21 cm: 119 p., ill.",,,Anglais,"Toronto, ON",,,
00001626,The Admirable Crichton,"BARRIE, J. M.|THOMSON, Hugh",,University of London Press Ltd.,1914,1914-01-01,1914-12-31,,,"19 cm: 142 p., ill.",,,Anglais,"London, UK",,,
00001627,She Stoops to Conquer,"GOLDSMITH, Oliver|QUILLER COUCH, A.-T.",The King Treasuries of Literature,J. M. Dent & Sons Limited; John Hampden,1926,1926-01-01,1926-12-31,,,15 cm: 191 p.,,Comprend des appendices à la fin de l'ouvrage,Anglais,"London, UK",,,
00001628,Prose for Senior Students : An Anthology of Short Stories and Essays,"GILL, J. L.|NEWELL, L. H.",,Macmillan and Co. of Canada Ltd.,1960,1960-01-01,1960-12-31,,Éd. révisée,22 cm: 426 p.,,Comprend des notes à la fin de l'ouvrage,Anglais,"Toronto, ON",Secondaire,Senior,
00001629,Word Family Spellers : Grade 2 : A New and Enriched Spelling Program,"HARDWICK, W. E.",Word Family Spellers,The Book Society of Canada Ltd.,[1959?],1959-01-01,1959-12-31,,,"21 cm: 48 p., ill.",,,Anglais,"Agincourt, ON",Primaire,2e année,
00001630,Word Family Spellers : Grade 3 : A New and Enriched Spelling Program,"HARDWICK, W. E.",Word Family Spellers,The Book Society of Canada Ltd.,[1959?],1959-01-01,1959-12-31,,,"21 cm: 56 p., ill.",,,Anglais,"Agincourt, ON",Primaire,3e année,
00001631,Word Family Spellers : Grade 4 : A New and Enriched Spelling Program,"HARDWICK, W. E.",Word Family Spellers,The Book Society of Canada Ltd.,[1959?],1959-01-01,1959-12-31,,,"21 cm: 56 p., ill.",,,Anglais,"Agincourt, ON",Primaire,4e année,
00001632,Word Family Spellers : Grade 5,"HARDWICK, W. E.",Word Family Spellers,The Book Society of Canada Ltd.,[1960?],1960-01-01,1960-12-31,,,"21 cm: 64 p., ill.",,,Anglais,"Agincourt, ON",Primaire,5e année,
00001633,Word Family Spellers : Grade 6,"HARDWICK, W. E.",Word Family Spellers,The Book Society of Canada Ltd.,[1960?],1960-01-01,1960-12-31,,,"21 cm: 64 p., ill.",,,Anglais,"Agincourt, ON",Primaire,6e année,
00001634,Poems to Remember,"KINGSTON, E. F.",,J. M. Dent & Sons Canada Ltd.,[1951?],1951-01-01,1951-12-31,,,"22 cm: xvii, 582 p.",,"Comprend des notes, un index et une bibliogr. à la fin de l'ouvrage",Anglais,"Toronto, ON",Secondaire,Secondaire,
00001635,Poems Worth Knowing,"LEWIS, C. E.|BENNETT, John|MORGAN, John S.",,The Copp Clark Publishing Co. Ltd.,[1958?],1958-01-01,1958-12-31,,Éd. révisée,"20 cm: xix, 162 p.",,"Comprend un index au début de l'ouvrage. -- Comprend une bibliogr., des notes et un index à la fin de l'ouvrage",Anglais,"Vancouver, C-B",Secondaire,11e et 12e année,
00001636,A Selection of English Poetry,"MACDONALD, W. L.|WALKER, F. C.",,J. M. Dent & Sons Canada Ltd.,1947,1947-01-01,1947-12-31,,,"19 cm: xvii, 356 p.",,"Comprend des notes et des questions, des notes biographiques et un index à la fin de l'ouvrage",Anglais,"Toronto, ON",,,
00001637,Poems for Upper School 1957-1958,"MILTON, John|COLERIDGE, Samuel Taylor|LE PAN, Douglas|FERGUSON, Frank A.",,"Clarke, Irwin & Company Ltd.",[1957?],1957-01-01,1957-12-31,,,18 cm: 83 p.,,Comprend des notes à la fin de l'ouvrage,Anglais,"Toronto, ON",Secondaire,Upper School,
00001638,Living Poetry,"PATON, J. M.",,The Ryerson Press,[1941?],1941-01-01,1941-12-31,,,"19 cm: x, 122 p.",,Comprend des notes biographiques à la fin de l'ouvrage,Anglais,"Toronto, ON",Secondaire,Secondaire,
00001639,Canadian Cook Book,"PATTINSON, Nellie Lyle|STOCKWELL, Ethel|WILKINSON, Helene",,The Ryerson Press,[1923?],1923-01-01,1923-12-31,,,"20 cm: xi, 441 p., ill. et tableaux",,Comprend un glossaire et un index à la fin de l'ouvrage,Anglais,"Toronto, ON",,,
00001640,Pitman Shorthand,,,Sir Isaac Pitman & Sons Canada Ltd.,[1937?],1937-01-01,1937-12-31,,Canadian Centennial éd.,"20 cm: viii, 165 p.",,Comprend un index à la fin de l'ouvrage,Anglais,"Toronto, ON",,,
00001641,The Canadian Speller : Book One : Grade III to VI,"QUANCE, Frank",,W. J. Gage & Co. Ltd.,1939,1939-01-01,1939-12-31,,,"19 cm: ix, 134 p.",,Comprend un vocabulaire et des appendices à la fin de l'ouvrage,Anglais,"Toronto, ON",Primaire,3e à 6e année,
00001642,The Canadian Speller : Grade 2 : A New and Enriched Spelling Program,"QUANCE, Frank",,W. J. Gage & Co. Ltd.,1930,1930-01-01,1930-12-31,,,"20 cm: 77 p., ill.",,,Anglais,"Toronto, ON",Primaire,2e année,
00001643,The Canadian Speller : Grade 3 : A New and Enriched Spelling Program,"QUANCE, Frank",,W. J. Gage & Co. Ltd.,1930,1930-01-01,1930-12-31,,,"20 cm: 78 p., ill.",,,Anglais,"Toronto, ON",Primaire,3e année,
00001644,The Canadian Speller : Grade 4 : A New and Enriched Spelling Program,"QUANCE, Frank|CHONG, Clarence",,W. J. Gage & Co. Ltd.,[1930?],1930-01-01,1930-12-31,,,"20 cm: 126 p., ill.",,Comprend un dictionnaire à la fin de l'ouvrage,Anglais,"Toronto, ON",Primaire,4e année,
00001645,The Canadian Speller : Grade 5 : A New and Enriched Spelling Program,"QUANCE, Frank|CHONG, Clarence",,W. J. Gage & Co. Ltd.,1930,1930-01-01,1930-12-31,,,"20 cm: 126 p., ill.",,Comprend un dictionnaire à la fin de l'ouvrage,Anglais,"Toronto, ON",Primaire,5e année,
00001646,The Canadian Speller : Grade 6 : A New and Enriched Spelling Program,"QUANCE, Frank|CHONG, Clarence",,W. J. Gage & Co. Ltd.,1930,1930-01-01,1930-12-31,,,"20 cm: 126 p., ill.",,Comprend un dictionnaire à la fin de l'ouvrage,Anglais,"Toronto, ON",Primaire,6e année,
00001647,The Canadian Speller : Grade 7 : A New and Enriched Spelling Program,"QUANCE, Frank",,W. J. Gage & Co. Ltd.,[1930?],1930-01-01,1930-12-31,,,"20 cm: 126 p., ill.",,Comprend un dictionnaire à la fin de l'ouvrage,Anglais,"Toronto, ON",Intermédiaire,7e année,
00001648,The Canadian Speller : Grade 8 : A New and Enriched Spelling Program,"QUANCE, Frank",,W. J. Gage & Co. Ltd.,[1930?],1930-01-01,1930-12-31,,,"20 cm: 126 p., ill.",,Comprend un dictionnaire à la fin de l'ouvrage,Anglais,"Toronto, ON",Intermédiaire,8e année,
00001649,Teacher's Manual for The Canadian Speller : Grade 2 and 3,"QUANCE, Frank",The Canadian Speller,W. J. Gage & Co. Ltd.,[1951?],1951-01-01,1951-12-31,,,"20 cm: iv, 108 p.",,,Anglais,"Toronto, ON",Primaire,2e et 3e année,
00001650,"Teacher's Manual for The Canadian Speller : Grade 4, 5 and 6","QUANCE, Frank",The Canadian Speller,W. J. Gage & Co. Ltd.,[1952?],1952-01-01,1952-12-31,,,"20 cm: iv, 172 p.",,,Anglais,"Toronto, ON",Primaire,4e à 6e année,
00001651,Nouveau Dictionnaire Nugent's up to Date : Français-Anglais,"WESSELY, J.-E.",,Beauchemin,1949,1949-01-01,1949-12-31,,,"18 cm: x, 216 p.",,,Anglais|Français,"Montréal, QC",Universitaire et Collégial,Primaire; collèges; couvent,
00001652,"Look, Listen, Learn : An Integrated English Course for Children : pupils' book one","ALEXANDER, L. G.|Bailey Perrengell Design Ltd.",,Longman Group Ltd.,[1968?],1968-01-01,1968-12-31,,,"24 cm: 120 p., ill. (la plupart en coul.)",ISBN 0-582-51971-3,,Anglais,"London, UK",Primaire,8 et 9 ans,
00001653,"Look, Listen, Learn : An Integrated English Course for Children : Pupils' Book Three","ALEXANDER, L. G.|POTTER, Gil",,Longman Group Ltd.,[1970?],1970-01-01,1970-12-31,,,"24 cm: 120 p., ill. en coul.",ISBN 0-582-51984-5,,Anglais,"London, UK",Primaire|Intermédiaire,10 et 11 ans,
00001654,Teachers Manual to Accompagny Wide Open Windows,"BARRETT, Franklin L.|MACINTOSH, J. R.|LEWIS, C. E",Canadian Reading Development Series,The Copp Clark Publishing Co. Ltd.,[1948?],1948-01-01,1948-12-31,,,"21 cm: xlvi, 283 p.",,,Anglais,"Vancouver, C-B|Toronto, ON",Intermédiaire,Intermédiaire,
00001655,La Lecture sous toutes ses formes 1,"CANAC-MARQUIS, Jean|LABROSSE, Johannes",,Centre éducatif et culturel inc.,[1974?],1974-01-01,1974-12-31,,,"23 cm: 212 p., ill. (la plupart en coul.)",ISBN 0-7751-0030-7,,Français,"Montréal, QC",,,
00001656,Word Magic : An Anthology of Poems for Grades Nine and Ten,"CASE DILTZ, Bert",,McClelland and Stewart Limited,[1957?],1957-01-01,1957-12-31,,,"21 cm: xii, 268 p.",,Comprend des notes biographiques à la fin de l'ouvrage,Anglais,"Toronto, ON",Secondaire,9e et 10e année,
00001657,Language Journeys : Grade 3,"HALL, T. Roy|BROOME, E. B.",,Macmillan and Co. of Canada Ltd.,[1952?],1952-01-01,1952-12-31,,,"21 cm: xi, 228 p., ill. (certaines en coul.)",,Comprend un index à la fin de l'ouvrage,Anglais,"Toronto, ON",Primaire,3e année,
00001658,Essays and Ahort Stories : For Matriculation Classes,"KINGSTON, E. F.",,J. M. Dent & Sons Canada Ltd.,[1948?],1948-01-01,1948-12-31,,,"20 cm: xi, 420 p.",,Comprend des notes et des questions et une bibliogr. à la fin de l'ouvrage,Anglais,"Toronto, ON",,,
00001659,Lisons la musique : manuel de l'élève : 1re année,"LEGRADY, Thomas|COURTEMANCHE-AUCLAIR, Jeanne",,Fides,[1967?],1967-01-01,1967-12-31,,,"25 cm: 45 p., ill. en coul.",,Sur la p. de t. : adaptation canadienne-française de la méthode Kodaly,Anglais,"Ottawa, ON",Primaire,1ère année,
00001660,A World Story for Ancient,"NEW, Chester W.|PHILLIPS, Charles E.",,s.n.,[19--?],1899-12-31,1999-12-31,,,"21 cm: viii, 566 p., ill. et cartes",,Comprend une bibliogr. et un index à la fin de l'ouvrage,Anglais,,,,
00001661,If I Were Going,"O'DONNELL, Mabel|CAREY, Alice|HOOPES, Florence|HOOPES, Margaret",The Alice and Jerry Books Reading Foundation Series,"Row, Peterson and Company",[1936?],1936-01-01,1936-12-31,,,"20 cm: 344 p., ill. (la plupart en coul.)",,Comprend un vocabulaire à la fin de l'ouvrage,Anglais,"New York, NY",,,
00001662,Le Langage à l'école active : expression orale et écrite : premier livre,"PICARD, M.|CABAU, M.|JUGHON, B.|GÉLINAS, P.",Le Langage à l'école active ; 1,Centre éducatif et culturel inc.,[1967?],1967-01-01,1967-12-31,,,"24 cm: 94 p., ill. en coul.",,,Français,"Montréal, QC",Primaire,3e année,
00001663,Le Langage à l'école active : expression orale et écrite : deuxième livre,"PICARD, M.|CABAU, M.|JUGHON, B.|GÉLINAS, P.",Le Langage à l'école active ; 1,Centre éducatif et culturel inc.,[1968?],1968-01-01,1968-12-31,,,"24 cm: 159 p., ill. en coul.",,,Français,"Montréal, QC",Primaire,4e année,
00001664,Life and Literature To-day : Part 1,"SCOLAND, Andrew|AUSTEN, John|HOWARD, Norman",,James Nisbet & Co. Ltd; The Copp Clark Publishing Co. Ltd.,[1937?],1937-01-01,1937-12-31,,,"20 cm: 256 p., quelques ill. et cartes",,Comprend une bibliogr. au début de l'ouvrage,Anglais,"London, UK|Vancouver, C-B|Toronto, ON",,,
00001665,D'autres merveilles,"SMITH, Victor C.|CLARKE, Katherine|TEETERS, W. R.|CARRIÈRE, Laurier",Les Sciences et la vie ; 3,"Longmans, Green & Company",1957,1957-01-01,1957-12-31,,,"22 cm: 160 p., ill. (la plupart en coul.)",,Comprend un glossaire à la fin de l'ouvrage,Anglais,"Toronto, ON",,,
00001666,Developing Comprehension in Reading 2,"THOMAS, Mary|RAMSAY, Marion|MERLE SMITH, John",Developing Comprehension in Reading ; 2,J. M. Dent & Sons Canada Ltd.,[1965?],1965-01-01,1965-12-31,,,"21 cm: ix, 149 p., ill. en coul.",,,Anglais,Canada,,,
00001667,Teacher's Guide to Riding with the Sun : Book 4,"WATSON, Stanley",,Thomas Nelson & Sons Ltd.,[1947?],1947-01-01,1947-12-31,,,"20 cm: xiii, 236 p.",,,Anglais,"Toronto, ON",Primaire,4e année,
00001668,Teacher's Guide on the Beam : Book 6,"WATSON, Stanley",,Thomas Nelson & Sons Ltd.,[1950?],1950-01-01,1950-12-31,,,"20 cm: xiii, 166 p.",,Comprend un index à la fin de l'ouvrage,Anglais,"Toronto, ON",Primaire,6e année,
00001669,Hiyou Tumtum,"ZOLA, Meguido|BROWN, Frances|TOMLIN, Barbara|WOOD, Barb|BIRTCH, Robert|STAPE, John H.","Hiyou Series, A Canadian Language Arts Program ; 2",CommCept Publishing Ltd,[1978?],1978-01-01,1978-12-31,,,"23 cm: 302 p., ill.",ISBN 0-88829-032-2,,Anglais,"Vancouver, C-B",,,
00001670,Hiyou Waw-waw,"ZOLA, Meguido|BROWN, Frances|TOMLIN, Barbara|WOOD, Barb|BIRTCH, Robert|STAPE, John H.","Hiyou Series, A Canadian Language Arts Program ; 3",CommCept Publishing Ltd,[1978?],1978-01-01,1978-12-31,,,"23 cm: 252 p., ill.",ISBN 0-88829-043-8,,Anglais,"Vancouver, C-B",,,
00001671,3 [Chansons],,,s.d.,[19--?],1899-12-31,1999-12-31,,,"29 cm: env. 30 p., ill.",,,Français,,,,
00001672,4 [Chansons],,,s.d.,[19--?],1899-12-31,1999-12-31,,,"29 cm: env. 34 p., ill.",,,Français,,,,
00001673,Anthologie : 7e et 8e années,"Association des enseignants franco-ontariens|HÉLÈNE, S. B.",,Association des enseignants franco-ontariens,[19--?],1899-12-31,1999-12-31,,,"28 cm: xxi, 134 p.",,Comprend une bibliogr. : p. xxi,Français,"Ottawa, ON",Intermédiaire,7e et 8e année,
00001674,Anthologie : 7e et 8e années,Association des enseignants franco-ontariens,,Association des enseignants franco-ontariens,1965,1965-01-01,1965-12-31,,,28 cm: 74 p.,,Sur la couv. : 12e colloque de l'AEFO,Français,"Ottawa, ON",Intermédiaire,7e et 8e année,
00001675,Magie des saisons : livre du maître,"BÉLANGER, Jean-D.|LAFRAMBOISE, Yvon|LANGEVIN, Claude|ALLINSON, Alec|ALLINSON, Beverley|MCINNES, John",,Éd. Nelson Canada,[1974?],1974-01-01,1974-12-31,,,"24 cm: 192 p., ill.",,Adap. de : Magic Seasons Teacher's Guide. -- Comprend des bibliogr. à la fin de l'ouvrage. -- ISBN 0-176-31989-1,Français,"Don Mills, ON",Primaire,Primaire,
00001676,Mille lieux : livre du maître,"BÉLANGER, Jean-D.|LAFRAMBOISE, Yvon|LANGEVIN, Claude|ALLINSON, Alec|ALLINSON, Beverley|MCINNES, John",,Éd. Nelson Canada,[1973?],1973-01-01,1973-12-31,,,"24 cm: 184 p., ill.",,Adap. de : Manspace Teacher's Guide. -- Comprend des bibliogr. à la fin de l'ouvrage. -- ISBN 0-176-31936-0,Français,"Don Mills, ON",Primaire,Primaire,
00001677,Programme de grammaire française,"CHARBONNEAU, Louis|LAPLANTE, Lucien",,Imprimerie du Droit,1936,1936-01-01,1936-12-31,,,19 cm: 51 p.,,,Français,"Ottawa, ON",,,
00001678,Aides pédagoqiques en composition française pour la 7e année,Association de l'enseignement français de l'Ontario,,Association de l'enseignement français de l'Ontario,1958,1958-01-01,1958-12-31,,,28 cm: 81 p.,,Introduction par le Frère Lucien,Français,Ontario,Intermédiaire,7e année,
00001679,"Français 5e année, unité 1 : le discours expressif : une expérience vécue : le discours incitatif : l'affiche","DUBÉ, G.-A.|MASSÉ, Marcel|CADIEUX, Gaston|LALONDE-PILON, Ghistlaine",,Conseil des écoles séparées catholiques d'Ottawa; Conseil des écoles séparées catholiques de Prescott-Russell; Conseil des écoles séparées catholiques du comté de Renfrew,1981,1981-01-01,1981-12-31,,,"28 cm: xiii, 143 p., tableaux",,Sur la couv. : plan d'études. -- Comprend des annexes à la fin de l'ouvrage,Français,"Ottawa, ON|L'Orignal, ON|Pembroke, ON",Primaire,5e année,
00001680,"Français 6e année, unité 1 : le discours informatif : l'exposé et le dépliant publicitaire","DUBÉ, G.-A.|MASSÉ, Marcel|CADIEUX, Gaston|LALONDE-PILON, Ghistlaine",,Conseil des écoles séparées catholiques d'Ottawa; Conseil des écoles séparées catholiques de Prescott-Russell; Conseil des écoles séparées catholiques du comté de Renfrew,1981,1981-01-01,1981-12-31,,,"28 cm: xiii, 112 p., tableaux",,Sur la couv. plan d'études. -- Comprend des annexes à la fin de l'ouvrage,Français,"Ottawa, ON|L'Orignal, ON|Pembroke, ON",Primaire,6e année,
00001681,"Français 8e année, unité 1 : le discours informatif : la présentation d'un personnage et l'autobiographie","DUBÉ, G.-A.|MASSÉ, Marcel|CADIEUX, Gaston|LALONDE-PILON, Ghistlaine",,Conseil des écoles séparées catholiques d'Ottawa; Conseil des écoles séparées catholiques de Prescott-Russell; Conseil des écoles séparées catholiques du comté de Renfrew,1981,1981-01-01,1981-12-31,,,"28 cm: xiii, 134 p., tableaux",,Sur la couv. : plan d'études. -- Comprend des annexes à la fin de l'ouvrage,Français,"Ottawa, ON|L'Orignal, ON|Pembroke, ON",Intermédiaire,8e année,
00001682,"Français 4e année, unité 2, 3",,,s.n.,[19--?],1899-12-31,1999-12-31,,,"28 cm: 139, 188 p., tableaux",,Comprend des annexes dans le milieu et à la fin de l'ouvrage. -- Ouvrage est une compilation de l'unité 2 et 3,Français,,Primaire,4e année,
00001683,Français 7e année : unité III : le discours expressif : improvisation : le discours incitatif : lettre d'invitation,,,s.n.,[19--?],1899-12-31,1999-12-31,,,"28 cm: P. 186-311, ill. et tableaux",,Comprend des annexes à la fin de l'ouvrage,Français,,Intermédiaire,7e année,
00001684,Français 7e année : unité IV : le discours poétique : la chanson de folklore et le poème,,,s.d.,[19--?],1899-12-31,1999-12-31,,,"28 cm: P. 314-409, ill. et tableaux",,Comprend des partitions. -- Comprend des annexes à la fin de l'ouvrage,Français,,Intermédiaire,7e année,
00001685,Poèmes : pour l'enseignement primaire : 1943-44,Normaliens|Normaliennes,,École normale de l'Université d'Ottawa,1944,1944-01-01,1944-12-31,,,28 cm: 66 p.,,,Français,"Ottawa, ON",Primaire,Primaire,
00001686,Composition : 8e année,Soeur Charles-Auguste,,Secrétariat de l'Association des enseignants franco-ontariens,[19--?],1899-12-31,1999-12-31,,,28 cm: 56 p.,,,Français,"Ottawa, ON",Intermédiaire,8e année,
00001687,Voc et bulaire : à la découverte des mots,Association des enseignants franco-ontariens,,Association des enseignants franco-ontariens,[19--?],1899-12-31,1999-12-31,,,"28 cm: 45 p., ill.",,,Français,Ontario,Primaire,4 à 6 ans,
00001688,At the Zoo : Link Reader 1,"ALEXANDER, L. G.|Bailey Perrengell Design Ltd.",,Longman Group Ltd.,[1968?],1968-01-01,1968-12-31,,,"13 x 22 cm: 16 p., ill. en coul.",,"Sur la couv. : Look, Listen, and Learn !. -- ISBN 0-582-51973-X",Anglais,"London, UK",,,
00001689,"Look, Listen, and Learn ! : An Integrated English Course for Children : Pupils' Book One","ALEXANDER, L. G.|Bailey Perrengell Design Ltd.",,Longman Group Ltd.,[1968?],1968-01-01,1968-12-31,,,"24 cm: 120 p., ill. (certaines en coul.)",ISBN 0-582-51971-3,,Anglais,"London, UK",Primaire,8 et 9 ans,
00001690,"Look, Listen, and Learn ! : An Integrated English Course for Children : Pupils' Book Two","ALEXANDER, L. G.|Bailey Perrengell Design Ltd.",,Longman Group Ltd.,[1969?],1969-01-01,1969-12-31,,,"24 cm: 120 p., ill. en coul.",ISBN 0-582-51981-0,,Anglais,"London, UK",Primaire,9 et 10 ans,
00001691,"Look, Listen, and Learn ! : An Integrated English Course for Children : Workbook 2a","ALEXANDER, L. G.",,"Longmans, Green & Company",[1969?],1969-01-01,1969-12-31,,,"28 cm: 64 p., ill.",ISBN 0-582-51978-0,,Anglais,"London, UK",,,
00001692,"Look, Listen, and Learn ! : An Integrated English Course for Children : Workbook 2b","ALEXANDER, L. G.",,Longman Group Ltd.,[1970?],1970-01-01,1970-12-31,,,28 cm: 64 p.,ISBN 0-582-51987-X,,Anglais,"London, UK",,,
00001693,Professor Boffin's Umbrella : Stage 2 : Longman Structural Readers,"ALEXANDER, L. G.|Bailey Perrengell Design Ltd.",Longman Structural Readers,Longman Group Ltd.,[1970?],1970-01-01,1970-12-31,,,"13 x 22 cm: 32 p., ill. en coul.",ISBN 0-582-53724-X,,Anglais,"London, UK",,,
00001694,The Playful Little Dog,"BERG, Jean Horton|ROBERTSON, Maurice",Nursery Treasure Books,Grosset & Dunlap,[1951?],1951-01-01,1951-12-31,,,"29 cm: env. 20 p., ill. en coul.",,,Anglais,"New York, NY",,,
00001695,"The Leaf not the Tree : Creative Workshop 1 : Working with Words, Pictures, and Sounds","CAMERON, Jack R.|PLATTOR, Emma E.",,Gage Educational Publishing Limited,[1971?],1971-01-01,1971-12-31,,,"25 cm: 67 p., ill.",,,Anglais,"Toronto, ON",,,
00001696,"The Leaf not the Tree : Creative Workshop 2 : Working with Words, Photographs, and Tape Recordings","CAMERON, Jack R.|PLATTOR, Emma E.",,Gage Educational Publishing Limited,[1971?],1971-01-01,1971-12-31,,,"25 cm: 60 p., ill.",,,Anglais,"Toronto, ON",,,
00001697,"The Leaf not the Tree : Creative Workshop 3 : Working with Print, Film, and Tape","CAMERON, Jack R.|PLATTOR, Emma E.",,Gage Educational Publishing Limited,[1971?],1971-01-01,1971-12-31,,,"25 cm: 67 p., ill.",,,Anglais,"Toronto, ON",,,
00001698,English Grammar and Exercices : Book Three,"CHAPMAN, L. R. H.|ROWLES, Daphne",,"Longmans, Green & Company",[1964?],1964-01-01,1964-12-31,,,"18 cm: 107 p., quelques ill.",,,Anglais,"London, UK",,,
00001699,Developing Children's Word-Perception Power : Grade 1-3,"GRAY, William S.",,"Scott, Foresman and Company; W. J. Gage & Co. Ltd.",[1954?],1954-01-01,1954-12-31,,,"20 cm: 96 p., quelques ill.",,"Sur la couv. : Teaching Children How to Use Context and Word-Form Clues, Phonetic and Structural Analysis, Developing Dictionary Readiness. -- Sur la p. de t. : With the New Basic Readers : Curriculum Foundation Series. -- Comprend un index à la fin de l'ouvrage",Anglais,"Scarborough, ON",Primaire,1ère à 3e année,
00001700,We Work and Play,"GRAY, William S.|BARUCH, Dorothy|RIDER MONTGOMERY, Elizabeth|CAMPBELL, Eleanor",Basic Readers : Curriculum Foundation Series ; 2,W. J. Gage & Co. Ltd.,[19--?],1899-12-31,1999-12-31,,,"20 cm: 64 p., ill. en coul.",,Comprend un vocabulaire à la fin de l'ouvrage,Anglais,"Toronto, ON",Primaire,Pré-primaire,
00001701,Phonics We Use : Book D,"HALVORSEN, Mabel|PRATT, Marjorie|MEIGHEN, Mary",,Lyon and Carnahan inc.,[1966?],1966-01-01,1966-12-31,,,"28 cm: 96 p., ill. en coul.",,,Anglais,"Chicago, IL",,,
00001702,Oxford Progressive Colour Dictionary,"HORNBY, A. S.|PARNWELL, E. C.|PORTER, Caroline|BRENNAN, John",,Oxford University Press,1973,1973-01-01,1973-12-31,,,"24 cm: 186 p., ill. et cartes en coul.","ISBN éd. papier 0-19-431130-9, éd. [d'étude de cas] 0-19-431131-7",Révisé par un comité de professeur de l'enseignement secondaire au Canada,Anglais,"London, UK",,,
00001703,Story to Read and Tell : First Series,"KARR, W. J.",,The Copp Clark Company Ltd.,1932,1932-01-01,1932-12-31,,,17 cm: 90 p.,,Comprend des questions à la fin des histoires,Anglais,"Toronto, ON",,,
00001704,Story to Read and Tell : Second Series,"KARR, W. J.",,The Copp Clark Company Ltd.,1932,1932-01-01,1932-12-31,,,17 cm: 142 p.,,Comprend des questions à la fin des histoires,Anglais,"Vancouver, C-B|Toronto, ON",,,
00001705,Here We are Again,"MARGUERITE, M.|DILLON, Corinne",Faith and Freedom ; 3,Ginn and Company,[19--?],1899-12-31,1999-12-31,,Nouv. éd.,"20 cm: 62 p., ill. en coul.",,Comprend un vocabulaire à la fin de l'ouvrage,Anglais,"Toronto, ON",Primaire,Pré-primaire,
00001706,Here We Come,"MARGUERITE, M.|WARE, Charlotte",Faith and Freedom ; 1,Ginn and Company,[19--?],1899-12-31,1999-12-31,,Nouv. éd.,"20 cm: 47 p., ill. en coul.",,Comprend un vocabulaire à la fin de l'ouvrage,Anglais,"Toronto, ON",Primaire,Pré-primaire,
00001707,This is Our Home,"MARGUERITE, M.|JOHNSON, Georges|WARE, Charlotte",Faith and Freedom ; 2,Ginn and Company,[1942?],1942-01-01,1942-12-31,,,"20 cm: 46 p., ill. en coul.",,Comprend un vocabulaire à la fin de l'ouvrage,Anglais,"Boston, MA|Toronto, ON",Primaire,Pré-primaire,
00001708,This is Our Home,"MARGUERITE, M.|WARE, Charlotte",Faith and Freedom ; 2,Ginn and Company,[194-?],1940-01-01,1949-12-31,,Nouv. éd.,"20 cm: 64 p., ill. en coul.",,Comprend un vocabulaire à la fin de l'ouvrage,Anglais,"Toronto, ON",Primaire,Pré-primaire,
00001709,"Introduction to Phonics, Spelling and Reading : Pupil's Manual : Part One","MCCOY, Marie|Conseil des écoles séparées catholiques romaines du district de Sudbury",The McLach English Series,Guérin,[1981?],1981-01-01,1981-12-31,,,"23 cm: xii, 147 p., ill. en coul.",ISBN 2-7601-0287-4,,Anglais,"Montréal, QC",Primaire,Primaire,
00001710,English Teaching Forum [publication en série] : A Journal for the Teacher of English Outside the United States,"STRYKER, Shirley L.|SADLER, Elva Elizabeth",,Information Center Service of the United States Information Agency,1969,1969-01-01,1969-12-31,,,"27 cm: 48 p., ill.",,"Bimensuel. -- Vol. VII, no. 5 (sept.-oct 1969). -- Comprend une bibliogr. et un index à la fin de l'ouvrage",Anglais,Washington,,,
00001711,Creative Teaching of the Language Arts : In the Elementary School,"SMOTH, James A.|PAUL TORRANCE, E.",Allyn and Bacon Series in Creative Teaching ; 2,Allyn and Bacon inc.,[1967?],1967-01-01,1967-12-31,,,"21 cm: xv, 304 p., ill.",,Comprend un index à la fin de l'ouvrage,Anglais,"Boston, MA",Primaire,Primaire,
00001712,This is Our Home,,Faith and Freedom Basic Readers ; 2,Ginn and Company,[1962?],1962-01-01,1962-12-31,,Éd. révisée,"23 cm: 64 p., ill. en coul.",,Comprend un vocabulaire à la fin de l'ouvrage,Anglais,"Toronto, ON",Primaire,Pré-primaire,
00001713,The History of Henry the Fourth : Part 1,"SHAKESPEARE, William|WRIGHT, Louis B.|LAMAR, Virginia A.",,Washington Square Press Inc.,1961,1961-01-01,1961-12-31,,,"16 cm: xlvii, 115 p., ill.",,Sur la couv. : The Folger Library General Reader's Shakespeare,Anglais,"New York, NY",,,
00001714,La Bonne chanson à l'école : huitième année,,,La Bonne chanson,1943,1943-01-01,1943-12-31,,,"28 cm: 24 p., ill.",,Sur la couv. : ce recueil est publié avec la permission du ministère de l'Instruction Publique de l'Ontario et l'usage en est soumis à l'approbation des commissions scolaires. -- Comprend des partitions,Français,"St-Hyacinthe, QC",Intermédiaire,8e année,
00001715,La Lecture sous toutes ses formes 2,"CANAC-MARQUIS, Jean|MAJOR, Henriette|PARSON, Michèle Parson",,Centre éducatif et culturel inc.,[1976?],1976-01-01,1976-12-31,,,"23 cm: 291 p., ill. en coul.",ISBN 0-7751-0040-4,,Français,"Montréal, QC",,,
00001716,La Lecture sous toutes ses formes 3,"CANAC-MARQUIS, Jean|MAJOR, Henriette|PARSON, Michèle Parson",,Centre éducatif et culturel inc.,[1977?],1977-01-01,1977-12-31,,,"23 cm: 310 p., ill. en coul.",ISBN 0-7751-0042-0,,Français,"Montréal, QC",,,
00001717,La Lecture sous toutes ses formes 4,"CANAC-MARQUIS, Jean|PRIMEAU, Gilles|CANAC-MARQUIS, Francine",,Centre éducatif et culturel inc.,[1972?],1972-01-01,1972-12-31,,,"23 cm: 369 p., ill. en coul.",,Comprend un index à la fin de l'ouvrage. -- ISBN 0-7751-0020-X,Français,"Montréal, QC",,,
00001718,Teachers Manual to Accompany High Flight,"BARRETT, Franklin L.|MACINTOSH, J. R.|LEWIS, C. E",Canadian Development Series,The Copp Clark Publishing Co. Ltd.,[1953?],1953-01-01,1953-12-31,,,"21 cm: xlvii, 341 p.",,,Anglais,"Vancouver, C-B|Toronto, ON",Intermédiaire,7e année,
00001719,Teachers Manual to Accompany Shining Skies,"BIEHL, Fred C.|MACINTOSH, J. R.|BARRETT, Franklin L.|LEWIS, C. E",Canadian Development Series,The Copp Clark Publishing Co. Ltd.,[1955?],1955-01-01,1955-12-31,,,"21 cm: xlix, 273 p.",,,Anglais,"Vancouver, C-B|Toronto, ON",Intermédiaire,8e année,
00001720,Précis de géographie physique générale,"BIROT, P.",,Librairie Armand Colin,1968,1968-01-01,1968-12-31,,3e éd. refondue,"23 cm: 339 p., ill., graph. et cartes (quelques en coul.)",,Comprend une bibliogr. et un index à la fin de l'ouvrage,Français,"Paris, FR",,,
00001721,France et Communauté 3e,"BLANC, A.|PERNET, L.|PERPILLOU, A.",Géographie ; 3,Classiques Hachette,[1959?],1959-01-01,1959-12-31,,,"23 cm: 224 p., ill., graph. et cartes (certains en coul.)",,Comprend un lexique à la fin de l'ouvrage,Français,"Paris, FR",Système français,3e année (France),
00001722,Europe et U.R.S.S. 4e,"BLANC, A.|PERPILLOU, A.",Géographie ; 4,Classiques Hachette,[1958?],1958-01-01,1958-12-31,,,"23 cm: 222 p., ill., graph. et cartes (certains en coul.)",,Comprend un lexique à la fin de l'ouvrage,Français,"Paris, FR",Système français,4e année (France),
00001723,Language Journeys : Grade VIII,"BROOME, E. B.|MCGECHAEN, J.|CAUDLE, Nancy",,Macmillan and Co. of Canada Ltd.,[1954?],1954-01-01,1954-12-31,,,"21 cm: xv, 363 p., ill. (certaines en coul.)",,Comprend un index à la fin de l'ouvrage,Anglais,"Toronto, ON",Intermédiaire,8e année,
00001724,Géographie générale (physique et humaine): cahier de travaux pratiques no 1,"DAGENAIS, Pierre",Pierre Dagenais,Centre de psychologie et de pédagogie,1957,1957-01-01,1957-12-31,1957-05-15,,"25 cm: 47 p., ill., graph., tableaux et cartes",,,Français,"Montréal, QC",Intermédiaire,8e année,
00001725,Le Monde moins l'Amérique : cahier de travaux pratiques no 2,"DAGENAIS, Pierre",Pierre Dagenais,Centre de psychologie et de pédagogie,1957,1957-01-01,1957-12-31,1957-05-15,,"25 cm: 59 p., cartes",,,Français,"Montréal, QC",Secondaire,9e année,
00001726,Le Monde moins l'Amérique : cahier de travaux pratiques no 2 : maître,"DAGENAIS, Pierre",Pierre Dagenais,Centre de psychologie et de pédagogie,1959,1959-01-01,1959-12-31,1959-05-20,,"25 cm: 59 p., cartes",,,Français,"Montréal, QC",Secondaire,9e année,
00001727,Le Monde (moins le Canada) : cahier de travaux pratiques no 3,"DAGENAIS, Pierre",Pierre Dagenais,Centre de psychologie et de pédagogie,1957,1957-01-01,1957-12-31,1957-05-15,,"25 cm: 47 p., cartes",,,Français,"Montréal, QC",Secondaire,10e année,
00001728,Le Monde (moins le Canada) : cahier de travaux pratiques no 3 : maître,"DAGENAIS, Pierre",Pierre Dagenais,Centre de psychologie et de pédagogie,1957,1957-01-01,1957-12-31,1959-05-20,,"25 cm: 47 p., cartes",,,Français,"Montréal, QC",Secondaire,10e année,
00001729,L'Amérique (le Canada) : cahier de travaux pratiques no 4,"DAGENAIS, Pierre",Pierre Dagenais,Centre de psychologie et de pédagogie,1957,1957-01-01,1957-12-31,1959-05-20,,"25 cm: 63 p., graph. et cartes",,,Français,"Montréal, QC",Secondaire,11e année,
00001730,L'Amérique (le Canada) : cahier de travaux pratiques no 4 : maître,"DAGENAIS, Pierre",Pierre Dagenais,Centre de psychologie et de pédagogie,1957,1957-01-01,1957-12-31,,,"25 cm: 63 p., graph. et cartes",,,Français,"Montréal, QC",Secondaire,11e année,
00001731,Patterns for Writing 1,"DASHWOOD-JONES, D.",,W. J. Gage & Co. Ltd.,[1966?],1966-01-01,1966-12-31,,,23 cm: 95 p.,,,Anglais,"Toronto, ON",,,
00001732,The United States and Canada,"DURY, G. H.|MATHIESON, R. S.",,Heinemann Educational Books Ltd,[1970?],1970-01-01,1970-12-31,,,"25 cm: xii, 323 p., ill, graph. et cartes",,Comprend une bibliogr. et un index à la fin de l'ouvrage. -- ISBN 435-34-270-3,Anglais,"London, UK",Secondaire,Secondaire,
00001733,The Foundations of the West,"FISHWICK, D.|WILKINSON, B.|CAIRNS, J. C.|KUNZ, Robert|RICKER, John C.|SAYWELL, John T.","The Background of Our Times, Series II ; I","Clarke, Irwin & Company Ltd.",[1963?],1963-01-01,1963-12-31,,,"23 cm: ix, 405 p., ill, graph. et cartes",,Comprend une bibliogr. et un index à la fin de l'ouvrage,Anglais,"Toronto, ON",,,
00001734,"Creative English, Grade Three","GIFFORD, Marion|EDMONDSON, Rosanne",The Canadian Language Development Series ; 1,The Copp Clark Publishing Co. Ltd.,[1961?],1961-01-01,1961-12-31,,,"21 cm: xix, 231 p., ill. en coul.",,,Anglais,"Vancouver, C-B|Toronto, ON",Primaire,3e année,
00001735,English Explorers of North America,"GRANT, Neil|MCCANN, Gerald",,Julian Messner,[1970?],1970-01-01,1970-12-31,,,"22 cm: 96 p., ill.",,Comprend un index à la fin de l'ouvrage,Anglais,"New York, NY",,,
00001736,The Pathfinders of North America,"GUILLET, Edwin C.|GUILLET, Mary E.|PRUETER, Marian|KUNZ, Robert|PARKER, Lewis",,Macmillan and Co. of Canada Ltd.,[1957?],1957-01-01,1957-12-31,,,"21 cm: x, 364 p., ill. et cartes (certaines en coul.)",,Comprend un index à la fin de l'ouvrage,Anglais,Canada,,,Géographie|Histoire
00001737,"Creative English, Grade Four","HANMER, J. D.|LANGRTY, Roberta",The Canadian Language Development Series ; 2,The Copp Clark Publishing Co. Ltd.,[1959?],1959-01-01,1959-12-31,,,"21 cm: xxi, 198 p., ill. (certaines en coul.)",,,Anglais,"Vancouver, C-B|Toronto, ON",Primaire,4e année,
00001738,A Bibliography of Paperback Books Relating to Geography,"HORNSTEIN, Hugh A.",NCGE Bibliography Series,National Council for Geographic Education,[1970?],1970-01-01,1970-12-31,,,"23 cm: vii, 44 p.",,,Anglais,"Chicago, IL",,,
00001739,Lands Overseas,"CARSWELL, Gordon E.",Discovering Geography ; 3,Bellhaven House,[1962?],1962-01-01,1962-12-31,,,"23 cm: xiii, 338 p., ill., graph. tableaux et cartes",,Comprend un index à la fin de l'ouvrage,Anglais,"Toronto, ON",,,
00001740,Carousel 1 : An Enrichment Reader,"MCINTOSH, J. R.|BARRETT, Franklin L.|BIEHL, Fred C.|MERCER, Barbara|RAYNER, Gordon",The Canadian Reading Development Series Primaire,The Copp Clark Publishing Co. Ltd.,[1965?],1965-01-01,1965-12-31,,,"23 cm: 92 p., ill. (certaines en coul.)",,Comprend un vocabulaire à la fin de l'ouvrage,Anglais,"Vancouver, C-B|Toronto, ON",Primaire,Primaire,
00001741,This Land : a Geography of Canada,"WAHL, Edward|JACOB, Georg|JAKOI, John",,Oxford University Press,1961,1961-01-01,1961-12-31,,,"23 cm: xiii, 548 p., ill., graph., tableaux et cartes",,Comprend des appendices et un index à la fin de l'ouvrage,Anglais,"Toronto, ON",,,
00001742,World Communities,"GIRT, Hilary|PLAIN, Elizabeth|BELOW, Halina|COTE, Anne|MATTHEWS, Geoffrey|YANNAKIS, Christine|ZSIGO, Frank|MITCHELL, Peter|WILKINSON, Sue",,Ginn and Company,[1977?],1977-01-01,1977-12-31,,,"26 cm: viii, 279 p., ill., graph. et cartes (certains en coul.)",ISBN 0-7702-0492-9,,Anglais,Canada,,,
00001743,Notre histoire,"BROWN, George W.|HARMAN, Eleanor|JEANNERET, Marsh|BILODEAU, Charles Bilodeau|BYERS, Virginia|SALISBURY, Margaret|BROWN, Sylvia",,The Copp Clark Publishing Co. Ltd.,1952,1952-01-01,1952-12-31,,,"21 cm: xiii, 434 p., ill. (certaines en coul.)",,Comprend un index à fin de l'ouvrage,Français,"Toronto, ON",,,
00001744,Ontario High School Physical Geography,"CORNISH, George A.|WHYTE, David",,The Ryerson Press,1923,1923-01-01,1923-12-31,,,"20 cm: vii, 389 p., ill., graph., tableaux et cartes",,Comprend un index à fin de l'ouvrage,Anglais,"Toronto, ON",,,
00001745,Senior High School Algebra,"CRAWFORD, J. T.",Macmillan's Canadian School Series,Macmillan and Co. of Canada Ltd.,1934,1934-01-01,1934-12-31,,,"19 cm: x, 262 p.",,,Anglais,"Toronto, ON",Secondaire,"Senior, High School",
00001746,"The Modern Age 1500-1763, suivi de, Modern Age 1760-1955","CRUICKSHANK, J. E.|RICHARDS, Denis",,Longmans Canada Ltd.,[1963?],1963-01-01,1963-12-31,,,"20 cm: 32, viii, 568 p., ill. et cartes",,"Comprend un glossaire, une bibliogr. et un index à la fin de l'ouvrage",Anglais,"Toronto, ON",Secondaire,Secondaire,
00001747,Britain and the Empire from 1603,"DANIHER, E. L.",,s.n.,[19--?],1899-12-31,1999-12-31,,,"19 cm: ix, 341 p., ill.",,Comprend des appendices et un index à la fin de l'ouvrage,Anglais,,,,
00001748,Ancient History : For High School,"DEWITT, Norman W.",,Macmillan and Co. of Canada Ltd.,1934,1934-01-01,1934-12-31,,Éd. révisée,"19 cm: vi, 312 p., ill. et cartes",,Comprend un index à la fin de l'ouvrage,Anglais,"Toronto, ON",Secondaire,High School,
00001749,A New Geometry : Analytic,"DURRANT, J. E.|KINGSTON, H. R.",,Macmillan and Co. of Canada Ltd.,1938,1938-01-01,1938-12-31,,,"20 cm: ix, 158, v, 62 p., graph.",,,Anglais,"Toronto, ON",,,
00001750,Géométrie analytique,Les Frères de l'instruction chrétienne,,Frères de l'instruction chrétienne,1970,1970-01-01,1970-12-31,,,"18 cm: 89 p., graph.",,Comprend un index à la fin de l'ouvrage,Français,"La Mennais, QC",Secondaire,Secondaire,
00001751,La Course du flambeau : pièce en quatre actes,"HERVIEU, Paul|NEELY HENNING, George|CONS, Louis",Health's Modern Language Series ; 1,D. C. Heath and Company,[1922?],1922-01-01,1922-12-31,,,"17 cm: xxi, 151 p.",,Comprend des notes et un vocabulaire à la fin de l'ouvrage,Anglais|Français,"Boston, MA",,,
00001752,A Junior History of England,,,The Ryerson Press,1929,1929-01-01,1929-12-31,,,"20 cm: vii, 222 p., ill. et cartes",,,Anglais,"Toronto, ON",,,
00001753,Textbook of Anatomy and Physiology,"CLIFFORD KIMBER, Diana|GRAY, Carolyn E.|STACKPOLE, Caroline E.",,Macmillan and Co. Ltd.,1938,1938-01-01,1938-12-31,,"10e éd., révisée et réécrite","22 cm: x, 643 p., ill. (certaines en coul.)",,"Comprend une bibliogr., une glossaire et un index à la fin de l'ouvrage",Anglais,"New York, NY",,,
00001754,Selections from Boileau,"KUHNS, Oscar Kuhns",Heath's Modern Language Series,D. C. Heath and Company,[1908?],1908-01-01,1908-12-31,,,"17 cm: viii, 142 p.",,Comprend des notes à la fin de l'ouvrage,Anglais|Français,"Boston, MA",,,
00001755,"Lecture à haute voix, 4e et 5e années",,,"Congrégation de Notre-Dame, Procure des missions",1939,1939-01-01,1939-12-31,1939-05-01,,"21 cm: 304 p., ill.",,,Français,"Montréal, QC",Primaire,4e et 5e année,
00001756,Canada - A Nation : And How it Came to Be,"LOWER, A. R. M.|CHAFE, J. W.",,"Longmans, Green & Company",[1948?],1948-01-01,1948-12-31,,,"22 cm: xiii, 504 p., ill. et cartes",,Comprend un index à la fin de l'ouvrage,Anglais,"Toronto, ON",,,
00001757,The World : A General Regional Geography,"STEMBRIDGE, Jasper H.",The New Oxford Geographies,Oxford University Press,1939,1939-01-01,1939-12-31,,,"19 cm: xii, 532 p., ill., graph., cartes et une carte plié en coul.",,Comprend un index à la fin de l'ouvrage,Anglais,"London, UK",Secondaire,Pupils Preparing for the School Certificate Examination,
00001758,A First Book of Canadian History,"STEWART WALLACE, W. M.",,Macmillan and Co. of Canada Ltd.,[1928?],1928-01-01,1928-12-31,,,"19 cm: 246 p., ill. et cartes",,Comprend un index à la fin de l'ouvrage,Anglais,"Toronto, ON",,,
00001759,Britain's History,"WRONG, George M.",,The Copp Clark Company Ltd.,[1929?],1929-01-01,1929-12-31,,,"20 cm: vii, 396 p., ill.",,Comprend un index à la fin de l'ouvrage,Anglais,"Toronto, ON",,,
00001760,Steps in Map Reading,"ANDERZHON, Louise",,W. J. Gage & Co. Ltd.,[19--?],1899-12-31,1999-12-31,,,"26 cm: iv, 132 p., ill. et cartes",,,Anglais,"Toronto, ON",,,
00001761,Building the Canadian Nation,"BROWN, George W.",,J. M. Dent & Sons Canada Ltd.,[1942?],1942-01-01,1942-12-31,,,"20 cm: xi, 579 p., ill. et cartes",,Comprend un index à la fin de l'ouvrage,Anglais,"Toronto, ON",,,
00001762,"The Ancient and Mediaeval World : Part I, the Ancient World","DANCE, E. H.",,"Longmans, Green & Company",[1940?],1940-01-01,1940-12-31,,,"19 cm: xi, 212 p., ill. et cartes",,Comprend des index et des bibliogr.,Anglais,"Toronto, ON",Secondaire,High School,
00001763,Historic Ontario,"Department of Tourism & Infomation|AULD, James|BRAY, A. S.|Department of Public Records and Archives|KETTLEWELL, William",,Department of Tourism & Information of Ontario,[19--?],1899-12-31,1999-12-31,,,"21 cm: 84 p., ill. en coul.",,,Anglais,"Toronto, ON",,,
00001764,"Manuel des sciences usuelles : zoologie - botanique - minéralogie, Physique - cosmographie - industrie","HUARD, V.-A.|SIMARD, Henri",,Imprimerie de la cie de l'évènement,1907,1907-01-01,1907-12-31,1907-05-15,4e éd.,"19 cm: viii, 391 p., graph. et ill.",,Comprend un index à la fin de l'ouvrage,Français,Québec,Primaire,Primaire,
00001765,The Great Heritage : A History of Britain for Canadians,"LAMBERT, R. S.|BAGSHAW, Ruth|CLARK, Dorothy|KUNZ, Robert",,The House of Grant Canada Ltd.,[1958?],1958-01-01,1958-12-31,,,"22 cm: x, 453, ill., graph. et cartes (certaines en coul.)",,Comprend un index à la fin de l'ouvrage,Anglais,"Toronto, ON",,,
00001766,Latin Poetry Selections : For Grade XIII,"BRESLOVE, D.",,Thomas Nelson & Sons Ltd.,[1948?],1948-01-01,1948-12-31,,,"21 cm: lxxiii, 291",,Comprend un vocabulaire et un index à la fin de l'ouvrage,Anglais,"Toronto, ON",Secondaire,13e année,
00001767,Latin Prose Selections : For Grade XIII,"BRESLOVE, D.",,Thomas Nelson & Sons Ltd.,[1948?],1948-01-01,1948-12-31,,,"21 cm: xxxi, 289, ill. et cartes",,Comprend un vocabulaire et un index à la fin de l'ouvrage,Anglais,"Toronto, ON",Secondaire,13e année,
00001768,Manuel de culture physique à l'usage des écoles,"Conseil éxécutif de la fondation Strathcona|LEWIS, A. G.",,The Copp Clark Company Ltd.,1911,1911-01-01,1911-12-31,,,"20 cm: 173 p., ill.",,Comprend des appendices à la fin de l'ouvrage,Français,"Toronto, ON",Primaire,Primaire,
00001769,The Ontario High School Physics,"MERCHANT, F. W.|CHANT, C. A.",,The Copp Clark Company Ltd.,[1923?],1923-01-01,1923-12-31,,Éd. révisée,"20 cm: vii, 552 p., ill. et graph.",,Comprend un index à la fin de l'ouvrage,Anglais,"Toronto, ON",Secondaire,High School,
00001770,Mathematics for Canadians 8,"MEWHORT, D. S.|GODBOLD, R. S.|CHILD, Victor",,J. M. Dent & Sons Canada Ltd.; Macmillan and Co. of Canada Ltd.,[1952?],1952-01-01,1952-12-31,,,"21 cm: xi, 386 p., ill. et graph.",,,Anglais,Canada,Intermédiaire,8e année,
00001771,The Modern Era,"RICKER, John C.|SAYWELL, John T.|ROSE, Elliot E.|BOND, Courtney C.|MAWSON, Kenneth|SAYWELL, John T.",The Background of Our Times ; IV,"Clarke, Irwin & Company Ltd.",[1960?],1960-01-01,1960-12-31,,,"23 cm: x, 388 p., ill., graph., tableaux et cartes (certains en coul.)",,Comprend un index à la fin de l'ouvrage,Anglais,"Toronto, ON",Intermédiaire,Intermédiaire,
00001772,Selection from Virgil,"ROBERTSON, J. C.|BENNETT, J. S.|GLASSEY, D. A.",,W. J. Gage & Co. Ltd.,1931,1931-01-01,1931-12-31,,,"19 cm: v, 231 p.",,"Comprend des notes, des appendices et un vocabulaire à la fin de l'ouvrage",Anglais|Latin,"Toronto, ON",,,
00001773,École et vie : activités dirigées,"SAINT-LOUIS, Jean|D'AOUST, Aurèle",,Centre de psychologie et de pédagogie,1960,1960-01-01,1960-12-31,1960-09-26,,"23 cm: xiii, 453 p., ill. (la plupart en coul.)",,Comprend un index à la fin de l'ouvrage,Français,"Montréal, QC",Secondaire,Secondaire,
00001774,A History of the Canadian People,"STEWART WALLACE, W. M.",,The Copp Clark Company Ltd.,[1930?],1930-01-01,1930-12-31,,,"20 cm: xiii, 404 p., ill. et cartes",,Comprend un index à la fin de l'ouvrage,Anglais,"Toronto, ON",,,
00001775,Plane and Spherical Trigonometry,"WENTWORTH, G. A.",,Ginn and Company,[1882?],1882-01-01,1882-12-31,,"2e éd., révisé","19 cm: vii, 207, 25 p., ill. et graph.",,,Anglais,"Boston, MA",Universitaire et Collégial,Collèges,
00001776,Grammaire : cours supérieur : livre du maître,"AUGÉ, Claude",,Librairie Larousse,[19--?],1899-12-31,1999-12-31,,,"17 cm: 944 p., ill.",,Comprend des tables à la fin de l'ouvrage,Français,"Paris, FR",Secondaire,Supérieur,
00001777,"Grammaire française : élémentaire, avec une méthode d'analyse grammaticale et d'analyse logique","BARRETT, Franklin L.",,Ad mame et cie,1851,1851-01-01,1851-12-31,,Nouv. éd.,17 cm: 194 p.,,,Français,"Tours, FR",Primaire,Primaire,
00001778,Manuel du bon parler,"BLANCHARD, Étienne",Parlons mieux,Frères des écoles chrétiennes,1936,1936-01-01,1936-12-31,,4e éd.,18 cm: 112 p.,,,Français,"Montréal, QC",,,
00001779,General Science : An Introductory Study of Our Environment : Book Two,"BOWERS, Henry",,J. M. Dent & Sons Canada Ltd.,[1938?],1938-01-01,1938-12-31,,,"19 cm: 440 p., ill., graph. et tableaux",,Comprend un glossaire et un index à la fin de l'ouvrage,Anglais,"Toronto, ON",Secondaire,10e année,
00001780,Leçons élémentaires de physique : classes de philosophie A et B.,"CHASSANGNY, M.|CARRÉ, F.",,Librairie Hachette,[1912?],1912-01-01,1912-12-31,1912-05-04,8e éd.,"18 cm: 604 p., ill. et graph.",,,Français,"Paris, FR",Secondaire,"Secondaire, 1er cycle",
00001781,Deux Cents Dictées : accompagnées de sujets de rédactions (700) et d'un carnet d'art,"COMPÈRE, J.-B.|BALLEUX, J.",,La Procure,[19--?],1899-12-31,1999-12-31,,4e éd.,17 cm: 330 p.,,,Français,"Namur, BE",Universitaire et Collégial,"Écoles primaire supérieure, moyennes, normales et classes d'humanités modernes",
00001782,"Le Vers français : ses moyens d'expression, son harmonie","GRAMMONT, Maurice",,Librairie Delagrave,1937,1937-01-01,1937-12-31,,"4e éd., revue et corrigée",25 cm: 508 p.,,Comprend des tables et un index à la fin de l'ouvrage,Français,"Paris, FR",,,
00001783,Intermediate Mathematics : Book One,"AMES, V. N.|MERLE SMITH, John",Copp Clark Intermediate Mathematics Series ; 1,The Copp Clark Publishing Co. Ltd.,[1952?],1952-01-01,1952-12-31,,,"21 cm: 341 p., ill., graph. et tableaux",,Comprend un index à la fin de l'ouvrage,Anglais,"Vancouver, C-B",Intermédiaire,7e et 8e année,
00001784,Intermediate Mathematics : Book Two,"AMES, V. N.|MERLE SMITH, John|VANDERHORST, John",Copp Clark Intermediate Mathematics Series ; 2,The Copp Clark Publishing Co. Ltd.,[1953?],1953-01-01,1953-12-31,,,"21 cm: 423 p., ill., graph. et tableaux",,Comprend un index à la fin de l'ouvrage,Anglais,"Vancouver, C-B",Intermédiaire,7e et 8e année,
00001785,Exercices d'orthographe et de syntaxe : livre du maître,"LAROUSSE, P.",,Librairie Larousse,[19--?],1899-12-31,1999-12-31,,,18 cm: 299 p.,,Sur la couv. : méthode lexicologique Larousse,Français,"Paris, FR",,,
00001786,Mon livre de français : série A - quatrième année,"BERNIER, J.",,Frères du Sacré-Coeur,1949,1949-01-01,1949-12-31,1948-12-15,,"22 cm: 297 p., ill. en coul.",,,Français,"Montréal, QC",Primaire,4e année,
00001787,Mon livre de français : série A - sixième année,"BERNIER, J.",,Frères du Sacré-Coeur,1950,1950-01-01,1950-12-31,1950-11-02,,"22 cm: 345 p., ill. en coul.",,,Français,"Montréal, QC",Primaire,6e année,
00001788,Grammaire latine à l'usage des classes,"RAGON, E.",,J. de Gigord,1924,1924-01-01,1924-12-31,,19e éd.,18 cm: 318 p.,,Comprend un index à la fin de l'ouvrage,Français|Latin,"Paris, FR",,,
00001789,"La Rédaction française : 5e, 6e, 7e et 8e année : préceptes, modèles, exercices oraux et écrits",,,Frères du Sacré-Coeur,1918,1918-01-01,1918-12-31,,,"19 cm: 206 p., ill.",,,Français,"Montréal, QC",Primaire|Intermédiaire,5e à 8e année,
00001790,Ontario High School English Grammar,"STEVENSON, O. J.|KERFOOT, H. W.",,The Canada Publishing Company Ltd.,1931,1931-01-01,1931-12-31,,,19 cm: 261 p.,,Comprend des appendices et des index à la fin de l'ouvrage,Anglais,"Toronto, ON",Secondaire,High School,
00001791,The Enduring Past from Earliest Times to 1763,"TRUEMAN, John|MOULD, Vernon|MAITLAND, Allistair",,The Ryerson Press,[1959?],1959-01-01,1959-12-31,,,"23 cm: x, 17 p., ill., graph., tableaux et cartes",,Comprend une bibliogr. et un index à la fin de l'ouvrage,Anglais,"Toronto, ON",,,
00001792,The Canadian Wonderworld of Science : Book Five,"KNOX, Warren|STONE, George|MEISTER, Morris|WHEATLEY, Dorothy|STOUFFER, Archibald|FRODERSTROM, Alma|HUBBARD, Frank",,The Book Society of Canada Ltd.,[1941?],1941-01-01,1941-12-31,,,"20 cm: 264 p., ill. (certaines en coul.)",,Comprend des notes et un index à la fin de l'ouvrage,Anglais,"Toronto, ON",Primaire,Primaire,
00001793,"Encore, encore des amis : manuel de lecture globale",,Cathédrale,W. J. Gage & Co. Ltd.,[19--?],1899-12-31,1999-12-31,,,"20 cm: 208 p., ill. en coul.",,Adap. de : Friends and Neighbours et de More Friends and Neighbours. -- Comprend un vocabulaire à la fin de l'ouvrage,Français,"Toronto, ON",Primaire,2e année,
00001794,Techniques of Good Writing,"FORD, Margaret L.",,The Book Society of Canada Ltd.,[1960?],1960-01-01,1960-12-31,,,23 cm: 240 p.,,Comprend des appendices et un index à la fin de l'ouvrage,Anglais,"Agincourt, ON",Secondaire,Secondaire,
00001795,Langue française : cours moyen & supérieur,Frères de l'instruction chrétienne,,Imprimerie du Sacré-Coeur,1916,1916-01-01,1916-12-31,,,"18 cm: xl, 864 p., ill.",,,Français,"Laprairie, QC",Système français,Cours moyen; supérieur,
00001796,Lectures littéraires et scientifiques : quatrième livre,Frères des écoles chrétiennes,,Frères des écoles chrétiennes,1921,1921-01-01,1921-12-31,,,"19 cm: iv, 458 p., ill.",,,Français,"Montréal, QC",Primaire,Primaire,
00001797,"Langue française : quatrième livre : exercices des 6e, 7e et 8e années",Frères des écoles chrétiennes,,Frères des écoles chrétiennes,[1932?],1932-01-01,1932-12-31,1932,,"19 cm: 554 p., ill.",,"Sur la p. de t. : en rapport avec le troisième livre, Code grammatical et préceptes littéraires",Français,"Montréal, QC",Primaire|Intermédiaire,6e à 8e année,
00001798,Leçons de langue française : cours moyen : livre de l'élève,Frères des écoles chrétiennes,,Frères des écoles chrétiennes,[1912?],1912-01-01,1912-12-31,1912-04-08,Éd. revue et corrigée,"19 cm: 282 p., ill.",,,Français,"Montréal, QC",Système français,Cours moyen,
00001799,Leçons de langue française : cours supérieur : livre de l'élève,Frères des écoles chrétiennes,,Frères des écoles chrétiennes,1950,1950-01-01,1950-12-31,1950-05-10,Nouv. éd.,19 cm: 404 p.,,Comprend des tables à la fin de l'ouvrage,Français,"Montréal, QC",Secondaire,Supérieur,
00001800,Geometry for High Schools,"LOUGHEED, W. J.|WORKMAN, J. G.",,Macmillan and Co. of Canada Ltd.,1935,1935-01-01,1935-12-31,,,"19 cm: viii, 338 p., ill. et graph.",,Comprend des définitions à la fin de l'ouvrage,Anglais,"Toronto, ON",Secondaire,High School,
00001801,A First Course in Chemistry,"MARTIN, W. H.",,The Educational Book Company Ltd.,1941,1941-01-01,1941-12-31,,,"20 cm: viii, 324 p., ill. et graph.",,Comprend un index à la fin de l'ouvrage,Anglais,"Toronto, ON",,,
00001802,"Mon livre de français : série A, cinquième année","LEFEBVRE, Gilles-R.|DESMARCHAIS, Guy",,Frères du Sacré-Coeur,1963,1963-01-01,1963-12-31,1963-03-27,Nouv. éd.,"22 cm: 362 p., ill. en coul.",,,Français,"Montréal, QC",Primaire,5e année,
00001803,Prosateurs contemporains : contes et récits,"BOURGET, Paul|GIBSON, A. M.",Bell's Modern Language Text,G. Bell and Sons Ltd,1935,1935-01-01,1935-12-31,,,19 cm: 105 p.,,,Anglais|Français,"London, UK",,,
00001804,Grammaire française : complète,"ROBERT, E.",,Les Clercs de Saint-Viateur,1922,1922-01-01,1922-12-31,,,17 cm: 292 p.,,,Français,"Montréal, QC",Primaire,Primaire,
00001805,Manuel de pédagogie théorique et pratique,"ROSS, François-Xavier",,Imp. Charrier & Dugal limitée,1919,1919-01-01,1919-12-31,,2e éd.,23 cm: 419 p.,,,Français,Québec,,,
00001806,Lectures variées,"TORRENS, R. W.|ARISS, Herbert J.",,The Copp Clark Publishing Co. Ltd.,[1958?],1958-01-01,1958-12-31,,,"20 cm: vii, 216 p., ill.",,Comprend un vocabulaire et des notes à la fin de l'ouvrage,Anglais|Français,"Vancouver, C-B|Toronto, ON",Secondaire,Secondaire,
00001807,Histoire du Canada : cours intermédiaire,Clercs de Saint-Viateur,,Les Clercs de Saint-Viateur,1915,1915-01-01,1915-12-31,1915-09-22,,"17 cm: 258 p., ill. et cartes",,Comprend un lexique à la fin de l'ouvrage,Français,"Montréal, QC",Intermédiaire,Intermédiaire,
00001808,Lectures pour les commençants,"BÉNÉTEAU, A. J.",,The Copp Clark Company Ltd.,1933,1933-01-01,1933-12-31,,,"19 cm: iii, 136 p.",,Comprend un vocabulaire à la fin de l'ouvrage,Anglais|Français,"Toronto, ON",,,
00001809,"Morceaux choisis des auteurs français du Xe au XXe siècle : pour servir à la lecture expliquée dans les classes de 3e, 2e et 1re","CALVET, J.",,J. de Gigord,1935,1935-01-01,1935-12-31,,"9e éd., revue et corrigée","18 cm: viii, 1000 p.",,,Français,"Paris, FR",Système français,1ère à 3e année (France),
00001810,The French Canadian Scholar's Companion an English Grammar,"CHAMBERLAND, J. E.",,Action sociale ltée.,1915,1915-01-01,1915-12-31,,3e éd.,18 cm: 344 p.,,Sur la couv. : Based on French Grammar Comprising the Substance of the Best English Grammars. -- Comprend des index à la fin de l'ouvrage,Anglais,Québec,,,
00001811,Senior Chemistry Manual of Experiments,"CORNISH, George A.",,The Copp Clark Company Ltd.,1935,1935-01-01,1935-12-31,,,"22 cm: v, 162 p., ill., graph. et tableaux",,Comprend des appendices à la fin de l'ouvrage,Anglais,"Toronto, ON",Secondaire,Senior,
00001812,Expression française,"DEGRACE, J.-Gérard|SALISBURY, Margaret|MERLE SMITH, John",,W. J. Gage & Co. Ltd.,[19--?],1899-12-31,1999-12-31,,,"21 cm: xviii, 331 p., ill.",,Comprend un vocabulaire à la fin de l'ouvrage,Français,"Toronto, ON",Primaire,[Primaire],
00001813,Living English,"DITLZ, B. C.|CAVELL, H. E.",,"Clarke, Irwin & Company Ltd.",1939,1939-01-01,1939-12-31,,,"19 cm: viii, 485 p.",,Comprend des appendices et un index à la fin de l'ouvrage,Anglais,"Toronto, ON",,,
00001814,Manuel de pédagogie,"GABRIEL, Edmond",,Maison A. Mame & fils,1909,1909-01-01,1909-12-31,,2e éd.,"18 cm: v, 347 p.",,Sur la p. de t. : à l'usage des écoles catholiques,Français,"Tours, FR",,,
00001815,Exprimez-vous !,"GALLIMORE, John",,George G. Harrap & Co. Ltd.,1955,1955-01-01,1955-12-31,,,19 cm: 96 p.,,"Sur la p. de t. : A Round 500 Questions with Answer Material, for Oral or Written Practice. -- Comprend un index à la fin de l'ouvrage",Anglais|Français,"London, UK|Toronto, ON",Primaire,3e à 6e année du cours de français,
00001816,Précis de phonétique comparée française et anglaise et manuel de prononciation française : à l'usage des étudiants anglo-saxons,"GENÉVRIER, P.",,H. Didier,1927,1927-01-01,1927-12-31,,,20 cm: 378 p.,,Comprend des index à la fin de l'ouvrage,Français,"Paris, FR",,,
00001817,Langue française 4e : enseignement élémentaire,"GIROUX, Émile",Collection des éditions FM,Éd. FM,1966,1966-01-01,1966-12-31,1966-04-30,,"23 cm: 254 p., ill. en coul.",,Comprend un index à la fin de l'ouvrage,Français,Québec,Primaire,Primaire,
00001818,Langue française 5e : enseignement élémentaire,"GIROUX, Émile",,Éd. FM,1966,1966-01-01,1966-12-31,,,"23 cm: 318 p., ill. en coul.",,Comprend un index et un errata à la fin de l'ouvrage,Français,Québec,Primaire,Primaire,
00001819,Parler et écrire en français,"GOURDON, J.|OZOUF, R.",,Librairie Gedalge,[1945?],1945-01-01,1945-12-31,,4e éd.,"22 cm: 392 p., ill.",,"Sur la p. de t. : grammaire et orthographe, élocution, vocabulaire, rédaction, récitation",Français,"Paris, FR",Système français,"1ère et 2e année, cours moyen, classes de 7e et 8e des lycées et collèges (France)",
00001820,Morceaux choisis des auteurs français du Moyen Age à nos jours 842-1900,"DES GRANGES, Ch.-M.",,Librairie A. Hatier,1921,1921-01-01,1921-12-31,,15e éd.,"18 cm: xii, 1409 p.",,Sur la p. de t. : préparés en vue de la lecture expliquée. -- Comprend un appendice à la fin de l'ouvrage,Français,"Paris, FR",Système français,"2e cycle, classes de lettres",
00001821,Laboratory Manual to Accompany a First Course in Chemistry,"JENNINGS, W. A.",,The Educational Book Company Ltd.,1941,1941-01-01,1941-12-31,,,"20 cm: x, 150 p., ill., graph. et tableaux",,Comprend des appendice à la fin de l'ouvrage,Anglais,"Toronto, ON",,,
00001822,Langue française 7 petits bouts de vie,"LAURENCE-BÉRARD, Louise|GAGNIER, Jacques",,Éd. FM,1958,1958-01-01,1958-12-31,1958-05-07,,"21 cm: 510 p., ill. en coul.",,Comprend un index à la fin de l'ouvrage,Français,Québec,,,
00001823,Nouveau cours de langue anglaise selon la méthode d'Ollendorff,"NANTEL, A.",,Librairie Beauchemin limitée,1898,1898-01-01,1898-12-31,1909-05-12,,"18 cm: vii, 263 p.",,Comprend un appendice à la fin de l'ouvrage,Français,"Montréal, QC",Universitaire et Collégial,Écoles; académies; pensionnats; collèges,
00001824,Méthode pratique de lecture-écriture : deuxième partie,"ROCHON, T.",,Librairie Beauchemin limitée,1904,1904-01-01,1904-12-31,,,"18 cm: 136 p., ill.",,Sur la couv. : 1er livre,Français,"Montréal, QC",Primaire,3e année,
00001825,My Spelling : Grade Four,"YOAKAM, Gerald A.|DAW, Seward E.|BROWN, Harry W.|KIDDER, Harvey W.",,Ginn and Company,[19--?],1899-12-31,1999-12-31,,,"20 cm: 112 p., ill. (certaines en coul.) et graph.",,Comprend un dictionnaire à la fin de l'ouvrage,Anglais,"Toronto, ON",Primaire,4e année,
00001826,Histoire abrégée des littératures anciennes et modernes,"DE NANTES, J. M.|DE NANTES, J. A.",,J. de Gigord,1924,1924-01-01,1924-12-31,,86e éd.,"15 cm: viii, 485 p., ill.",,Sur la p. de t. : I. Littérature française  II. Littérature anciennes et modernes étrangères. -- Comprend un appendice à la fin de l'ouvrage,Français,"Paris, FR",,,Histoire|Littérature
00001827,Traité d'analyse grammaticale et logique : règles et exercices,"BÉGIN, LS-H.",,Le Messager,1938,1938-01-01,1938-12-31,,,18 cm: 127 p.,,Comprend un index à la fin de l'ouvrage,Français,"Sherbrooke, QC",Système français,"Cours classique, aspirants aux éléments latin; collèges commerciaux et élèves avancés des écoles primaire",
00001828,"Arithmetic for 7th, 8th and 9th Years",The Brothers of the Christian Schools,,The Brothers of the Christian Schools,1921,1921-01-01,1921-12-31,,,"19 cm: iii, 299 p.",,,Anglais,"Montréal, QC",Intermédiaire|Secondaire,7e à 9e année,
00001829,Éléments d'algèbre : avec de nombreux exercices,F. I. C.,Cours de mathématique élémentaire,Maison A. Mame & Fils,1926,1926-01-01,1926-12-31,,,"18 cm: viii, 409 p.",,,Français,"Tours, FR",Universitaire et Collégial,"Baccalauréat, diplôme d'étude de l'enseignement secondaire spécial",
00001830,Dictionnaire de la prononciation moderne de la langue française,"DELAHAYE, Victor|FRÉCHETTE, Louis",,Beauchemin,1901,1901-01-01,1901-12-31,,,"16 cm: 8, 708 p.",,,Français,"Montréal, QC",,,
00001831,Manuel de prononciation française,"HUDON, Théophile",,Imprimerie du messager,1932,1932-01-01,1932-12-31,,,18 cm: 154 p.,,Comprend un lexique à la fin de l'ouvrage,Français,"Montréal, QC",,,
00001832,Cours de lecture à haute voix,"LAGACÉ, P.",,Imprimerie de A. Coté et cie,1875,1875-01-01,1875-12-31,,,17 cm: 142 p.,,"Sur la couv. : ou leçons pratiques de lecture française et de prononciation, préparés spécialement pour les écoles canadiennes",Français,Québec,Universitaire et Collégial,Écoles normales et pensionnats,
00001833,Dictée correspondant à la deuxième année de grammaire : livre du maître,,,Librairie Armand Colin,1934,1934-01-01,1934-12-31,,,"18 cm: iv, 292 p.",,,Français,"Paris, FR",Primaire,2e année,
00001834,Littérature : principes et exercices,,,Frères du Sacré-Coeur,1923,1923-01-01,1923-12-31,,,19 cm: 280 p.,,,Français,"Montréal, QC",Système français,Primaire complémentaire; supérieur,
00001835,Troisième Livre de lecture : première partie,"MONTPETIT, A. N.",Livres de lecture graduée ; 3,J.R. Rolland & fils,[1880?],1880-01-01,1880-12-31,,,"15 cm: 318 p., ill.",,,Français,"Montréal, QC",,,
00001836,Nouvelle Série de livre de lecture graduée : quatrième livre,"MONTPETIT, A. N.",Livres de lecture graduée ; 4,J. B. Rolland & fils,1877,1877-01-01,1877-12-31,,,"17 cm: 286 p., ill.",,,Français,"Montréal, QC",,,
00001837,Nouveau cours de langue anglaise selon la méthode d'Ollendorff,"NANTEL, A.",,Librairie Beauchemin limitée,1898,1898-01-01,1898-12-31,1909-05-12,,"18 cm: vii, 262 p.",,Comprend un appendice à la fin de l'ouvrage,Français,"Montréal, QC",Universitaire et Collégial,Écoles; académies; pensionnats; collèges,
00001838,"Langue française, grammaire : cours supérieur","NOËL, M. M.|CHAPSAL, E.|LENIENT, M. A.",,Librairie Delagrave,[1824?],1824-01-01,1824-12-31,,Nouv. éd.,"18 cm: xx, 230 p.",,,Français,"Paris, FR",Secondaire,Supérieur,
00001839,Modèles d'éloquence française : recueillis et accompagnés de notices,"PROCÈS, Edmond",,Albert Dewit,1919,1919-01-01,1919-12-31,,"4e éd., revue et notablement augmentée",19 cm: 853 p.,,,Français,"Bruxelles, BE",,,
00001840,Exercices français : mis en rapport avec la grammaire française : livre de l'élève,"ROBERT, E.",,Les Clercs de Saint-Viateur,1909,1909-01-01,1909-12-31,1909-05-11,,17 cm: 247 p.,,,Français,"Montréal, QC",Système français,Lycées; collèges; écoles professionnelles; pensions; divisions supérieurs des écoles primaires; préparation aux brevets,
00001841,Exercices orthographiques : en rapport avec la grammaire élémentaire,"ROBERT, E.",,Les Clercs de Saint-Viateur,1906,1906-01-01,1906-12-31,,,"18 cm: 251, xl p.",,Sur la couv. : suivis de cavenas de compositions françaises et d'un lexique. -- Comprend un lexique à la fin de l'ouvrage,Français,"Mile-End, QC",,,
00001842,[Deuxième livre de lecture],"ROCHON, T.",,Librairie Beauchemin,[19--?],1899-12-31,1999-12-31,,,"16 cm: x, 209 p., ill.",,,Français,"Montréal, QC",,,
00001843,Ontario High School English Grammar,"STEVENSON, O. J.|KERFOOT, H. W.",,The Canada Publishing Company Ltd.,1937,1937-01-01,1937-12-31,,,20 cm: 261 p.,,Comprend des appendices et des index à la fin de l'ouvrage,Anglais,"Toronto, ON",Secondaire,High School,
00001844,Cours méthodique de dictées : cours supérieur - cours complémentaire,"TOUTEY, E. Fichaux",,Librairie Classique Fernand Nathan,1937,1937-01-01,1937-12-31,,"9e éd., revue et corrigée",18 cm: 374 p.,,,Français,"Paris, FR",Système français,Cours supérieur et complémentaire,
00001845,Cours élémentaire de rhétorique et d'éloquence,"VERNIOLLES, J.",,Librairie Delagrave,1921,1921-01-01,1921-12-31,,23e éd.,18 cm: 310 p.,,,Français,"Paris, FR",Universitaire et Collégial,Petits séminaires et collèges,
00001846,Histoire abrégée de l'Église : cours moyen,"BOULANGER, A.",,Librairie catholique Emmanuel Vitte,1938,1938-01-01,1938-12-31,,"6e éd., soigneusement revue et corrigée","18 cm: 322 p., ill. et cartes",,,Français,"Lyon, FR",Système français,Cours moyen,
00001847,Les Missionnaires au pays des indiens,Clercs de Saint-Viateur,Nouveaux manuels d'histoire du Canada pour les petits,Librairie Saint-Viateur,1951,1951-01-01,1951-12-31,1951-02-15,,"24 cm: 64 p., ill. (certaines en coul.)",,,Français,"Montréal, QC",Primaire,1ère année,
00001848,La Composition française,"DESCHAMPS, P. Philipps",,Librairie Saint-Viateur,1936,1936-01-01,1936-12-31,,,"23 cm: 368 p., ill.",,Comprend un errata au début de l'ouvrage. -- Feuilles rajoutées à l'ouvrage,Français,"Montréal, QC",Primaire,5e et 6e année; secondaire,
00001849,Histoire du Canada,"DESROSIERS, Adélard|BERTRAND, Camille",Nouveau Cours d'histoire du Canada,Librairie Granger frères ltée.,1933,1933-01-01,1933-12-31,,"4e éd., revue et mise à date","19 cm: 500 p., ill. et cartes",,Comprend un index à la fin de l'ouvrage,Français,"Montréal, QC",,,
00001850,Langue française : cours moyen & supérieur : deuxième partie,Frères de l'instruction chrétienne,,Imprimerie du Sacré-Coeur,1917,1917-01-01,1917-12-31,,,"18 cm: xvi, 528 p., ill.",,,Français,"Laprairie, QC",Système français,Cours moyen; supérieur,
00001851,Lecture courante : cours élémentaire,Frères de l'instruction chrétienne,,Frères de l'instruction chrétienne,1915,1915-01-01,1915-12-31,,,"18 cm: ix, 241 p., ill.",,,Français,"Laprairie, QC",Primaire,Primaire,
00001852,Histoire du Canada,Frères des écoles chrétiennes,,Frères des écoles chrétiennes,1914,1914-01-01,1914-12-31,,,"23 cm: 634 p., ill., tableaux et cartes",,Comprend un appendice et des tables à la fin de l'ouvrage,Français,"Montréal, QC",,,
00001853,Histoire du Canada,Frères des écoles chrétiennes,,Frères des écoles chrétiennes,1919,1919-01-01,1919-12-31,,"2e éd., revue et corrigée","23 cm: vii, 718 p., ill., tableaux et cartes",,Comprend un appendice et des tables à la fin de l'ouvrage,Français,"Montréal, QC",,,
00001854,Leçons de langue française : cours supérieur : livre de l'élève,Frères des écoles chrétiennes,,Frères des écoles chrétiennes,1886,1886-01-01,1886-12-31,,,19 cm: 475 p.,,,Français,"Montréal, QC",Secondaire,Supérieur,
00001855,Histoire du Canada français : depuis la découverte,"GROULX, Lionel",,Action nationale,[1950?],1950-01-01,1950-12-31,,,"22 cm: 221 p., cartes",,,Français,Québec,,,
00001856,Nouvel Abrégé de géographie moderne,"GAUTHIER, L. O.",,J. R. Rolland & fils,1877,1877-01-01,1877-12-31,,"8e éd., entièrement revue, corrigée et considérablement augmentée","18 cm: xii, 330 p.",,,Français,"Montréal, QC",,,
00001857,Pour lire avec plaisir,"JEANNERET, F. C. A.",,The Copp Clark Company Ltd.,[1942?],1942-01-01,1942-12-31,,,"17 cm: xi, 186 p.",,Sur la couv. : Alternative Intensive Readings in French for Grade Eleven. -- Comprend un vocabulaire et des notes à la fin de l'ouvrage,Anglais|Français,"Toronto, ON",Secondaire,11e année,
00001858,Nouvelle Série de livre de lecture graduée : premier livre,"MONTPETIT, A. N.",Livre de lecture graduée ; 1,J. B. Rolland & fils,1875,1875-01-01,1875-12-31,,,"15 cm: 160 p., ill.",,,Français,"Montréal, QC",,,
00001859,Nouvelle Série de livre de lecture graduée : deuxième livre,"MONTPETIT, A. N.",Livre de lecture graduée ; 2,J. B. Rolland & fils,1874,1874-01-01,1874-12-31,,,"15 cm: 234 p., ill.",,,Français,"Montréal, QC",,,
00001860,"Précis d'histoire des littératures française, canadienne-française, étrangères et anciennes",,,Procure des missions des soeurs de Saint-Anne,1925,1925-01-01,1925-12-31,,,19 cm: 478 p.,,Comprend un errata à la fin de l'ouvrage,Français,"Lachine, QC",,,Histoire|Littérature
00001861,"Précis d'histoire littéraire : littérature française et aperçu des littératures étrangères, anciennes et modernes",,Ouvrages classiques,Libraire générale,1922,1922-01-01,1922-12-31,,,"18 cm: vii, 544 p.",,,Français,"Paris, FR",,,Histoire|Littérature
00001862,Histoire sainte des écoles : suivie de notions d'histoire ecclésiatique,"RENAUDIN, J.-L.-C.|CHARPENTIER, A.",,Librairie Larousse,[19--?],1899-12-31,1999-12-31,,Nouv. éd.,"16 cm: 191 p., ill. et cartes",,,Français,"Paris, FR",Primaire|Intermédiaire|Secondaire,9 ans et plus,Enseignement religieux|Histoire
00001863,Cours de lecture à haute voix,"LAGACÉ, P.",,Léon Lortie,1913,1913-01-01,1913-12-31,,21e éd.,18 cm: 339 p.,,,Français,Québec,Universitaire et Collégial,Écoles normales et pensionnats,
00001864,Exercices français : livre du maître,"AUBERT, A.",,Imprimerie de l'Action sociale ltée,1931,1931-01-01,1931-12-31,,,17 cm: 345 p.,,,Français,Québec,Primaire|Intermédiaire|Secondaire,Primaire; Moyen; Supérieur,
00001865,Système Bélanger d'écriture commerciale pratique = Bélanger System of Practical Business Writing,"BÉLANGER, J.-E.",,Librairie Granger frères ltée.,[1912?],1912-01-01,1912-12-31,1921-02-02,,15 x 21 cm: 115 p.,,Textes juxtalinéaires en français et anglais,Anglais|Français,"Montréal, QC",,,
00001866,Written English : Book Two,"BODY, Alfred H.|GREENE, Frank|DICKSON, G. S.|RATCLIFF, A. J. J.",Practical Work Book,Thomas Nelson & Sons Ltd.,[19--?],1899-12-31,1999-12-31,,,"18 cm: v, 64 p.",,Comprend un glossaire à la fin de l'ouvrage,Anglais,"London, UK|Toronto, ON",,,
00001867,Enchanting Stories,"HILDRETH, Gertrude|JABBOTT, Jacob B.|PITZ, Henry C.|SEGNER, Ellen|ALLEN, Grace A.",Easy Growth in Reading.,The John C. Winston Co. Limited,[1947?],1947-01-01,1947-12-31,,,"20 cm: 215 p., ill. (certaines en coul.)",,Sur la p. de t. : Third Reader Level Two. -- Comprend un vocabulaire à la fin de l'ouvrage,Anglais,États-Unis,Primaire,2e année,
00001868,Farawar Ports,"HILDRETH, Gertrude|SPERRY, Armstrong",Easy Growth in Reading,The John C. Winston Co. Limited,[1946?],1946-01-01,1946-12-31,,,"20 cm: 247 p., ill. (certaines en coul.)",,Sur la p. de t. : Third Reader. -- Comprend un vocabulaire à la fin de l'ouvrage,Anglais,"Toronto, ON",Primaire,1ère année,
00001869,50 devoirs sur la synthaxe : cours supérieur et complémentaire : livre du maître,Frères des écoles chrétiennes,,Frères des écoles chrétiennes,1927,1927-01-01,1927-12-31,,,19 cm: 115 p.,,,Français,"Montréal, QC",Système français,Cours supérieur et complémentaire,
00001870,"Hors des sentiers battus, essai de méthodologie nouvelle III, méthodologie spéciale : deuxième partie",Frère Léon,,Librairie Granger frères ltée.,[1936?],1936-01-01,1936-12-31,,,22 cm: 157 p.,,,Français,"Montréal, QC",,,
00001871,"Grammaire latine : éléments, synthaxe, méthode, versification",,,Imprimerie générale Lahure,[19--?],1899-12-31,1999-12-31,,,21 cm: 240 p.,,Comprend un appendice et un index à la fin de l'ouvrage,Français,"Paris, FR",,,
00001872,Morceaux choisis des auteurs français : classes de lettres,"DES GRANGES, Ch.-M.",,Librairie A. Hatier,1925,1925-01-01,1925-12-31,,,18 cm: env. 68 p.,,,Français,"Paris, FR",,,
00001873,Cours français de lecture graduées : degré préparatoire,"MAGNAN, J.-Roch",,Librairie Beauchemin limitée,[1913?],1913-01-01,1913-12-31,,,"17 cm: vii, 96 p., ill.",,,Français,"Montréal, QC",Système français,Degré préparatoire,
00001874,Méthode de lecture globale : première année : guide du maître,,Cathédrale,W. J. Gage & Co. Ltd.,[19--?],1899-12-31,1999-12-31,,,"20 cm: iii, 124 p., quelques ill.",,Comprend des notes à la fin de l'ouvrage,Français,"Toronto, ON",Primaire,1ère année,
00001875,"Mon livre de français : série A, cinquième année","LEFEBVRE, Gilles-R.|DESMARCHAIS, Guy",,Frères du Sacré-Coeur,1963,1963-01-01,1963-12-31,1963-03-27,Nouv. éd.,"22 cm: 352 p., ill. en coul.",,,Français,"Montréal, QC",Primaire,5e année,
00001876,Mon livre de français : sixième année,"LEFEBVRE, Gilles-R.|DESMARCHAIS, Guy",,Frères du Sacré-Coeur,1963,1963-01-01,1963-12-31,1963-06-12,Nouv. éd.,"24 cm: 400 p., ill. en coul.",,Comprend un lexique et un index à la fin de l'ouvrage,Français,"Montréal, QC",Primaire,6e année,
00001877,Notes du Comité permanent de l'enseignement secondaire (années 1935 et 1936),,,"Conseil de la Faculté des arts, Université de Montréal",1937,1937-01-01,1937-12-31,,,18 cm: 562 p.,,Comprend des bibliogr. à la fin des chapitres,Français,"Montréal, QC",Secondaire,Secondaire,
00001878,Guidebook for Teachers for The New Day In and Day Out,"O'DONNELL, Mabel",The Alice and Jerry Basic Readers,"Row, Peterson and Company",[1948?],1948-01-01,1948-12-31,,,19 cm: 352 p.,,Sur la couv. : Reading Foundation Program,Anglais,"Evanston, IL",,,
00001879,The New Day In and Day Out,"O'DONNELL, Mabel|HOOPES, Florence|HOOPES, Margareth",The Alice and Jerry Basic Readers,The Copp Clark Company Ltd.,[1948?],1948-01-01,1948-12-31,,,"20 cm: 160 p., ill. en coul.",,Sur la p. de t. : Reading Foundation Program. -- Comprend un vocabulaire à la fin de l'ouvrage,Anglais,"Toronto, ON",,,
00001880,Le Secrétaire universel : contenant des lettres de bonne année et de fêtes,,,Librairie Beauchemin limitée,[19--?],1899-12-31,1999-12-31,,,20 cm: 224 p.,,,Français,"Montréal, QC",,,
00001881,Viens te promener,,Cathédrale ; 3,W. J. Gage & Co. Ltd.,[19--?],1899-12-31,1999-12-31,,,"20 cm: 72 p., ill. en coul.",,Comprend un vocabulaire à la fin de l'ouvrage,Français,"Toronto, ON",Primaire,Pré-primaire,
00001882,Viens voir,,Cathédrale ; 1,W. J. Gage limitée,[19--?],1899-12-31,1999-12-31,,,"20 cm: 48 p., ill. en coul.",,Comprend un vocabulaire à la fin de l'ouvrage,Français,"Toronto, ON",Primaire,[Pré-primaire],
00001883,On the Beam : Book 6,"WATSON, Stanley|BATE, Lucy|BOYLE, Joyce",Highroads to Reading ; 6,Thomas Nelson & Sons Canada Ltd.,[19--?],1899-12-31,1999-12-31,,,"20 cm: 432 p., ill.",,Comprend un glossaire à la fin de l'ouvrage,Anglais,"Toronto, ON",,,
00001884,Teacher's Guide to Over Land and Sea : Book 5,"WATSON, Stanley|BATE, Lucy|BOYLE, Joyce",Highroads to Reading ; 5,Thomas Nelson & Sons Canada Ltd.,[1950?],1950-01-01,1950-12-31,,,20 cm: 174 p.,,Comprend un index à la fin de l'ouvrage,Anglais,"Toronto, ON",Primaire,5e année,
00001885,Riding with the Sun,"WATSON, Stanley|BATE, Lucy|RYAN, Dorothy",Highroads to Reading ; 4,Thomas Nelson & Sons Ltd.,[1946?],1946-01-01,1946-12-31,,,"20 cm: 366 p., ill. (certaines en coul.)",,Comprend un glossaire à la fin de l'ouvrage,Anglais,"Toronto, ON",Primaire,4e année,
00001886,Over Land and Sea : Book 5,"WATSON, Stanley|BATE, Lucy|BOYLE, Joyce|SCHINTZ, Janet D.|SCHINTZ, T. M.",Highroads to Reading ; 5,Thomas Nelson & Sons Ltd.,[1948?],1948-01-01,1948-12-31,,,"20 cm: 432 p., ill. (certaines en coul.)",,Comprend un glossaire à la fin de l'ouvrage,Anglais,"Toronto, ON",,,
00001887,"Documents et méthode pour le commentaire de cartes : géographie et géologie : premier fascicule, principes généraux","ARCHAMBAULT, M.|LHÉNAFF, R.|VANNEY, J.-R.|BIROT, P.",,Masson et co.,1971,1971-01-01,1971-12-31,,2e éd.,"25 cm + 7 feuilles de planches et 12 cartes en coul.: 101 p., graph. et tableaux",,"Feuilles de planches et cartes,  G. Chabot",Anglais,"Paris, FR",,,
00001888,"Documents et méthode pour le commentaire de cartes : géographie et géologie : deuxième fascicule, les reliefs structuraux","ARCHAMBAULT, M.|LHÉNAFF, R.|VANNEY, J.-R.|BIROT, P.",,Masson et co.,1970,1970-01-01,1970-12-31,,"2e éd., revue et augmentée",25 cm + 6 feuilles de planches et 12 cartes en coul.: 165 p.,,"Feuilles de planches et cartes,  G. Chabot",Français,"Paris, FR",,,
00001889,Ce monde où je vis : livret pédagogique,"BELLEROSE, Yvonne|GUÉRIN, Marc-Aimé|LEFEBVRE, André",Sciences humaines,Guérin,[1972?],1972-01-01,1972-12-31,,,23 cm: 131 p.,,,Français,"Montréal, QC",Primaire,6 ans,
00001890,Le Croquis de géographie régionale et économique,"BRUNET, Roger|TAILLEFER, F.",,Société d'édition et d'enseignement supérieur,1967,1967-01-01,1967-12-31,,"2e éd., revue et corrigée","24 cm: 255 p., graph., cartes et cartes plié en coul.",,Cartes en coul. rajouté à l'ouvrage. -- Comprend un index à la fin de l'ouvrage,Français,"Paris, FR",Universitaire et Collégial,"Étudiants de licence, avancé, professeurs et chercheurs",
00001891,"In Many Latitudes : A Geography of the British Isles, Africa, Australia, New Zealand and Antarctica","CLEE, David",,"Holt, Rinehart & Winston of Canada Ltd.",[1960?],1960-01-01,1960-12-31,,,"25 cm: xi, 365 p., ill., graph. et cartes (certaines en coul.)",,Comprend un glossaire à la fin de l'ouvrage,Anglais,"Toronto, ON",Secondaire,High School,
00001892,Introducing the Southern Continents,"CLEE, David|JONES, David",,"Holt, Rinehart & Winston of Canada Ltd.",[1975?],1975-01-01,1975-12-31,,,"27 cm: iv, 250 p., ill., graph. et cartes (la plupart en coul.)",,Comprend un index à la fin de l'ouvrage. -- ISBN 0-03-925408-9,Anglais,"Toronto, ON",,,
00001893,The Mediterranean : Its Lands and Peoples,"CLEE, David|HILDEBRAND, W.|WOLLEY, M.|CAMPBELL, Ralph|ALTON, Ed|HUNTER, Dave|MURATA, Ben|FRANK, Bob|KRYKORKA, Vladyana",,"Holt, Rinehart & Winston of Canada Ltd.",[1970?],1970-01-01,1970-12-31,,,"26 cm: v, 186 p., ill., graph. et cartes (la plupart en coul.)",,Comprend un glossaire et un index à la fin de l'ouvrage. -- ISBN 0-03-925580-8,Anglais,"Toronto, ON",,,
00001894,The Mediterranean : its Lands and Peoples,"CLEE, David|HILDEBRAND, W.|WOLLEY, M.|CAMPBELL, Ralph|ALTON, Ed|HUNTER, Dave|MURATA, Ben|FRANK, Bob|KRYKORKA, Vladyana",,"Holt, Rinehart & Winston of Canada Ltd.",[1970?]-[1978?],1970-01-01,1978-12-31,,,"26 cm: v, 186 p., ill., graph. et cartes (la plupart en coul.)",,Comprend un glossaire et un index à la fin de l'ouvrage. -- ISBN 0-03-925580-8,Anglais,"Toronto, ON",,,
00001895,Techniques in Physical Geography,"HANWELL, J. D.|NEWSON, Malcolm",,Macmillan Education Ltd.,[1973?],1973-01-01,1973-12-31,,,"25 cm: xiii, 230 p., ill., graph. et cartes",,Comprend un index à la fin de l'ouvrage. -- ISBN 333-13648-9,Anglais,"Basingstoke, UK|London, UK",,,
00001896,"Géographie 5e : les poles, l'Amérique, l'Asie, l'Océanie","PERPILLOU, A.|PERNET, L.",,Librairie Hachette,[1972?],1972-01-01,1972-12-31,,,"23 cm: 223 p., ill., grap., tableaux et cartes (la plupart en coul.)",,,Français,"Paris, FR",Système français,5e année (France),
00001897,Histoire de la province de Québec tome XX : Philippe Landry,"RUMILLY, Robert",,Montréal-Éditions,[19--?],1899-12-31,1999-12-31,,,20 cm: 211 p.,,Sur une des pages préliminaires : Québec - Tome XX - 1. -- Comprend un index à la fin de l'ouvrage,Français,"Montréal, QC",,,
00001898,Histoire de la province de Québec tome XIX,"RUMILLY, Robert",,Montréal-Éditions,1914,1914-01-01,1914-12-31,,,20 cm: 192 p.,,Sur une des pages préliminaires : Québec - Tome XIX - 1. -- Comprend un index à la fin de l'ouvrage,Français,"Montréal, QC",,,
00001899,Geography : A Study of its Physical Elements,"STANFORD, Quentin H.|MORAN, Warren|FANTUZ, Gus|JAKOI, John|KAUFHOLD, Margaret|AGLIALORO, Fortuno",,Oxford University Press,[1978?],1978-01-01,1978-12-31,,,"24 cm: 308 p., ill., graph., tableaux et cartes",,Comprend une bibliogr. et un index à la fin de l'ouvrage. -- ISBN 0-19-540282-0,Anglais,"Toronto, ON",,,
00001900,A l'assaut des pôles,"VICTOR, Paul-Émile|ANDRIST, Ralph K.",Caravelle,Éd. R.S.T.,[1963?],1963-01-01,1963-12-31,,,"26 cm: 152 p., ill. et cartes (certaines en coul.)",,Comprend un index à la fin de l'ouvrage,Français,"Paris, FR",,,
00001901,Teacher's Guide to Life and Literature : Book One,"WINSPEARM, Mary|SAUL, John C.",,Thomas Nelson & Sons Ltd.; The Educational Book Company Ltd.,1938,1938-01-01,1938-12-31,,,"20 cm: viii, 248 p.",,Comprend un index à la fin de l'ouvrage,Anglais,"Toronto, ON",,,
00001902,Zarcurik,Conseil des écoles catholiques romaines de Carleton,,A Carleton Roman Catholic School Board = Conseil des écoles catholiques romaines de Carleton,1985,1985-01-01,1985-12-31,,Éd. révisée,"29 cm: 632 p., ill. et tableaux",,,Français,"Ottawa, ON",,,
00001903,Review Exercices for English as a Foreign Language,"ALLEN, Virginia F.|ALLEN, Robert L.",,Thomas Y. Crowell Company,[1961?],1961-01-01,1961-12-31,,,"21 cm: x, 149 p.",,Comprend un vocabulaire à la fin de l'ouvrage,Anglais,"New York, NY",,,
00001904,Exercice de phonétique française,"BERGERON, Richard",,Pédagogia inc.,1968,1968-01-01,1968-12-31,,,25 cm: 48 p.,,,Français,"Montréal, QC",,,
00001905,Le Canada sans mythes,"BHERER, Harold",,Éd. Paulines,[1973?],1973-01-01,1973-12-31,,,"30 cm: env. 66 p., ill. en coul.",ISBN 0-88840-397-6,,Français,"Sherbrooke, QC",,,
00001906,Method 203 : English Conversation for Canadian Students : workbook 1,"BOURNIVAL, Paul",Canadian Series in English as a Second Language,Centre éducatif et culturel inc.; Longmans Canada ltd.,[1969?],1969-01-01,1969-12-31,,,"23 cm: 88 p., quelque ill.",,Sur la couv. : Tables 1-25. -- ISBN 7751-1906-7,Anglais,"Montréal, QC|Don Mills, ON",,,
00001907,Method 203 : English Conversation for French-Speaking Students : Book 2,"BOURNIVAL, Paul|LEMIEUX, André",Canadian Series in English as a Second Language,Centre éducatif et culturel inc.; Longmans Canada ltd.,[1966?],1966-01-01,1966-12-31,,,"21 cm: 200 p., ill. et tableaux",,Sur la couv. : Tables 26-50. -- Comprend un index à la fin de l'ouvrage,Anglais|Français,"Montréal, QC|Don Mills, ON",,,
00001908,Method 203 : English Conversation for Canadian Students : Book 5,"BOURNIVAL, Paul|LEMIEUX, André",Canadian Series in English as a Second Language,Centre éducatif et culturel inc.; Longmans Canada ltd.,[1968?],1968-01-01,1968-12-31,,,"21 cm: 284 p., ill. et tableaux",,Sur la couv. : Tables 101-150,Anglais|Français,"Montréal, QC|Don Mills, ON",,,
00001909,Method 203 : English Conversation for Canadian Students : Book 6,"BOURNIVAL, Paul|LEMIEUX, André",Canadian Series in English as a Second Language,Centre éducatif et culturel inc.; Longmans Canada ltd.,[1969?],1969-01-01,1969-12-31,,,"21 cm: 291 p., ill. et tableaux",,Sur la couv. : Tables 151-203,Anglais,"Montréal, QC|Don Mills, ON",,,
00001910,Canada : This Land of Ours,"WILEY, William",,Ginn and Company,[1970?],1970-01-01,1970-12-31,,,"26 cm: 234 p., ill., graph., tableaux et cartes (certains en coul.)",,Comprend des index à la fin de l'ouvrage,Anglais,"Toronto, ON",,,
00001911,Le Goût de lire : cours moyen deuxième année : CM2,"CHEYSSAC, René|BARDOU, Paule|PECNARD, J.",Le goût de lire,Fernand Nathan,[1973?],1973-01-01,1973-12-31,,,"22 cm: 255 p., ill. (certaines en coul.)",,,Français,"Paris, FR",Système français,"2e année, cours moyen (France)",
00001912,"Le Français, langue des affaires","CLAS, André|HORGUELIN, Paul A.|DUBUC, Robert",,McGraw-Hill,[1969?],1969-01-01,1969-12-31,,,"24 cm: xxi, 394 p., ill. et cartes",,Comprend des bibliogr. à la fin des chapitres. -- Comprend des annexes et un index à la fin de l'ouvrage,Français,"Montréal, QC",,,Français|Secrétariat
00001913,Reading and Word Study : For Students of English as a Second Language : High Intermediate Level,"CROFT, Kenneth",,Prentice-Hall Inc.,[1960?],1960-01-01,1960-12-31,,,"21 cm: xiii, 353 p., ill.",,Comprend un index à la fin de l'ouvrage,Anglais,"Englewood Cliffs, NJ",Intermédiaire,Intermédiaire,
00001914,A New Workbook in English as a Second Language : Elementary & Intermediate,"DIONNE, R.|DAVIS, B.",Canadian Series in English as a Second Language,Centre éducatif et culturel inc.; Longmans Canada Ltd.,[1966?],1966-01-01,1966-12-31,,,26 cm + 1 brochure (17 p. ; 20 cm): 168 p.,,Comprend un vocabulaire à la fin de l'ouvrage,Anglais,"Montréal, QC|Don Mills, ON",Primaire|Intermédiaire,Primaire; intermédiaire,
00001915,Canadian & American Modern Short Stories : An Advanced Reader,"DIXSON, Robert J.|ROITER, Howard E.|TOUCHETTE VINCENT, Denise",Canadian Texts in English as a Second Language,Centre éducatif et culturel inc.,[1968?],1968-01-01,1968-12-31,,,"20 cm: 151 p., ill.",,,Anglais,"Montréal, QC",,,
00001916,English 900 : Book One,English Language Services Inc.,Collier-Macmillan English Program,Macmillan and Co. Ltd.; Collier-Macmillan Ltd.; Collier-Macmillan Canada Ltd.,[1964?],1964-01-01,1964-12-31,,,"21 cm: vi, 145 p., ill.",,Sur la couv. : A Basic Course. -- Comprend un index à la fin de l'ouvrage,Anglais,"New York, NY|London, UK|Toronto, ON",,,
00001917,English 900 : Book Two,English Language Services Inc.,Collier-Macmillan English Program,Macmillan and Co. Ltd.; Collier-Macmillan Ltd.; Collier-Macmillan Canada Ltd.,[1964?],1964-01-01,1964-12-31,,,"21 cm: vi, 148 p., ill.",,Sur la couv. : A Basic Course. -- Comprend un index à la fin de l'ouvrage,Anglais,"New York, NY|London, UK|Toronto, ON",,,
00001918,English 900 : Book Three,English Language Services Inc.,Collier-Macmillan English Program,Macmillan and Co. Ltd.; Collier-Macmillan Ltd.; Collier-Macmillan Canada Ltd.,[1964?],1964-01-01,1964-12-31,,,"21 cm: vi, 134 p., ill.",,Sur la couv. : A Basic Course. -- Comprend un index à la fin de l'ouvrage,Anglais,"New York, NY|London, UK|Toronto, ON",,,
00001919,English 900 : Book Four,English Language Services Inc.,Collier-Macmillan English Program,Macmillan and Co. Ltd.; Collier-Macmillan Ltd.; Collier-Macmillan Canada Ltd.,[1964?],1964-01-01,1964-12-31,,,"21 cm: vi, 158 p., ill.",,Sur la couv. : A Basic Course. -- Comprend un index à la fin de l'ouvrage,Anglais,"New York, NY|London, UK|Toronto, ON",,,
00001920,English 900 : Book Five,English Language Services Inc.,Collier-Macmillan English Program,Macmillan and Co. Ltd.; Collier-Macmillan Ltd.; Collier-Macmillan Canada Ltd.,[1964?],1964-01-01,1964-12-31,,,"21 cm: vi, 149 p., ill.",,Sur la couv. : A Basic Course. -- Comprend un index à la fin de l'ouvrage,Anglais,"New York, NY|London, UK|Toronto, ON",,,
00001921,English 900 : Book Six,English Language Services Inc.,Collier-Macmillan English Program,Macmillan and Co. Ltd.; Collier-Macmillan Ltd.; Collier-Macmillan Canada Ltd.,[1964?],1964-01-01,1964-12-31,,,"21 cm: vi, 166 p., ill.",,Sur la couv. : A Basic Course. -- Comprend un index à la fin de l'ouvrage,Anglais,"New York, NY|London, UK|Toronto, ON",,,
00001922,Selections for Developping English Language Skills,"FINOCCHIARO, Mary|HOCH LAVENDA, Violet",,Simon Schuster,[1966?],1966-01-01,1966-12-31,,,"20 cm: xiii, 130 p.",,Comprend des appendices à la fin de l'ouvrage,Anglais,"New York, NY",,,
00001923,Marketing 1,"FRASER, Richard",,Gage Educational Publishing Limited,[1977?],1977-01-01,1977-12-31,,,"24 cm: vi, 218 p., ill., tableaux et cartes (certains en coul.)",,Comprend un appendice et un index à la fin de l'ouvrage. -- ISBN 0-7715-0870-0,Anglais,"Agincourt, ON",,,
00001924,Escapade : introduction à la lecture de texte romancés : livre du maître,"GAUVENET, Hélène|ARGAUD, M.|LECLERCQ, J.",,Crédif,[1973?],1973-01-01,1973-12-31,,,22 cm: 109 p.,,"Sur la p. de t. : École normale supérieure de Saint-Cloud, Centre de recherche et d'étude pour la diffusion du français",Français,"Paris, FR",,,
00001925,Escapade : introduction à la lecture de texte romancés : récit,"GAUVENET, Hélène|ARGAUD, M.|LECLERCQ, J.|NEVEU, Pierre",,Crédif,[1973?],1973-01-01,1973-12-31,,,"27 cm: 46 p., ill.",,"Sur la p. de t. : École normale supérieure de Saint-Cloud, Centre de recherche et d'étude pour la diffusion du français",Français,"Paris, FR",,,
00001926,Adventure in Reading : Second Reader,"GREEN, Mary M.|LUTZY, Joseph|BASTIEN, Gabriel",Adventure in Reading ; 2,Lidec inc.,1969,1969-01-01,1969-12-31,,,"21 cm: 222 p., ill.",,Comprend un vocabulaire à la fin de l'ouvrage,Anglais,"Montréal, QC",,,
00001927,L'Amérique du Nord : version SI,"HILDEBRAND, W.|KRUEGER, R.|DULUDE, F.|MARLEAU, C.",,Éditions H.R.W. ltée.,[1977?],1977-01-01,1977-12-31,,,"26 cm: iv, 258 p., ill., graph., tableaux et cartes (certains en coul.)",,Maquette de la couv. : Andrée Payette. -- Trad. et adapt. de : North America Introducing the Continent. -- Comprend des statistiques et un index à la fin de l'ouvrage. -- ISBN 0-03-929339-4,Français,"Montréal, QC",,,
00001928,"De bouche à oreille : français oral, techniques d'acquisition et de contrôle","LAUGEVIN, André V.|PRIMEAU, Gilles",,Lidec inc.,[1969?],1969-01-01,1969-12-31,,"2e éd., revue et corrigée",18 x 25 cm: 128 p.,,Comprend une bibliogr. à la fin de l'ouvrage,Français,"Montréal, QC",,,
00001929,Life Science,"DOLMAN MACCRACKEN, Helen|CROMWELL, Chester R.|Comptex inc.",Singer Sciences Series,The L. W. Singer Company,[1968?],1968-01-01,1968-12-31,,2e éd.,"24 cm: 438 p., ill., graph. et tableaux (certains en coul.)",,Photographies de la couv. et de la p. de t. par W. Leon Reigler. -- Comprend des définitions et un index à la fin de l'ouvrage,Anglais,"New York, NY",,,
00001930,Pour une pédagogie rénovée de l'ortographe et de la langue française,"THIMONNIER, René|AUBA, Jean",,Hatier,[1974?],1974-01-01,1974-12-31,,,23 cm: 95 p.,,Comprend des appendices et un index à la fin de l'ouvrage. -- ISBN 2-218-02147-1,Français,"Paris, FR",,,
00001931,"De l'oral à l'écrit : grammaire et orthographe grammaticale, CE1, CE2, CM1","BONNET, Jacques|BARREAU, Joël",,Éd. de l'école,[1975?],1975-01-01,1975-12-31,,,24 cm: 100 p.,ISBN 2-211-68608-7,,Français,"Paris, FR",Système français,Cours élémentaire et moyen (France),
00001932,The Teaching of English to French-Speaking Pupils,Ministère de l'Éducation de l'Ontario,,"Minister of Education, Ontario",[1931?],1931-01-01,1931-12-31,,Éd. révisée,"24 cm: v, 169 p.",,Sur la p. de t. : Ontario Teachers' Manual,Anglais,Ontario,,,
00001933,The Legal Status of the Canadian Public School Pupil,"BARGEN, Peter Frank",,Macmillan and Co. of Canada Ltd.,[1961?],1961-01-01,1961-12-31,,,"24 cm: xiv, 172 p.",,Comprend des bibliogr. et des appendices à la fin de l'ouvrage,Anglais,"Toronto, ON",,,
00001934,Mathématiques pour un monde moderne : tome 1,"BELLEFEUILLE, J.-Guy|DUPONT, François X.|BAXTER, W. H.|NEWTON, K. E.|DE GRANDE, J. J.",,Éd. Gage limitée,[1977?],1977-01-01,1977-12-31,,,"23 cm: ix, 374 p., ill.",,Comprend un index à la fin de l'ouvrage. -- ISBN 0-7715-2480-3,Français,"Toronto, ON",,,
00001935,Mathématiques pour un monde moderne : tome 2,"BELLEFEUILLE, J.-Guy|DUPONT, François X.|BAXTER, W. H.|NEWTON, K. E.|DE GRANDE, J. J.",,Éd. Gage limitée,[1978?],1978-01-01,1978-12-31,,,"23 cm: ix, 477 p., ill.",,Comprend un index à la fin de l'ouvrage. -- ISBN 0-7715-2482-X,Français,"Toronto, ON",,,
00001936,Mathématiques pour un monde moderne : tome 3,"BELLEFEUILLE, J.-Guy|DUPONT, François X.|BURNS, A. G.|PINKEY, R. G.|DE GRANDE, J. J.",,Éd. Gage limitée,[1979?],1979-01-01,1979-12-31,,,"23 cm: ix, 470 p., ill.",,Comprend un index à la fin de l'ouvrage. -- ISBN 0-7715-2484-X,Français,"Toronto, ON",,,
00001937,Confederation 1867 : Selected Sources from Durham's Report to the British North America Act,"BREDIN, Thomas F.|COTTINGHAM, Mollie E.",Curriculum Resource Books Series ; 12,McClelland and Stewart Limited,[1968?],1968-01-01,1968-12-31,,,"25 cm: x, 182 p.",,,Anglais,"Toronto, ON",,,
00001938,Poetic Experience : An Anthology of Poems for Senior Students,"DITLZ, B. C.",,McClelland and Stewart Limited,[1955?],1955-01-01,1955-12-31,,,"21 cm: xix, 453 p.",,Comprend des notes bibliogr. et une bibliogr. à la fin de l'ouvrage,Anglais,"Toronto, ON",Secondaire,Senior Students,
00001939,The Legal Status of the Canadian School Board,"ENNS, Frederick",,Macmillan and Co. of Canada Ltd.,[1963?],1963-01-01,1963-12-31,,,"24 cm: xvii, 213 p.",,"Comprend un glossaire, une bibliogr. et un index à la fin de l'ouvrage",Anglais,"Toronto, ON",,,
00001940,Mathématiques d'aujourd'hui 1,"LABONTÉ-FOURNIER, R.|BATES, W. W.|MAHER, Peter|LOLE, Peter|MILLER, Richard|TAYLOR, Don",Mathématiques d'aujourd'hui ; 1,The Copp Clark Publishing Co. Ltd.,[1978?],1978-01-01,1978-12-31,,,"23 cm: 449 p., ill. et graph. (certains en coul.)",,Comprend un index à la fin de l'ouvrage. -- ISBN 0-7730-2460-3,Français,"Toronto, ON",,,
00001941,Mathématiques d'aujourd'hui 2,"LABONTÉ-FOURNIER, R.|MAHER, Peter|LOLE, Peter|ZSIGO, Frank|MILLER, Richard",Mathématiques d'aujourd'hui ; 2,EdiCompo inc.,[1979?],1979-01-01,1979-12-31,,,"23 cm: 451 p., ill. et graph. (certains en coul.)",,Comprend un index à la fin de l'ouvrage. -- ISBN 2-89066-001-X,Français,"Longueil, QC",,,
00001942,Mathématiques d'aujourd'hui 3,"CARTER, John|LABONTÉ-FOURNIER, R.|MAHER, Peter|ZSIGO, Frank|MILLER, Richard",Mathématiques d'aujourd'hui ; 3,EdiCompo inc.,[1979?],1979-01-01,1979-12-31,,,"23 cm: 592 p., ill. et graph. (certains en coul.)",,Comprend un index à la fin de l'ouvrage. -- ISBN 2-89066-000-1,Français,"Longueil, QC",,,
00001943,Atlas du Canada Nelson,"MATTHEWS, Geoffrey",,Ed. Nelson Canada,[1982?],1982-01-01,1982-12-31,,,"32 cm: v, 50 p., graph., tableaux et cartes en coul.",,"Trad. de : Nelson Atlas of Canada. -- Comprend un lexique, des statistiques et un index à la fin de l'ouvrage. -- ISBN 0-17-601727-5",Français,Canada,,,
00001944,Géographie : 9e année,"PASDELOUP, B.",André Journaux ; 2,Hatier,[1962?],1962-01-01,1962-12-31,,,"22 cm: 224 p., ill., graph. et cartes (certains en coul.)",,"Sur la couv. : province d'Ontario. -- Sur la p. de t. : géographie générale, l'Afrique, les Iles Britanniques, l'Océanie, l'Australie, la Nouvelle-Zélande. -- Comprend des résumés à la fin des chapitres",Français,"Paris, FR",Secondaire,9e année,
00001945,Developing Language Skills Five,"POTTS, Cecil E.|MACCORKINDALE, Hugh C.",Developing Language Skills,The Ryerson Press,[1961?],1961-01-01,1961-12-31,,,"23 cm: xv, 208 p., ill. (certaines en coul.)",,Comprend une bibliogr. et un index à la fin de l'ouvrage,Anglais,"Toronto, ON",Primaire,5e année,
00001946,Comment enseigner l'histoire : guide pour les professeurs de l'enseignement secondaire,"SAUCIER, Roger",,Centre de psychologie et de pédagogie,1966,1966-01-01,1966-12-31,,,"21 cm: 184 p., ill.",,Comprend un bibliogr. à la fin de l'ouvrage,Français,"Montréal, QC",Secondaire,Secondaire,
00001947,Canadian Material for Schools,"SNOW, Kathleen M.|HAUCK, Philomena",,McClelland and Stewart Limited,[1970?],1970-01-01,1970-12-31,,,23 cm: 200 p.,,Comprend un index à la fin de l'ouvrage. -- ISBN 0-7710-8198-7,Anglais,"Toronto, ON|Montréal, QC",,,
00001948,A Drillbook of French Pronunciation,"VALDMAN, Albert|SALAZAR, Robert J.|CARBONNEAUX, Marie Antoinette",,Harper & Row,[1964?],1964-01-01,1964-12-31,,2e éd.,"24 cm: xi, 382 p., quelques ill.",,Comprend des appendices et un index à la fin de l'ouvrage,Anglais,"New York, NY",,,
00001949,"Initiation à l'histoire à partir du monde actuel : secondaire I, secondaire II","LEFEBVRE, André|ALLARD, Michel|VAILLANCOURT, Gilbert|LEFEBVRE, Bernard","André Lefebvre, L'histoire au cours secondaire à partir du monde actuel",Guérin,[1971?],1971-01-01,1971-12-31,,,"22 x 28 cm: 83 p., ill.",,"Consultants, Adèle Bélanger ....  [et al.]. -- Collection prolongement de la collection : Le Jeu de la vie",Français,"Montréal, QC",Secondaire,Secondaire 1 et 2,
00001950,Macmillan's Teaching in Practice : Volume Three,,,s.n.,[1---?],,,,,"25 cm: xv, 688 p., ill. et cartes",,,Anglais,,,,
00001951,Cours de chimie organique,"ARNEAUD, P.|OURISSON, G.",Enseignement de la chimie,Gauthier-Villars,1971,1971-01-01,1971-12-31,,7e éd. refondue,"24 cm: xix, 450 p.",,Comprend une bibliogr. et un index à la fin de l'ouvrage,Français,"Paris, FR",Universitaire et Collégial,1er cycle scientifique et médicale,
00001952,Home Economics 1,"BRAND, Yvonne",,J. M. Dent & Sons Canada Ltd.,[1968?],1968-01-01,1968-12-31,,,"23 cm: 183 p., ill. (certaines en coul.)",,Comprend une bibliogr. et un index à la fin de l'ouvrage,Anglais,"Toronto, ON",,,
00001953,Le Marketing et vous,"BROUSSEAU, Guy G.|FORTIN, Réal",,Éd. du jour,[1972?],1972-01-01,1972-12-31,,,"20 cm: 238 p., graph. et tableaux",,Comprend une bibliogr. et des annexes à la fin de l'ouvrage,Français,"Montréal, QC",,,
00001954,Key to Exercices in Every Day English for Canadians,"CAUGHLIN, Grace L.",,Sir Isaac Pitman & Sons Canada Ltd.,[19--?],1899-12-31,1999-12-31,,,19 cm: 34 p.,,,Anglais,"Toronto, ON",,,
00001955,Le Français courant 1,"ETMEKJIAN, James|CAEFER, Raymond J.|O'BRIEN, Frances J.|MAROKVIA, Artur",,Allyn and Bacon inc.,[1969?],1969-01-01,1969-12-31,,,"23 cm: xiii, 513 p., ill. (la plupart en coul.)",,Comprend des appendices et un index à la fin de l'ouvrage,Anglais|Français,"Boston, MA",Secondaire,Fist Years High School Program,
00001956,Méthode pour la composition française,"GAUBERT, Gaston",Cours de l'école chez soi,Éd. Eyrolles,1974,1974-01-01,1974-12-31,,,18 cm: 127 p.,,,Français,"Paris, FR",Secondaire|Universitaire et Collégial,Secondaire; enseignement technique et technique supérieur; candidats aux divers examens de grandes écoles techniques et ceux qui franchissent les étapes de la promotion ouvrière (administrative ou technique),
00001957,Le Consommateur,"HÉNAULT, Georges-Maurice",Eurêka,Presses de l'Université du Québec,1979,1979-01-01,1979-12-31,,,"22 cm: x, 212 p., quelques graph. et tableaux",,Collection sous la direction de Maxime Crener. -- Comprend une bibliogr. à la fin de l'ouvrage. -- ISBN 0-7770-0235-3,Français,"Montréal, QC",,,
00001958,Mental Hygiene in the School : A Handbook for the Class-Room Teacher,"LAYCOCK, Samuel R.|GRIFFIN, J. D. M.",The Copp Clark Teacher's Handbook Series,The Copp Clark Publishing Co. Ltd.,[1960?],1960-01-01,1960-12-31,,,"21 cm: xiii, 177 p.",,Comprend des appendices et un index à la fin de l'ouvrage,Anglais,"Vancouver, C-B|Toronto, ON",Primaire|Intermédiaire|Secondaire,Elementary and High School,
00001959,Chimie moderne,"MADRAS, Samuel|HALL, Gordon|HOLCOMB, Robert|PAPILLON, Jean",,Librairie Beauchemin limitée,1964,1964-01-01,1964-12-31,,,"23 cm: xi, 562 p., ill., graph. et tableaux",,Dessin de couv. par Gérard Tremblay. -- Comprend un index à la fin de l'ouvrage,Français,"Montréal, QC",Secondaire,Secondaire,
00001960,Marketing : un défi pour les Québécois,"GARNEAU, Claude|CLOUTIER, Michel",,Éd. commerce; Éd. du jour,[1970?],1970-01-01,1970-12-31,,,"20 cm: 187 p., ill. et graph.",,"Maquette de la couv., Jacques Gagnier. -- Comprend une bibliogr. à la fin de l'ouvrage",Français,"Montréal, QC",,,
00001961,Chimie générale : introduction; à la chimie descriptive et à la chimie théorique moderne,"PAULING, Linus|PÂRIS, R.",,Dunod,1966,1966-01-01,1966-12-31,,2e éd.,"25 cm: xxi, 728 p., graph. et tableaux",,Comprend des appendices et un index à la fin de l'ouvrage,Français,"Paris, FR",Système français,"Lycées (classes secondaires et classes préparatoires aux grandes écoles), universités (enseignement propédeutiques et licence) et écoles de chimie",
00001962,Qu'il fait bon chez nous,"POIRIER, J.-E.|SHELLEY WEES, Frances|HUTCHINGS, Priscilla",J'apprend à lire ; 2,W. J. Gage & Co. Ltd.,[19--?],1899-12-31,1999-12-31,,,"19 cm: 128 p., ill. en coul.",,Comprend un vocabulaire à la fin de l'ouvrage,Français,"Toronto, ON",,,
00001963,Living English for French Canadian Students : Book Two,"SAINT-PIERRE, Gaston",,Beauchemin,1965,1965-01-01,1965-12-31,,,"21 cm: xiv, 185 p.",,,Anglais|Français,"Montréal, QC",Secondaire,9e année,
00001964,Living English for French Canadian Students : Book Three,"SAINT-PIERRE, Gaston",,Beauchemin,1968,1968-01-01,1968-12-31,,,"21 cm: xii, 228 p.",,,Anglais|Français,"Montréal, QC",Secondaire,10e année,
00001965,I Can Write Stories : Size Reduction Unit - Level Two of A Basic Writing Course,"STOTHERS, C. E.|TRUSLER, J. W.",,W. J. Gage & Co. Ltd.,[1965?],1965-01-01,1965-12-31,,,24 cm: 80 p.,,,Anglais,"Toronto, ON",,,
00001966,La Nouvelle Pédagogie du français : méthodes - techniques et procédés : I. Les activités de communication,"TORESSE,Bernard",Najac,O.C.D.L.,[1973?]-[1974?],1973-01-01,1974-12-31,,"2e éd., revue et corrigée",24 cm: 230 p.,,,Français,"Paris, FR",Primaire,Primaire,
00001967,La Nouvelle Pédagogie du français :  méthodes - techniques et procédés : II. Les Activités spécifiques,"TORESSE,Bernard",Najac,O.C.D.L.,[1974?],1974-01-01,1974-12-31,,,24 cm: 251 p.,,Comprend une bibliogr. à la fin de l'ouvrage. -- ISBN 2-7043-3305-X-2,Français,"Paris, FR",Primaire,Primaire,
00001968,"La Nouvelle Pédagogie du français :  méthodes, techniques et procédés : III. Décloisonnement et globalisation","ANISKOFF, M.",Najac,O.C.D.L.,[1976?],1976-01-01,1976-12-31,,,24 cm: 360 p.,,,Français,"Paris, FR",Primaire,Primaire,
00001969,Drills in English : Sentence Patterns : Workbook 1,"BIBEAU, G.|LEBLANC, R.",Canadian Series in English as a Second Language,Centre éducatif et culturel inc.; Longmans Canada Ltd.,[1969?],1969-01-01,1969-12-31,,Éd. révisée,"28 cm: viii, 127 p.",,Comprend un index à la fin de l'ouvrage,Anglais,"Montréal, QC",,,
00001970,Drills in English : Sentence Patterns : Workbook 2,"BIBEAU, G.|LEBLANC, R.",Canadian Series in English as a Second Language,Centre éducatif et culturel inc.; Longmans Canada Ltd.,[1969?],1969-01-01,1969-12-31,,,"28 cm: viii, 127 p.",,Comprend un index à la fin de l'ouvrage,Anglais,"Montréal, QC",,,
00001971,Drills in English : Sentence Patterns : Book 3,"BIBEAU, G.|LEBLANC, R.",Canadian Series in English as a Second Language,Centre éducatif et culturel inc.; Longmans Canada Ltd.,[1970?],1970-01-01,1970-12-31,,,28 cm: 140 p.,,Comprend un index à la fin de l'ouvrage. -- ISBN 0-7751-1933-4,Anglais,"Montréal, QC",,,
00001972,Teachers Manual to Accompany All Sails Set,"BIEHL, Fred C.|BARRETT, Franklin L.|DAVIDSON, True|MACINTOSH, J. R.|LEWIS, C. E",Canadian Reading Development Series,The Copp Clark Publishing Co. Ltd.,[1949?],1949-01-01,1949-12-31,,,"21 cm: xlv, 349 p.",,,Anglais,"Vancouver, C-B|Toronto, ON",,,
00001973,Exercises in Everyday English for Canadians,"CAUGHLIN, Grace L.",,Sir Isaac Pitman & Sons Canada Ltd.,[19--?],1899-12-31,1999-12-31,,Éd. révisée,28 cm: 80 p.,,,Anglais,"Toronto, ON",Intermédiaire|Secondaire,[8e et 9e année],
00001974,The Wishing Well,"COUGHLAN, Selma|O'DONNELL, Mabel|HOOPES, Florence|HOOPES, Margaret",The Alice and Jerry Foundation Series,The Copp Clark Company Ltd.,[1943?],1943-01-01,1943-12-31,,,"20 cm: 128 p., ill. en coul.",,Comprend un vocabulaire à la fin de l'ouvrage,Anglais,"Toronto, ON",,,
00001975,Neighbors on the Hill,"FLACK, Marjorie|O'DONNELL, Mabel|HOOPES, Florence|HOOPES, Margareth",,"Row, Peterson and Company",1957,1957-01-01,1957-12-31,,,"20 cm: 192 p., ill. en coul.",,"Sur la p. de t. : The Alice and Jerry Basic Reading Program, Parallel Second Reader. -- Comprend un vocabulaire à la fin de l'ouvrage",Anglais,"Evanston, IL",,,
00001976,Follow Me,"THORN, Elizabeth A.",,W. J. Gage & Co. Ltd.,[1965?],1965-01-01,1965-12-31,,,"22 cm: viii, 291 p., ill. en coul.",,Sur la p. de t. : Language Experience Reading Program,Anglais,"Toronto, ON",Primaire,1ère année,
00001977,For Me,"THORN, Elizabeth A.",,W. J. Gage & Co. Ltd.,[1965?],1965-01-01,1965-12-31,,,"22 cm: iii, 92 p., ill. en coul.",,Ill. par Douglas Sneyd ... [et al.]. -- Sur la p. de t. : Language Experience Reading Program,Anglais,"Toronto, ON",Primaire,1ère année,
00001978,Instant Reading : The Story of the Initial Teaching Alphabet,"HARRISON, Maurice",,Sir Isaac Pitman & Sons Canada Ltd.,[1964?],1964-01-01,1964-12-31,,,"22 cm: x, 213 p., graph. et tableaux",,Comprend des appendices et un index à la fin de l'ouvrage,Anglais,"London, UK",,,
00001979,I Know A Secret,"HILDRETH, Gertrude|PAULI WATERALL, Corinne|ABBOTT, Jacob B.",Easy Grouwth in Reading ; 1,The John C. Winston Co. Limited,[1940?],1940-01-01,1940-12-31,,,"20 cm: 151 p., ill. en coul.",,Comprend un vocabulaire à la fin de l'ouvrage,Anglais,États-Unis,Primaire,1ère année,
00001980,Guidebook for Teachers for the New Down River Road,"O'DONNELL, Mabel","The Alice and Jerry Basic Readers, Reading Foundation Program","Row, Peterson and Company",[1949?],1949-01-01,1949-12-31,,,19 cm: 154 p.,,,Anglais,"Evanston, IL",,,
00001981,The New Down the River Road,"O'DONNELL, Mabel|HOOPES, Florence|HOOPES, Margareth","The Alice and Jerry Basic Readers, Reading Foundation Program","Row, Peterson and Company",[1949?],1949-01-01,1949-12-31,,,"20 cm: 160 p., ill. en coul.",,Comprend un vocabulaire à la fin de l'ouvrage,Anglais,"Evanston, IL",,,
00001982,The New Friendly Village,"O'DONNELL, Mabel|HOOPES, Florence|HOOPES, Margareth","The Alice and Jerry Basic Readers, Reading Foundation Program","Row, Peterson and Company",[1948?],1948-01-01,1948-12-31,,,"20 cm: 256 p., ill. (certaines en coul.)",,Comprend un vocabulaire à la fin de l'ouvrage,Anglais,"Evanston, IL",,,
00001983,The New Round About,"O'DONNELL, Mabel|HOOPES, Florence|HOOPES, Margareth","The Alice and Jerry Basic Readers, Reading Foundation Program",The Copp Clark Company Ltd.,[1948?],1948-01-01,1948-12-31,,,"20 cm: 208 p., ill. en coul.",,Comprend un vocabulaire à la fin de l'ouvrage,Anglais,"Toronto, ON",,,
00001984,La Bonne Chanson,"GADBOIS, Charles-Émile",La Bonne Chanson,s.n.,1938,1938-01-01,1938-12-31,1938-10-05,,"29 cm: 50 p. de partitions, ill.",,,Français,"St-Hyacinthe, QC",,,
00001985,The New Through the Green Gate,"O'DONNELL, Mabel|HOOPES, Florence|HOOPES, Margareth","The Alice and Jerry Basic Readers, Reading Foundation Program","Row, Peterson and Company",[1948?],1948-01-01,1948-12-31,,,"20 cm: 192 p., ill. en coul.",,Comprend un vocabulaire à la fin de l'ouvrage,Anglais,"Evanston, IL",Primaire,3e année,
00001986,My Little Blue Story Book,"OUSLEY, Odille|RUSSELL, David H.|STEED, Ruth",The Ginn Basic Readers ; III,Ginn and Company,[1948?],1948-01-01,1948-12-31,,,"20 cm: 62 p., ill. en coul.",,Comprend un vocabulaire à la fin de l'ouvrage,Anglais,"Boston, MA",Primaire,Pré-primaire,
00001987,My Little Green Story Book,"OUSLEY, Odille|RUSSELL, David H.|STEED, Ruth",The Ginn Basic Readers ; II,Ginn and Company,[1948?],1948-01-01,1948-12-31,,,"20 cm: 62 p., ill. en coul.",,Comprend un vocabulaire à la fin de l'ouvrage,Anglais,"Boston, MA",Primaire,Pré-primaire,
00001988,Anything Can Happen,"GEISLER PHILLIPS, Mary|O'DONNELL, Mabel|TODD, Dorothy","The Alice and Jerry Books, Reading Foundation Series","Row, Peterson and Company",[1940?],1940-01-01,1940-12-31,,,"20 cm: 192 p., ill. en coul.",,Comprend un vocabulaire à la fin de l'ouvrage,Anglais,"New York, NY",,,
00001989,Around the Corner,"RUSSELL, David H.|OUSLEY, Odille",The Ginn Basic Readers ; II,Ginn and Company,[1950?],1950-01-01,1950-12-31,,,"21 cm: 240 p., ill. en coul.",,Comprend un vocabulaire à la fin de l'ouvrage,Anglais,"Toronto, ON",,,
00001990,Manual for Teaching Around the Corner,"RUSSELL, David H.|OUSLEY, Odille|RICHARDSON, Anne H.",The Ginn Basic Readers ; 2,Ginn and Company,[1948?],1948-01-01,1948-12-31,,,"20 cm: iii, 248 p., ill.",,"Sur la couv. : Second Reader II. -- Comprend des index, un vocabulaire et une bibliogr. à la fin de l'ouvrage",Anglais,"Boston, MA|Toronto, ON",,,
00001991,Manual for Teaching Finding New Neighbors,"RUSSELL, David H.|OUSLEY, Odille|ROBISON, Eleanor",The Ginn Basic Readers ; 3,Ginn and Company,[1948?],1948-01-01,1948-12-31,,,"20 cm: iii, 281 p., ill.",,"Sur la couv. : Third Reader I. -- Comprend des index, un vocabulaire et une bibliogr. à la fin de l'ouvrage",Anglais,"Boston, MA|Toronto, ON",,,
00001992,Grade 4 Manual,"WEST, W. A.|BOWERS, J. L.|PARLIAMENT, H. E.|BAILEY, Jean|QUICK, E. J.",Young Canada Readers,Ed. Nelson Canada,[1964?],1964-01-01,1964-12-31,,,21 cm: 303 p.,,,Anglais,,Primaire,4e année,
00001993,Making Storybook Friends,"YOAKAM, Gerald A.|VERVERKA, M. Madilene|ABNEY, Louise",Laidlaw Basic Readers,Laidlaw Brothers inc.,[1940?],1940-01-01,1940-12-31,,,"20 cm: 128 p., ill. en coul.",,Comprend un vocabulaire à la fin de l'ouvrage,Anglais,"Chicago, IL",,,
00001994,Histoire 6e : livre de documentation,"HARMAND, L.",Histoire Hatier,Librairie Hatier,[1964?],1964-01-01,1964-12-31,,,"21 cm: 119 p., ill. et cartes",,"Sur la couv. : l'Égypte, l'Orient, La Grèce",Français,"Paris, FR",Système français,6e année (France),
00001995,Reading and Learning Disabilities,"KALUGER, George|KOLSON, Clifford J.",,Charles E. Merril Publishing Company,[1978?],1978-01-01,1978-12-31,,2e éd.,"25 cm: x, 494 p.",,"Comprend des appendices, un glossaire et un index à la fin de l'ouvrage",Anglais,"Columbus, OH|Toronto, ON",,,
00001996,Le Statut professionnel des éducateurs; étude no. 2,"PATON, J. M.",Les études de la conférence ; 2,Conférence canadienne sur l'éducation,1961,1961-01-01,1961-12-31,,,"22 cm: vi, 89 p.",,Études de la collection rédigées par Robert Gauthier et Fred W. Price. -- Dessins de la couv. de Harry Kelman. -- Comprend des appendices à la fin de l'ouvrage,Français,"Ottawa, ON",,,
00001997,Principles of Method,,,The Copp Clark Company Ltd.,[1930?],1930-01-01,1930-12-31,,,"20 cm: viii, 320 p.",,,Anglais,"Toronto, ON",,,
00001998,Biologie : classe de 6e,"BOUET, Monique","C. Désiré - R. Tavernier, Sciences expérimentales",Bordas,[1977?],1977-01-01,1977-12-31,,,"25 cm: 143 p., ill. et graph. en coul.",ISBN 2-04-007315-9,,Français,"Paris, FR",Système français,6e année (France),
00001999,Le Marketing,"BISCAYART, M.|MINGUET, M.",Marketing,Dunod,1970,1970-01-01,1970-12-31,,5e éd.,"24 cm: xix, 305 p., ill., graph. et tableaux",,Comprend un glossaire à la fin de l'ouvrage,Français,"Paris, FR",,,
00002000,"Le Français, langue des affaires","CLAS, André|HORGUELIN, Paul A.|DUBUC, Robert",,McGraw-Hill,[1979?],1979-01-01,1979-12-31,,2e éd.,"24 cm: xx, 391 p., quelques ill.",,"Comprend une bibliogr., des annexes et un index à la fin de l'ouvrage. -- ISBN 0-07-082737-0",Français,"Montréal, QC",,,Français|Secrétariat
00002001,L'Europe et l'Asie,"CLEE, David|HILDEBRAND, W.|DESJARDINS, Micheline",,Éditions H.R.W. ltée.,[1979?],1979-01-01,1979-12-31,,,"26 cm: ix, 570 p., ill., graph. et cartes (certains en coul.)",,"Photographies de la couv., Joseph Brignolo, Hans Wendler. -- Maquette de la couv., Sylvie Nadeau. -- Trad. de : Through Europe and Asia. -- Comprend un index à la fin de l'ouvrage. -- ISBN 0-03-929349-1",Français,"Montréal, QC",,,
00002002,On My Way,"COVELL, Harold M.|GRADE, Anne|MOORE, Phyllis",The Ryerson Readers ; 2,The Ryerson Press,[1966?],1966-01-01,1966-12-31,,,24 cm: 172 p.,,"Ill., Adrian Dingle ... [et al.]. -- ISBN 0-7700-3097-1",Anglais,"Toronto, ON",,,
00002003,Chimie : classe de seconde,"GUINIER, G.|GUIMBAL, R.",Sciences physiques Georges Guinier,Bordas,[1966?],1966-01-01,1966-12-31,,,"24 cm: 192 p., ill. et graph. (certains en coul.)",,Comprend un lexique et un index à la fin de l'ouvrage. -- No d'éditeur 277.661.503,Français,"Paris, FR",Système français,2e année (France),
00002004,Auto Body Repair and Refinishing,"HOGG, John W.",,McGraw-Hill Company of Canada Ltd.,[1969?],1969-01-01,1969-12-31,,,"24 cm: xiv, 274 p., ill. et graph.",,Comprend un index à la fin de l'ouvrage,Anglais,"Toronto, ON",,,
00002005,Le Marketing au Canada : textes et cas,"KIRPALANI, Vishnu H.|ROTENBERG, Ronald H.|DUCHESNE, Lucie|DUCHESNE, Benoit",,Éditions H.R.W. ltée.,[1975?],1975-01-01,1975-12-31,,,"24 cm: vi, 266 p., ill., graph. et tableaux",,Maquette de la couv. : Joanne Bertrand. -- Trad. de : Cases and Reading in Marketing. -- ISBN 0-03-928258-9,Français,"Montréal, QC",,,
00002006,Science : The Nature of Things,"LONGFIELD, Alan|WELLS, John|RICHTER, Klaus",,Oxford University Press,1981,1981-01-01,1981-12-31,,,"23 cm: 336 p., ill., graph., tableaux et cartes",,Comprend un glossaire et un index à la fin de l'ouvrage. -- ISBN 0-19-540312-6,Anglais,"Toronto, ON",,,
00002007,Science : The Measure of Things,"LONGFIELD, Alan|WELLS, John|RICHTER, Klaus",,Oxford University Press,1981,1981-01-01,1981-12-31,,,"23 cm: 336 p., ill., graph. et cartes",,"Comprend un appendice, un glossaire et un index à la fin de l'ouvrage. -- ISBN 0-19-540313-4",Anglais,"Toronto, ON",,,
00002008,Éléments de menuiserie,"MILLER, H. G.|LABONTÉ-FOURNIER, R.",,Éditions H.R.W. ltée.,[1980?],1980-01-01,1980-12-31,,,"26 cm: 240 p., ill., graph. et tableaux (certains en coul.)",,"Comprend un glossaire, une bibliogr. et un index à la fin de l'ouvrage. -- ISBN 0-03-929594-X",Français,"Montréal, QC",,,
00002009,Tour d'horizon du Canada,"MOLYNEUX, John|OLSEN, Marilyn",,McGraw-Hill Ryerson Limited,[1982?],1982-01-01,1982-12-31,,,"24 cm: 346 p., ill., graph., tableaux et cartes (certains en coul.)",,Trad. de : Canada in View. -- Comprend un appendice et un index à la fin de l'ouvrage. -- ISBN 0-07-092442-2,Français,"Toronto, ON",Secondaire,Secondaire,
00002010,Géologie : classe de 4e,"RUDEL, Aimé|DÉSIRÉ, Charles",Sciences naturelles,Bordas,[1966?],1966-01-01,1966-12-31,,,"24 cm: 224 p., ill., graph., tableaux et cartes (la plupart en coul.)",,Comprend un lexique et un index à la fin de l'ouvrage. -- No d'éditeur 477 662 506,Français,"Paris, FR",Système français,4e année (France),
00002011,"La Météorologie, l'océan, les glaciers","SAINT-PIERRE, André|HUMPHREY, Édouard",A la découverte,Grolier limitée,[1969?],1969-01-01,1969-12-31,,,"22 cm: 200 p., ill. et cartes (certaines en coul.)",,,Français,"Montréal, QC",,,
00002012,Le marketing et sa gestion nous concerne tous,"SEKIOU, Lakhdar",,Hurtubise HMH ltée.,[1979?],1979-01-01,1979-12-31,,,"22 cm: 160 p., ill., graph. et tableaux",,"Sur la p. de t. : avec un lexique du marketing et de sa gestion. -- Comprend des annexes, un lexique et une bibliogr. à la fin de l'ouvrage. -- ISBN 2-89045-194-1",Français,"Lasalle, QC",,,
00002013,Technique du nursing des gardes malades auxiliaires,Soeur Marie-des-Sept-Douleurs,,Hôtel-Dieu Saint-Michel,1955,1955-01-01,1955-12-31,,2e éd.,"25 cm: 255 p., ill.",,Comprend un glossaire et une bibliogr. à la fin de l'ouvrage,Français,"Roberval, QC",,,
00002014,La Météorologie,"WACHTER, Heinz|AURIVEAUD, Françoise",,Flammarion,[1974?],1974-01-01,1974-12-31,,,"26 cm: 128 p., ill. et cartes (la plupart en coul.)",,Trad. de : Wechselnd Bewölkt Umgang Mit Dem Wetter. -- Comprend un index et une bibliogr. à la fin de l'ouvrage,Français,Angleterre,,,
00002015,Language Journeys : Grade VII,"BROOME, E. B.|MCGECHAEN, J.|BANKS, Robert",,Macmillan and Co. of Canada Ltd.,[1952?],1952-01-01,1952-12-31,,,"21 cm: xviii, 300 p., ill. (certaines en coul.)",,Comprend un index à la fin de l'ouvrage,Anglais,"Toronto, ON",Intermédiaire,7e année,
00002016,Language Come Alive 7,"CARVER, F. L.|MEAD ELLIOTT, K.|RITTENHOUSE, Charles|COUTTS, H. T.|ELLIOTT, C. M.",,J. M. Dent & Sons Canada Ltd.,[1961?],1961-01-01,1961-12-31,,,"23 cm: xxii, 296 p., ill. (certaines en coul.)",,Comprend un index à la fin de l'ouvrage,Anglais,"Toronto, ON",Intermédiaire,7e année,
00002017,Language Come Alive 8,"CARVER, F. L.|MEAD ELLIOTT, K.|RITTENHOUSE, Charles|COUTTS, H. T.",,J. M. Dent & Sons Canada Ltd.,[1965?],1965-01-01,1965-12-31,,,"23 cm: xx, 296 p., ill. (certaines en coul.)",,Comprend un index à la fin de l'ouvrage,Anglais,"Toronto, ON",Intermédiaire,8e année,
00002018,Patterns for Writing 2,"DASHWOOD-JONES, D.",,W. J. Gage & Co. Ltd.,[1967?],1967-01-01,1967-12-31,,,"23 cm: 104, 32 p., ill.",,,Anglais,"Toronto, ON",,,
00002019,Manuel de botanique,"DUMAIS, Rolland|Chader",,Pedagogia inc.,[1961?],1961-01-01,1961-12-31,1961-05-28,2e éd.,"26 cm: 158 p., ill. (certaines en coul.)",,Comprend un glossaire et un index à la fin de l'ouvrage,Français,"Montréal, QC",,,
00002020,L'Homme dans son milieu,"COUILLARD, P.|POIRIER, Michel",,Guérin,1968,1968-01-01,1968-12-31,,,"23 cm: 399 p., ill., graph. et tableaux (certains en coul.)",,Comprend un index à la fin de l'ouvrage,Français,"Montréal, QC",Secondaire,Secondaire,
00002021,Grandes découvertes du XXe siècle,"LEPRINCE-RINGUET, Louis|ASTIER, A.|DE LA RONCIÈRE, Bénédite",,Librairie Larousse,[1956?],1956-01-01,1956-12-31,,,"23 cm: 527 p., ill., graph. et tableaux (certains en coul.)",,Comprend un index à la fin de l'ouvrage,Français,"Paris, FR",,,
00002022,Manuel des statistiques de l'éducation,,,UNESCO,1961,1961-01-01,1961-12-31,,1re éd.,"21 cm: 255 p., tableaux",,Comprend une annexe à la fin de l'ouvrage,Français,"Paris, FR",,,
00002023,High Flight,"MCINTOSH, J. R.|BARRETT, Franklin L.|LEWIS, C. E.|BYERS, Virginia|SALISBURY, Margaret",Canadian Reading Development Series,The Copp Clark Publishing Co. Ltd.,[1951?],1951-01-01,1951-12-31,,,"20 cm: x, 518 p., ill. (certaines en coul.)",,Comprend un glossaire à la fin de l'ouvrage,Anglais,"Vancouver, C-B|Toronto, ON",,,
00002024,"Around the Corner, et, Manual for Teaching the Second Reader : II","OUSLEY, Odille|RUSSELL, David H.",The Ginn Basic Readers,Ginn and Company,[1958?],1958-01-01,1958-12-31,,Éd. révisée,"23 cm: ix, 532, 255 p., ill. en coul.",,Sur la couv. : Around the Corner : Teachers' Edition. -- . -- Comprend un vocabulaire à la fin de l'ouvrage,Anglais,"Toronto, ON",Primaire,2e année,
00002025,Documents relatifs à l'histoire constitutionnelle du Canada 1759-1791 : deuxième partie,"SHORTT, Adam|DOUGHTY, Arthur G.",,Thomas Mulvey,1921,1921-01-01,1921-12-31,,2e éd. révisée,25 cm: p. 565-1064,,Comprend un index à la fin de l'ouvrage,Français,"Ottawa, ON",,,
00002026,Language Come Alive 9,"SMALLBRIDGE, John E.|COUTTS, H. T.|GAGNON, Clarence A.",,J. M. Dent & Sons Canada Ltd.,[1964?],1964-01-01,1964-12-31,,,"23 cm: xiii, 218 p., ill.",,Comprend un index à la fin de l'ouvrage,Anglais,"Toronto, ON",Secondaire,9e année,
00002027,Language Come Alive 10,"SMALLBRIDGE, John E.|COUTTS, H. T.|HORSMAN VARLEY, Frederick",,J. M. Dent & Sons Canada Ltd.,[1965?],1965-01-01,1965-12-31,,,"23 cm: xiii, 242 p., quelques ill.",,Comprend un index à la fin de l'ouvrage,Anglais,"Toronto, ON",Secondaire,10e année,
00002028,Sténographie Gregg,Soeur Marie-Ernestine,,"Division Gregg, McGraw-Hill",[1966?],1966-01-01,1966-12-31,,,"23 cm: 341 p., quelques ill.",,Sur la couv. : collection du 75e anniversaire. -- Comprend un index à la fin de l'ouvrage,Français,"Montréal, QC",,,
00002029,Dynamisme de la vente,"SYLVESTRE, Robert",,Librairie Beauchemin limitée,1970,1970-01-01,1970-12-31,,,22 cm: 254 p.,,Préface de Jean-Jacques Fortin. -- Comprend une bibliogr. à la fin de l'ouvrage,Français,"Ottawa, ON",,,
00002030,Language Come Alive 3,"YEO, Helen M.|DRISCOLL, Anna Marie|MACNEVIN, Christine|YEO, Alma|RITTENHOUSE, Charles|COUTTS, H. T.|HORNICK, Philip A.|LAZARE, Jerry",,J. M. Dent & Sons Canada Ltd.,[1959?],1959-01-01,1959-12-31,,,"23 cm: ix, 213 p., ill. en coul.",,Comprend un index et un appendice à la fin de l'ouvrage,Anglais,"Toronto, ON",Primaire,3e année,
00002031,Mille Lieux,"BÉLANGER, Jean-D.|LAFRAMBOISE, Yvon|LANGEVIN, Claude",,Éd. Nelson Canada,[1974?],1974-01-01,1974-12-31,,,"24 cm: 107 p., ill. (la plupart en coul.)",,"Adapté de : Manspace. -- Ouvrage original de Alec Allinson, Beverley Allinson et John McInnes. -- Conception et dessins, Joan Affleck ... [et al.]. -- ISBN 0-176-31952-2",Français,"Don Mills, ON",Primaire,Primaire,
00002032,Multimonde,"BÉLANGER, Jean-D.|LAFRAMBOISE, Yvon|LANGEVIN, Claude|GANGNON, Pat|MCKEE, Jon",,Éd. Nelson Canada,[1973?],1973-01-01,1973-12-31,,,"24 cm: 95 p., ill. (la plupart en coul.)",,"Adapté de : Multiworlds. -- Ouvrage original de Alec Allinson, Beverley Allinson et John McInnes. -- ISBN 0-176-31986-7",Français,"Don Mills, ON",Primaire,Primaire,
00002033,Biologie 5e : livre du professeur,"ASTOLFI, Jean-Pierre|OLDFIELD, P.|RIBALTCHENKO, W.",,Librairie Belin,[1978?],1978-01-01,1978-12-31,,,"24 cm: 167 p., ill., graph. et tableaux",,Comprend une bibliogr. à la fin de l'ouvrage. -- ISBN 2-7011-0310-X,Français,"Paris, FR",Système français,Secondaire 5 (France),
00002034,Atlas Larousse canadien,"BROUILLETTE, Benoit|SAINT-YVES, Maurice",,Éd. française inc.,[1978?],1978-01-01,1978-12-31,,2e éd.,"29 cm: xvi, 160 p., graph. et cartes en coul.",,Comprend des index à la fin de l'ouvrage,Français,Québec,,,
00002035,"La Lecture par le sablier : 3e livre, 2e partie","CÔTÉ-PRÉFONTAINE, Gisèle|PRÉFONTAINE, Robert R.|BELOIN, Normand-U.|FUMET-VINCENT, Odette",,Librairie Beauchemin limitée,1967,1967-01-01,1967-12-31,,,"28 cm: 80 p., ill. en coul.",,,Français,"Montréal, QC",,,
00002036,L'Atlas scolaire,"DALY, Robert C.|GARCIA, Carmen|GUÉRIN, Marc-Aimé|WALLER, John R.",,Guérin; Éd. Gage limitée,[1981?],1981-01-01,1981-12-31,,,"28 cm: 128 p., cartes en coul.",,Comprend un index à la fin de l'ouvrage. -- Éd. Guérin : ISBN 2-7601-0141-X. -- Éd. Gage : ISBN 0-7715-2622-9,Français,"Montréal, QC|Toronto, ON",,,
00002037,"Le Canada, le Québec : géographie nationale","GIROUX, Gaston|JOYAL, Gaston",,Lidec inc.,[1978?],1978-01-01,1978-12-31,,,"24 cm: 315 p., ill., graph., tableaux et cartes (certaines en coul.)",,Comprend un vocabulaire et une bibliogr. à la fin des chapitres. -- Comprend un index à la fin de l'ouvrage,Français,"Montréal, QC",Secondaire,Secondaire,
00002038,Nouvelle Géographie du Canada,"VAN DE VELDE, Henri|DESJARDINS, Roger",,Éditions H.R.W. ltée.,[1978?],1978-01-01,1978-12-31,,3e éd.,"26 cm: ix, 544 p., ill., graph. et cartes (certains en coul.)",,"Trad. et adapt. de la 1re éd. en langue anglaise, Ralph R. Krueger, Raymond G. Corder. -- Trad. de la 1re éd., Jean Lavallée, Jules Sabbe. -- Adapt. de la 1re éd., Micheline Desjardins, Henri Van de Velde. --Trad. et adapt. de la 2e éd., Henri Van de Velde. -- Adapt. et révision de la 3e éd., Roger Desjardins, Jacques Émond. -- Maquette de la couv., Danielle Guy-Grandmond. -- Photo de la couv., Photothèque Office National du film. -- Comprend un index à la fin de l'ouvrage. -- ISBN 0-03-929559-1",Français,"Montréal, QC",,,
00002039,Suggestion de cours de français des affaires : niveau 4 et aides pédagogiques,"RÉGNIER, Gabrielle",,Conseil scolaire d'Ottawa,1978,1978-01-01,1978-12-31,,,28 cm: 142 p.,,,Français,"Ottawa, ON",,,Français|Secrétariat
00002040,Questions actuelles de pédagogie,"DE LA VAISSIÈRE, J.",Les Sciences et l'art de l'éducation ; 1,Éd. du Cerf,1931,1931-01-01,1931-12-31,,,19 cm: 196 p.,,Comprend un index à la fin de l'ouvrage,Français,"Seine-et-Oise, FR",,,
00002041,Atlas de géographie historique du Canada,"SAINT-YVES, Maurice|VALLIÈRES, Marc",,Éd. française inc.,[1982?],1982-01-01,1982-12-31,,1re éd.,"29 cm: xvi, 96 p., tableaux et cartes (en coul.)",,Comprend un index et une bibliogr. à la fin de l'ouvrage. -- ISBN 2-7618-1005-8,Français,"Boucherville, QC",,,Géographie|Histoire
00002042,The Teacher's Source Book : Level 2,"THORN, Elizabeth A.",,W. J. Gage & Co. Ltd.,[1966?],1966-01-01,1966-12-31,,,"28 cm: xiv, 298 p.",,Sur la couv. : Language Experience Reading Program. -- Comprend un index à la fin de l'ouvrage,Anglais,"Toronto, ON",Primaire,1ère année,
00002043,The Teacher's Source Book : Level 3,"THORN, Elizabeth A.",,W. J. Gage & Co. Ltd.,[1966?],1966-01-01,1966-12-31,,,28 cm: 380 p.,,Sur la couv. : Language Experience Reading Program. -- Comprend un index à la fin de l'ouvrage,Anglais,"Toronto, ON",Primaire,1ère année,
00002044,The Teacher's Source Book : Level 4,"THORN, Elizabeth A.",,W. J. Gage & Co. Ltd.,[1967?],1967-01-01,1967-12-31,,,28 cm: 529 p.,,Sur la couv. : Language Experience Reading Program. -- Comprend un index à la fin de l'ouvrage,Anglais,"Toronto, ON",Primaire,2e année,
00002045,Des molécules à l'homme : exercices de laboratoire,"TREMBLAY, Jean-Louis|FILTEAU, Gabriel|AUDET, Louis-Philippe",,Centre de psychologie et de pédagogie,1966,1966-01-01,1966-12-31,,,"25 cm: 130 p., ill., graph. et tableaux",,"Administrateurs, Arnold B. Grobman ... [et al]. -- auteurs, Claude A. Welch ... [et al.]. -- Sur la p. de t. : Biologie, version bleue. -- Trad. de : Biological Science : Molecules to Man. -- Comprend des appendices à la fin de l'ouvrage",Français,"Montréal, QC",,,
00002046,Biologie 6,"VALLIN, J.|MARCHAL, G.|MOUSSET, R.|DÉSIRÉ, Charles",Sciences naturelles,Bordas,[1972?],1972-01-01,1972-12-31,,,"27 cm: 198 p., ill. en coul.",,No d'éditeur 249 727 008,Français,"Paris, FR",Système français,6e année (France),
00002047,Module 1 : le bilan d'ouverture,"BÉRUBÉ, Yvon|FOURNIER, Jean-Paul",,Librairie Beauchemin limitée,[1975?],1975-01-01,1975-12-31,,,"26 cm: 23 p., ill.",,Sur la couv. : tenue de livres d'une entreprise de services. -- Comprend un vocabulaire à la fin de l'ouvrage. -- ISBN 0-7750-0328-X,Français,"Ottawa, ON",,,
00002048,Module 2 : l'écriture d'ouverture,"BÉRUBÉ, Yvon|FOURNIER, Jean-Paul",,Librairie Beauchemin limitée,[1975?],1975-01-01,1975-12-31,,,26 cm: 19 p.,,Sur la couv. : tenue de livres d'une entreprise de services. -- Comprend un vocabulaire à la fin de l'ouvrage. -- ISBN 0-7750-0329-8,Français,"Ottawa, ON",,,
00002049,Module 3 : les reports au grand livre général,"BÉRUBÉ, Yvon|FOURNIER, Jean-Paul",,Librairie Beauchemin limitée,[1975?],1975-01-01,1975-12-31,,,26 cm: 27 p.,,Sur la couv. : tenue de livres d'une entreprise de services. -- Comprend un vocabulaire à la fin de l'ouvrage,Français,"Ottawa, ON",,,
00002050,"Module 4 : les variations de l'actif, du passif et du capital (+ ou -)","BÉRUBÉ, Yvon|FOURNIER, Jean-Paul",,Librairie Beauchemin limitée,[1975?],1975-01-01,1975-12-31,,,26 cm: 58 p.,,Sur la couv. : tenue de livres d'une entreprise de services. -- Comprend un vocabulaire à la fin de l'ouvrage. -- ISBN 0-7750-0331-X,Français,"Ottawa, ON",,,
00002051,Module 5 : les variations des revenus et dépenses (+ ou -),"BÉRUBÉ, Yvon|FOURNIER, Jean-Paul",,Librairie Beauchemin limitée,[1975?],1975-01-01,1975-12-31,,,26 cm: 73 p.,,Sur la couv. : tenue de livres d'une entreprise de services. -- Comprend un vocabulaire à la fin de l'ouvrage. -- ISBN 0-7750-0332-8,Français,"Ottawa, ON",,,
00002052,Module 6 : la balance de vérification avant fermeture,"BÉRUBÉ, Yvon|FOURNIER, Jean-Paul",,Librairie Beauchemin limitée,[1975?],1975-01-01,1975-12-31,,,26 cm: 44 p.,,Sur la couv. : tenue de livres d'une entreprise de services. -- Comprend un vocabulaire à la fin de l'ouvrage. -- ISBN 0-7750-0333-6,Français,"Ottawa, ON",,,
00002053,Module 7 : le chiffrier et les états financiers,"BÉRUBÉ, Yvon|FOURNIER, Jean-Paul",,Librairie Beauchemin limitée,[1975?],1975-01-01,1975-12-31,,,26 cm: 31 p.,,Sur la couv. : tenue de livres d'une entreprise de services. -- Comprend un vocabulaire à la fin de l'ouvrage. -- ISBN 0-7750-0334-4,Français,"Ottawa, ON",,,
00002054,Module 8 : les écritures de fermeture,"BÉRUBÉ, Yvon|FOURNIER, Jean-Paul",,Librairie Beauchemin limitée,[1975?],1975-01-01,1975-12-31,,,26 cm: 59 p.,,Sur la couv. : tenue de livres d'une entreprise de services. -- Comprend un vocabulaire à la fin de l'ouvrage. -- ISBN 0-7750-0335-2,Français,"Ottawa, ON",,,
00002055,Module 9 : les registres propres à une organisation sociale et à un professionnel,"BÉRUBÉ, Yvon|FOURNIER, Jean-Paul",,Librairie Beauchemin limitée,[1975?],1975-01-01,1975-12-31,,,26 cm: 50 p.,,Sur la couv. : tenue de livres d'une entreprise de services. -- Comprend un vocabulaire à la fin de l'ouvrage. -- ISBN 0-7750-0336-0,Français,"Ottawa, ON",,,
00002056,Module 10 : les opérations bancaires,"BÉRUBÉ, Yvon|FOURNIER, Jean-Paul",,Librairie Beauchemin limitée,[1975?],1975-01-01,1975-12-31,,,26 cm: 45 p.,,Sur la couv. : tenue de livres d'une entreprise de services. -- Comprend un vocabulaire à la fin de l'ouvrage. -- ISBN 0-7750-0337-9,Français,"Ottawa, ON",,,
00002057,Module 11 : le fonds de petite caisse,"BÉRUBÉ, Yvon|FOURNIER, Jean-Paul",,Librairie Beauchemin limitée,[1975?],1975-01-01,1975-12-31,,,26 cm: 33 p.,,Sur la couv. : tenue de livres d'une entreprise de services. -- Comprend un vocabulaire à la fin de l'ouvrage. -- ISBN 0-7750-0338-7,Français,"Ottawa, ON",,,
00002058,Biologie 5e,"ASTOLFI, Jean-Pierre|OLDFIELD, P.|RIBALTCHENKO, W.",,Librairie Belin,[1978?],1978-01-01,1978-12-31,,,"28 cm: 159 p., ill. (la plupart en coul.)",ISBN 2-7011-0309-6,,Français,"Paris, FR",Système français,5e année (France),
00002059,The Canada Books of Prose and Verse,"COVELL, Harold M.|MCGECHAEN, J.|MCBURNEY, Reginald|FANTUZ, Gus",Reading Study ; 1,The Ryerson Press; Macmillan and Co. of Canada Ltd.,[1963?],1963-01-01,1963-12-31,,,"28 cm: 96 p., quelques ill. en coul.",,,Anglais,Canada,Intermédiaire|Secondaire,7e à 9e année,
00002060,Apprentissage individualisé de la biologie au secondaire : cahier de l'étudiant,"DARVEAU, Paul|BANVILLE, Laurent|CARRIER, Fernand|DARVEAU, Diane|BISSON, Lynda|DÉSAULNIERS, Pierre L.|DUCHESNE, Guy",,Guérin,1976,1976-01-01,1976-12-31,,,"27 cm: 370 p., ill.",,Comprend une bibliogr. à la fin de l'ouvrage,Français,"Montréal, QC",Secondaire,Secondaire 5,
00002061,Apprentissage individualisé de la biologie au secondaire : guide méthodologique,"DARVEAU, Paul|BANVILLE, Laurent|CARRIER, Fernand|DARVEAU, Diane|BISSON, Lynda|DÉSAULNIERS, Pierre L.|DUCHESNE, Guy",,Guérin,1976,1976-01-01,1976-12-31,,,27 cm: 81 p.,,Comprend une bibliogr. à la fin de l'ouvrage,Français,"Montréal, QC",Secondaire,Secondaire 5,
00002062,La Méthode expérimentale au laboratoire de biologie : cahier de l'étudiant,"DARVEAU, Paul|BANVILLE, Laurent|CARRIER, Fernand|DARVEAU, Diane|BISSON, Lynda|DÉSAULNIERS, Pierre L.|DUCHESNE, Guy",,Guérin,1976,1976-01-01,1976-12-31,,,27 cm: 24 p.,,,Français,"Montréal, QC",Secondaire,Secondaire 5,
00002063,Manuel de zoologie,"DUMAIS, Rolland|Chader",,Pédagogia inc.,[1959?],1959-01-01,1959-12-31,,3e éd.,"26 cm: 128 p., ill. (certaines en coul.)",,Comprend un appendice à la fin de l'ouvrage,Français,"Montréal, QC",Intermédiaire|Secondaire,8e et 9e année,
00002064,Chimie : 10 expériences de laboratoire : cahier 2a,"FRÉCHETTE, Maurice",,Centre de psychologie et de pédagogie,1968,1968-01-01,1968-12-31,,,"28 cm: 9 fiches, ill.",,,Français,"Ottawa, ON",Secondaire,Secondaire,
00002065,La Menuiserie,"GRONEMAN, Chris H.|GLAZENER, Everett R.|LABONTÉ-FOURNIER, R.|FISET, Louis",,McGraw-Hill,[1976?],1976-01-01,1976-12-31,,2e éd.,"24 cm: xiii, 434 p., ill. et graph.",,Comprend un index à la fin de l'ouvrage. -- ISBN 0-07-082760-5,Français,"Montréal, QC",,,
00002066,Une planète à explorer : projets de géographie pour le cours secondaire I,Kovik,,Hurtubise,[1977?],1977-01-01,1977-12-31,,,28 cm: 175 p.,,"Production, Louis Geoffroy. -- Maquette de la couv., Pierre Fleury. -- Ill., Muriel St-Laurent. -- Comprend un index à la fin de l'ouvrage. -- ISBN 0-7758-0109-7",Français,"Montréal, QC",Secondaire,Secondaire 1,
00002067,Des Molécules à l'homme,"TREMBLAY, Jean-Louis|FILTEAU, Gabriel|AUDET, Louis-Philippe",,Centre de psychologie et de pédagogie,1966,1966-01-01,1966-12-31,,,"26 cm: xv, 709 p., ill., graph. et tableaux",,"Administrateurs, Arnold B. Grobman ... [et al.]. -- auteurs, Claude A. Welch ... [et al.]. -- Sur la p. de t. : Biologie, version bleue. -- Trad. de : Biological Sciences : Molecules to Man. -- Comprend un appendice et un index à la fin de l'ouvrage.",Français,"Montréal, QC",Secondaire,Fin du secondaire; pré-universitaire,
00002068,Initiation à l'informatique,"CHASSÉ, Georges",Service d'animation et de recherches pédagogiques,Guérin,[1978?],1978-01-01,1978-12-31,,,"23 cm: xi, 483 p., ill., graph. et tableaux",,Comprend un lexique et un index à la fin de l'ouvrage. -- ISBN 0-7764,Français,"Montréal, QC",,,
00002069,Language Come Alive 6,"RITTENHOUSE, Charles|COUTTS, H. T.|HORNICK, Philip A.|STANLEY, Malcolm|MERLE SMITH, John|BAGSHAW, Ruth",,J. M. Dent & Sons Canada Ltd.,[1961?],1961-01-01,1961-12-31,,,"23 cm: ix, 283 p., ill. (certaines en coul.)",,Comprend une bibliogr. au début de l'ouvrage. -- Comprend un index à la fin de l'ouvrage,Anglais,"Toronto, ON",Primaire,6e année,
00002070,"Up, Up and Away","RENNICK, Barbara",A Reading and Language Series,McGraw-Hill Ryerson Limited,[1984?],1984-01-01,1984-12-31,,,"23 cm: 111 p., ill. (la plupart en coul.)",,"Ill., Sharon Black ... [et al.]. -- ISBN 0-07-077909-0",Anglais,"Toronto, ON",,,
00002071,Hiyou Tillicum,"ZOLA, Meguido|BROWN, Frances|TOMLIN, Barbara|WOOD, Barb|BIRTCH, Robert|STAPE, John H.","Hiyou Series, a Canadian Language Arts Programme ; 1",CommCept Publishing Ltd,1978,1978-01-01,1978-12-31,,,"23 cm: 248 p., ill.",ISBN 0-88829-030-6,,Anglais,"Vancouver, C-B",,,
00002072,The Five-and-a-Half Club,"BIANCO, Margary|O'DONNELL, Mabel|AYER, Margaret","The Alice and Jerry Books, Reading Foundation Series","Row, Peterson and Company",[1942?],1942-01-01,1942-12-31,,,"20 cm: 256 p., ill. (certaines en coul.)",,Comprend un vocabulaire à la fin de l'ouvrage,Anglais,"New York, NY",,,
00002073,Shining Skies,"BIEHL, Fred C.|MACINTOSH, J. R.|LEWIS, C. E|SALISBURY, Margaret",Canadian Reading Development Series,The Copp Clark Publishing Co. Ltd.,[1952?],1952-01-01,1952-12-31,,,"20 cm: x, 518 p., ill. (certaines en coul.)",,Comprend un glossaire à la fin de l'ouvrage,Anglais,"Vancouver, C-B|Toronto, ON",,,
00002074,Is Anybody Listening ?,"CARLEY, Wayne|MCINNES, John|HOFFMAN, Hilde",Nelson Venture Books,Thomas Nelson & Sons Canada Ltd.,[1972?],1972-01-01,1972-12-31,,,"22 cm: 38 p., ill. en coul.",ISBN 0-176-35103-5 (relié). -- ISBN 0-176-30973-X (papier),,Anglais,Canada,,,
00002075,See Me Go,"COVELL, Harold M.|GRADY, Anne|MOORE, Phyllis",The Ryerson Readers ; 3,The Ryerson Press,[1966?],1966-01-01,1966-12-31,,,"24 cm: 189 p., ill. (la plupart en coul.)",,"Ill., Gordon Collins ... [et al.]",Anglais,"Toronto, ON",,,
00002076,Géographie générale : physique et humaine : 8ème année,"DAGENAIS, Pierre","Pierre Dagenais, La Géographie du cours secondaire",Centre de psychologie et de pédagogie,1957,1957-01-01,1957-12-31,1957-05-15,,"23 cm: 142 p., ill., graph. et cartes (certains en coul.)",,Sur la p. de t. : volume 1,Français,"Montréal, QC",Intermédiaire,8e année,
00002077,Géographie générale : physique et humaine : classe de seconde,"DERRUAU-BONIOL, S.|BERTRAND, A. J.-C.|KIENAST, Robert",Cours de géographie,Librairie Delagrave,[1961?],1961-01-01,1961-12-31,,,"23 cm: 317 p., ill., graph. et cartes (certains en coul.)",,Comprend un lexique-index à la fin de l'ouvrage,Français,"Paris, FR",Système français,Classe de seconde (France),
00002078,My World and I,"DOBRINDT, G. H.|GATHERCOLE, F.|HUGHES, Campbell|BICE, Clare|LAZARE, Jerry|PIERCE, Lorne|MINKLER, Frederick|NOBLE, George",The New World Readers,The Ryerson Press; Macmillan and Co. of Canada Ltd.,[1946?],1946-01-01,1946-12-31,,,"22 cm: ix, 438 p., ill. en coul.",,Comprend un dictionnaire et un vocabulaire à la fin de l'ouvrage,Anglais,"Toronto, ON",Intermédiaire,Junior grades,
00002079,Language Journeys : Grade Five,"HALL, T. Roy|BROOME, E. B.|BANKS, R. J.",,Macmillan and Co. of Canada Ltd.,[1953?],1953-01-01,1953-12-31,,,"21 cm: xii, 271 p., ill. en coul.",,Comprend un index à la fin de l'ouvrage,Anglais,"Toronto, ON",Primaire,5e année,
00002080,Guide de l'étudiant en géographie,"MEYNIER, André",,Presses universitaires de France,1971,1971-01-01,1971-12-31,,,18 cm: 158 p.,,,Français,"Paris, FR",,,
00002081,Mon Livre de français; cinquième année,,,Frères du Sacré-Coeur,1964,1964-01-01,1964-12-31,1963-03-27,Nouv. éd.,"22 cm: 352 p., ill. en coul.",,"Linguiste-conseil, Gilles-R. Lefebvre ; ill. de Guy Desmarchais",Français,"Montréal, QC",Primaire,5e année,
00002082,"Mon Livre de français; série A, sixième année",,,Frères du Sacré-Coeur,1963,1963-01-01,1963-12-31,1963-06-12,Nouv. éd.,"23 cm: 400 p., ill. en coul.",,"Linguiste-conseil, Gilles-R. Lefebvre ; ill. de Guy Desmarchais. -- Comprend un lexique et un index à la fin de l'ouvrage",Français,"Montréal, QC",Primaire,6e année,
00002083,Teachera's Manual for Under the North Star,"NOBLE, George|FISHER, Harry",The New World Readers,The Ryerson Press,[1947?],1947-01-01,1947-12-31,,Macmillan and Co. of Canada Ltd.,"21 cm: vii, 224 p.",,Comprend un index et une bibliogr. à la fin de l'ouvrage,Anglais,"Toronto, ON",,,
00002084,Open the Door,"O'DONNELL, Mabel|HOOPES, Florence|HOOPES, Margareth","The New Alice and Jerry Books, Reading Foundation Series ; 3",The Copp Clark Company Ltd.,[1947?],1947-01-01,1947-12-31,,,"20 cm: 72 p., ill. en coul.",,Comprend un vocabulaire à la fin de l'ouvrage,Anglais,"Toronto, ON",,,
00002085,Skip Along,"O'DONNELL, Mabel|HOOPES, Florence|HOOPES, Margareth","The New Alice and Jerry Books, Reading Foundation Series ; 1",The Copp Clark Company Ltd.,[1947?],1947-01-01,1947-12-31,,,"20 cm: 48 p., ill. en coul.",,Comprend un vocabulaire à la fin de l'ouvrage,Anglais,"Toronto, ON",,,
00002086,Under the Sky,"O'DONNELL, Mabel|HOOPES, Florence|HOOPES, Margareth","The New Alice and Jerry Books, Reading Foundation Series ; 2","Row, Peterson and Company",[1947?],1947-01-01,1947-12-31,,,"20 cm: 72 p., ill. en coul.",,Comprend un vocabulaire à la fin de l'ouvrage,Anglais,"Evanston, IL",,,
00002087,On Cherry Street,"OUSLEY, Odille|RUSSELL, David H.|WOHLBERG, Meg",The Ginn Basic Readers ; 1,Ginn and Company,[1948?],1948-01-01,1948-12-31,,,"21 cm: 223 p., ill. en coul.",,Comprend un vocabulaire à la fin de l'ouvrage,Anglais,"Boston, MA|Toronto, ON",,,
00002088,Over the Bridge,"ROBINSON, Margaret|DINGLE, Adrian|ZEALLEY, Ken|PIERCE, Lorne|MINKLER, Frederick",The New World Readers,The Ryerson Press; Macmillan and Co. of Canada Ltd.,[1946?],1946-01-01,1946-12-31,,,"22 cm: ix, 406 p., ill. en coul.",,Comprend un dictionnaire et un vocabulaire à la fin de l'ouvrage,Anglais,"Toronto, ON",Intermédiaire,Junior grades,
00002089,Under the North Star,"ROUTLEY, Clare|MORGAN, Grace|HASSELL, Hilton|HUTCHINGS, Priscilla|PIERCE, Lorne|MINKLER, Frederick|NOBLE, George",The New World Readers,The Ryerson Press; Macmillan and Co. of Canada Ltd.,[1946?],1946-01-01,1946-12-31,,,"22 cm: ix, 438 p., ill. en coul.",,Comprend un dictionnaire à la fin de l'ouvrage,Anglais,"Toronto, ON",Intermédiaire,Junior grades,
00002090,Developing Comprehension in Reading 3,"THOMAS, Mary|GERRARD, Margaret|GREEN, Kathleen|BRYANT, S. J.",Developing Comprehension in Reading ; 3,J. M. Dent & Sons Canada Ltd.,[1955?],1955-01-01,1955-12-31,,,"21 cm: ix, 179 p., ill. en coul.",,,Anglais,"Toronto, ON",Primaire,3e année,
00002091,Developing Comprehension in Reading 4,"THOMAS, Mary|GREEN, Kathleen|CODE, L. A.|LAZARE, Jerry",Developing Comprehension in Reading ; 4,J. M. Dent & Sons Canada Ltd.,[1957?],1957-01-01,1957-12-31,,,"21 cm: xi, 178 p., ill. en coul.",,,Anglais,"Toronto, ON",Primaire,4e année,
00002092,To-Day and To-Morrow,"HILDRETH, Gertrude|MALVERN, Corinne|STEED, Ruth|SCOTT, Blanche",Easy Growth in Reading,The John C. Winston Co. Limited,[1948?],1948-01-01,1948-12-31,,,"20 cm: v, 378 p., ill. (la plupart en coul.)",,Comprend un dictionnaire à la fin de l'ouvrage,Anglais,"Toronto, ON",,,
00002093,Along the Way,"HILDRETH, Gertrude|BERRY, Erick|CHAPMAN, Frederick",Easy Growth in Reading ; 2,The John C. Winston Co. Limited,[1946?],1946-01-01,1946-12-31,,,"20 cm: 67 p., ill. en coul.",,Comprend un vocabulaire à la fin de l'ouvrage,Anglais,"Toronto, ON",Primaire,1ère année,
00002094,At Play,"HILDRETH, Gertrude|PAULI WATERALL, Corinne",Easy Growth in Reading,The John C. Winston Co. Limited,[1940?],1940-01-01,1940-12-31,,,"20 cm: 121 p., ill. en coul.",,"Éditeurs collaborateurs, Grace A. Allen ... [et al.]. -- Comprend un vocabulaire à la fin de l'ouvrage",Anglais,"Toronto, ON",Primaire,1ère année,
00002095,Come Along with Me,"EGOFF, Sheila|BIEHL, Fred C.|JAMES, Marian D.|SIBBALD, Barbara R.|RAYNER, Gordon|MCINTOSH, J. R.|BARRETT, Franklin L.|LEWIS, C. E.",Canadian Reading Development Series - Primary,The Copp Clark Publishing Co. Ltd.,[1960?],1960-01-01,1960-12-31,,,"22 cm: 156 p., ill. (certaines en coul.)",,Comprend un vocabulaire à la fin de l'ouvrage,Anglais,"Vancouver, C-B|Toronto, ON",Primaire,Primaire,
00002096,Fun in Story,"HILDRETH, Gertrude|BERRY, Erick|CHAPMAN, Frederick",Easy Growth in Reading,The John C. Winston Co. Limited,[1940?],1940-01-01,1940-12-31,,,"20 cm: 121 p., ill. en coul.",,"Éditeurs collaborateurs, Grace A. Allen ... [et al.]",Anglais,États-Unis,Primaire,2e année,
00002097,Young Canada Readers 6,"GIVEN, K. M.|CODE, L. A.|BOWERS, J. L.|WEST, W. A.",,Thomas Nelson & Sons Canada Ltd.,[1965?],1965-01-01,1965-12-31,,,"22 cm: xi, 500 p.",,,Anglais,Canada,,,
00002098,Good Stories,"HILDRETH, Gertrude|BERRY, Erick|CHAPMAN, Frederick",Easy Growth in Reading,The John C. Winston Co. Limited,[1940?],1940-01-01,1940-12-31,,,"20 cm: 121 p., ill. en coul.",,"Éditeurs collaborateurs, Grace A. Allen ... [et al.]. -- Comprend un vocabulaire à la fin de l'ouvrage",Anglais,États-Unis,Primaire,2e année,
00002099,Beyond the Horizon,"MCINTOSH, W. John|ORCHARD, H. Elizabeth|NASON, Harold M.",The Canadian Ginn Basic Readers,Ginn and Company,[1962?],1962-01-01,1962-12-31,,,"23 cm: 448 p., ill. en coul.",,Comprend un glossaire à la fin de l'ouvrage,Anglais,"Toronto, ON",,,
00002100,Young Canada Readers 6,"MCKAY, Gerald|CODE, L. A.|BOWERS, J. L.|WEST, W. A.",,Thomas Nelson & Sons Canada Ltd.,[1963?],1963-01-01,1963-12-31,,,"23 cm: xi, 468 p., ill. (la plupart en coul.)",,Comprend un vocabulaire et des index à la fin de l'ouvrage,Anglais,Canada,,,
00002101,Singing Wheels,"O'DONNELL, Mabel|HOOPES, Florence|HOOPES, Margaret","The Alice and Jerry Books, Reading Foundation Series ; 4","Row, Peterson and Company",[1940?],1940-01-01,1940-12-31,,,"20 cm: 384 p., ill. (la plupart en coul.)",,Comprend un vocabulaire et un glossaire à la fin de l'ouvrage,Anglais,"New York, NY",,,
00002102,"Finding New Neighbours, et, Manual for Teaching the Third Reader - 1","RUSSELL, David H.|WULFING, Gretchen|OUSLEY, Odille|ROBINSON, Eleanor",The Ginn Basic Readers ; 3,Ginn and Company,[1958?],1958-01-01,1958-12-31,,Éd. révisé,"23 cm: vii, 515, 319 p., ill. en coul.",,,Anglais,"Toronto, ON",Primaire,1ère année,
00002103,"The Little White House, et, Manual for Teaching the Primer","OUSLEY, Odille|RUSSELL, David H.|EASTLAND, Patricia",The Ginn Basic Readers,Ginn and Company,[1957?],1957-01-01,1957-12-31,,Éd. révisé,"23 cm: vii, 415, 191 p., ill. en coul.",,,Anglais,"Toronto, ON",Primaire,Primaire,
00002104,The Story Road,"HILDRETH, Gertrude|ABBOTT, Jacob B.|FLEUR, Anne",Easy Growth in Reading ; 2,The John C. Winston Co. Limited,[1947?],1947-01-01,1947-12-31,,,"20 cm: 169 p., ill. en coul.",,"Éditeurs collaborateurs, Grace A. Allen ... [et al.]. -- Comprend un vocabulaire à la fin de l'ouvrage",Anglais,États-Unis,Primaire,2e année,
00002105,Teacher's Guide to Life and Literature : Book Two,,,Thomas Nelson & Sons Ltd.; The Educational Book Company Ltd.,1938,1938-01-01,1938-12-31,,,"20 cm: viii, 248 p.",,Préface de Mary Winspear. -- Comprend un index à la fin de l'ouvrage,Anglais,"Toronto, ON",Intermédiaire,8e année,
00002106,Grade 6 Manual,"WEST, W. A.|BOWERS, J. L.|GIVEN, K. M.|CODE, L. A.",Young Canada Readers,Thomas Nelson & Sons Canada Ltd.,[1966?],1966-01-01,1966-12-31,,,21 cm: 408 p.,,,Anglais,Canada,Primaire,6e année,
00002107,The First Men in the World,"TERRY WHITE, Anne|WATSON, Aldren",,Random House,[1953?],1953-01-01,1953-12-31,,,"21 cm: 178 p., ill. en coul.",,Comprend un index à la fin de l'ouvrage,Anglais,"New York, NY",,,
00002108,Préparation à la vie : programme-cadre : cycles intermédiaire et supérieur 1985,Ministère de l'Éducation de l'Ontario,,Ministère de l'Éducation de l'Ontario,1985,1985-01-01,1985-12-31,,,"30 cm: 83 p., ill. en coul.",ISBN 0-7743-9493-5,,Français,Ontario,Secondaire,9e à 12e année,
00002109,Manuel d'histoire de la pédagogie,"RIBOULET, L.|BAUDRILLART, André",,Librairie catholique Emmanuel Vitte,1925,1925-01-01,1925-12-31,,,19 cm: 562 p.,,,Français,"Lyon, FR",,,Administration scolaire|Histoire
00002110,Coundown Canada : A Conceptual Geography Study,"VASS, Ben|ALDERDICE, Roy|SLED, George",,Macmillan and Co. of Canada Ltd.,[1977?],1977-01-01,1977-12-31,,,"29 cm: 227 p., ill., graph., tableaux et cartes",,Comprend un appendice à la fin de l'ouvrage. -- ISBN 0-7705-1446-4,Anglais,"Toronto, ON",Secondaire,High School,
00002111,Géologie 4e,"BALLAND, R.|SALVAING, A.|OBRÉ, Albert",Sciences naturelles,Classiques Hachette,[1959?],1959-01-01,1959-12-31,,,"24 cm: 223 p., ill., graph. et cartes (certains en coul.)",,,Français,"Paris, FR",Système français,[4e année] (France),
00002112,Biologie : classe terminale D,"BOUÉ, H.|GAMA, A.|GENEVÈS, L. ",,Classiques Hachette,[1967?],1967-01-01,1967-12-31,,,"20 cm: 427 p., ill. et graph.",,,Français,"Paris, FR",Système français,Classes terminales (France),
00002113,"La Bonne Correspondance : familiale, administrative et d'affaire","FONTENAY, Henri",,Fernand Nathan,[1966?],1966-01-01,1966-12-31,,,22 cm: 317 p.,,,Français,"Paris, FR",,,Français|Secrétariat
00002114,L'Hiver et les animaux,"FOREST, Georges",,Centre de psychologie et de pédagogie,1954,1954-01-01,1954-12-31,,,"23 cm: 36 p., ill. en coul.",,Sur la p. de t. : connaissances usuelles,Français,"Montréal, QC",,,
00002115,Éléments de biogéographie et d'écologie,"LACOSTE, Alain|SALANON, Robert",Nathan-Université,Université Nathan information formation,[1969?],1969-01-01,1969-12-31,,,"21 cm: 189 p., graph. et cartes",,Collection dirigée par Henri Mitterand. -- Comprend une bibliogr. et un index à la fin de l'ouvrage,Français,"Paris, FR",,,Géographie|Sciences
00002116,"La Chimie, science expérimentale","PIMENTEL, George C.|MAHAN, Bruce H.|PLANTE, Jean-Louis",,Centre de psychologie et de pédagogie,[1965?]-[1966?],1965-01-01,1966-12-31,,,"26 cm: xiii, 466 p., ill., graph. et tableaux",,"Ouvrage préparé par Chemical Education Material Study. -- Sous le patronage de, The National Science Foundation. -- Trad. de : Chemistry, An Experimental Science. - Comprend des appendices et un index à la fin de l'ouvrage",Français,"Montréal, QC",,,
00002117,"Friends Far and Near, et, Manual for Teaching the Third Reader - II","RUSSELL, David H.|WULFING, Gretchen|DE CARLO, Marie",The Ginn Basic Readers ; 3,Ginn and Company,[1958?],1958-01-01,1958-12-31,,Éd. révisée,"23 cm: vii, 516, 335 p., ill. en coul. et tableaux",,Comprend un vocabulaire à la fin de l'ouvrage,Anglais,"Toronto, ON",Primaire,2e année,
00002118,"On Cherry Street, et, Manual for Teaching the First Reader","RUSSELL, David H.|WULFING, Gretchen|DE CARLO, Marie",The Ginn Basic Readers ; 1,Ginn and Company,[1957?],1957-01-01,1957-12-31,,Éd. révisée,"23 cm: vii, 426, 224 p., ill. en coul. et tableaux",,Comprend un vocabulaire à la fin de l'ouvrage,Anglais,"Toronto, ON",,,
00002119,"We Are Neighbors, et, Manual for Teaching the Second Reader : I","OUSLEY, Odille|RUSSELL, David H.|EASTLAND, Patricia",The Ginn Basic Readers ; 2,Ginn and Company,[1957?],1957-01-01,1957-12-31,,Éd. révisée,"23 cm: vii, 524, 271 p., ill. en coul. et tableaux",,Comprend un vocabulaire à la fin de l'ouvrage,Anglais,"Toronto, ON",Primaire,1ère année,
00002120,"Le Coton, la laine, le verre","SAINT-PIERRE, André|HUMPHREY, Édouard",A la découverte,Grolier limitée,[1969?],1969-01-01,1969-12-31,,,"22 cm: 189 p., ill. (certaines en coul.)",,Standard Book Number 7172-4300-1,Français,"Montréal, QC",,,
00002121,Sciences physiques : classe de 6e,,"C. Désiré - R. Tavernier, Sciences expérimentales",Bordas,[1977?],1977-01-01,1977-12-31,,,"25 cm: 143 p., ill., graph. et tableaux",,Ouvrage rédigé par Jean-Loup Canal ... [et al.]. -- ISBN 2-04-007984-X,Français,"Paris, FR",Système français,6e année (France),
00002122,Botanique zoologie : 5e,"SOUGY, P.|CAZALAS, R.|AVEZARD, J.",Sciences naturelles,Classiques Hachette,[1959?],1959-01-01,1959-12-31,,,"24 cm: 191 p., ill. et graph. (certains en coul.)",,,Français,"Paris, FR",Système français,[5e année] (France),
00002123,Zoologie botanique : 6e,"SOUGY, P.|CAZALAS, R.|AVEZARD, J.",Sciences naturelles,Classiques Hachette,[1958?],1958-01-01,1958-12-31,,,"24 cm: 189 p., ill. et graph. (certains en coul.)",,,Français,"Paris, FR",Système français,[6e année] (France),
00002124,Botanique : classe de 2e M,"THÉRON, André|DÉSIRÉ, Charles",Sciences naturelles,Bordas,[1963?],1963-01-01,1963-12-31,,,"24 cm: 287 p., ill. (certaines en coul.)",,Comprend des index à la fin de l'ouvrage,Français,"Paris, FR",Système français,2e M (France),
00002125,"Guide méthodologique, introduction à la biologie perspective écologique","THIBAULT, Paul|D'AOUST, Réal",,Hurtubise HMH ltée.,[1970?],1970-01-01,1970-12-31,,,"23 cm: 64 p., ill. et graph.",,Comprend des bibliogr. et des cinégraphies à la fin des chapitres,Français,"Montréal, QC",,,
00002126,Zoologie et botanique : classe de 5e,"VALLIN, J.|DÉSIRÉ, Charles",Sciences naturelles,Bordas,[1972?],1972-01-01,1972-12-31,,,"24 cm: 203 p., ill. (la plupart en coul.)",,Comprend un index à la fin de l'ouvrage. -- No d'éditeur 977 72 1501,Français,"Paris, FR",Système français,5e année (France),
00002127,Zoologie et botanique : classe de 6e,"VALLIN, J.|DÉSIRÉ, Charles",Sciences naturelles,Bordas,[1965?],1965-01-01,1965-12-31,,,"24 cm: 204 p., ill. en coul.",,Comprend un index à la fin de l'ouvrage,Français,"Paris, FR",Système français,6e année (France),
00002128,Les Fondements de la comptabilité : tome 1,"BÉGIN, Jean",,Beauchemin,[1979?],1979-01-01,1979-12-31,,,"25 cm: xviii, 441 p., tableaux",,"Sur la p. de t. : comptabilité à partie simple, comptabilité des petites entreprises de services. -- ISBN 2-7616-0000-2",Français,"Montréal, QC",Secondaire,Secondaire 4,
00002129,Les Fondements de la comptabilité : tome 2,"BÉGIN, Jean",,Beauchemin,[1979?],1979-01-01,1979-12-31,,,"25 cm: x, 452 p., tableaux",,Sur la p. de t. : comptabilité des entreprises commerciales. -- ISBN 2-7616-0008-8,Français,"Montréal, QC",Secondaire,Secondaire 5,
00002130,Les Fondements de la comptabilité : tome 3,"BÉGIN, Jean",,Beauchemin,[1979?],1979-01-01,1979-12-31,,,"25 cm: x, 253 p., tableaux",,Sur la p. de t. : comptabilité d'exercice et comptabilité avancée. -- ISBN 2-7616-0011-8,Français,"Montréal, QC",Secondaire,Secondaire 5,
00002131,De belles histoires,"CARRIÈRE, Laurier|GILL, Nancy|DICKINSON, Marjorie",Feuille d'érable,Éd. Nelson Canada,1961,1961-01-01,1961-12-31,,,"20 cm: 251 p., ill. (certaines en coul.)",,Comprend une bibliogr. et un index à la fin de l'ouvrage,Français,"Toronto, ON",Primaire,2e année,
00002132,Notions de comptabilité générale : volume 1,"CÔTÉ, Yves-Aubert",,"Ministère de l'Éducation, service des cours par correspondance",1957,1957-01-01,1957-12-31,,,"25 cm: xiv, 364 p., ill., graph. et tableaux",,Comprend un appendice à la fin de l'ouvrage,Français,Canada,,,
00002133,L'Enseignement des mathématiques : nouvelles perspectives,"GATTENGNO, C.",Enseignement des mathématiques,Éd. Delachaux; Éd. Niestlé Neuchatel,[1965?],1965-01-01,1965-12-31,,3e éd.,21 cm: 173 p.,,Sur la couv. : tome I,Français,Suisse,,,
00002134,Regards sur le marché,"FRASER, Richard|MENU, Michel Maurice",Consommateurs d'aujourd'hui,Éd. Gage limitée,[1983?],1983-01-01,1983-12-31,,,"24 cm: 325 p., ill.",,Trad. de : Looking at the Marketplace. -- Comprend un index à la fin de l'ouvrage. -- ISBN 0-7715-2083-2,Français,"Montréal, QC",,,
00002135,Le Comportement du consommateur : une approche multidisciplinaire,"HÉNAULT, Georges-Maurice",,Presses de l'Université du Québec,[1973?],1973-01-01,1973-12-31,,,"23 cm: xvii, 177 p., graph.",,Comprend une bibliogr. à la fin de l'ouvrage. -- ISBN 0-7715-2083-2. -- ISBN 0-7770-0063-6,Français,Québec,,,
00002136,Objectifs et méthodes du marketing,"JUSTEAU, Jean-Jacques",Université et technique,Dunod,1971,1971-01-01,1971-12-31,,,"24 cm: xiii, 239 p., graph. et tableaux",,Collection dirigée par A. Cotta,Français,"Paris, FR",,,
00002137,Éléments de comptabilité : étude d'un système,"KALUZA, Henry J.|GAUTHIER-LAFONTAINE, Françoise|DESROCHERS, André",Gregg,McGraw-Hill,[1971?],1971-01-01,1971-12-31,,,"24 cm: xi, 403 p., quelques ill.",,Comprend un index à la fin de l'ouvrage. -- ISBN 0-07-092898-3,Français,"Montréal, QC",,,
00002138,"Mathématiques de l'école moderne : secondaire III, algèbre et géométrie : guide du maître","DOLICIANI, Mary P.|GLEASON, Andrew M.|MEDER, Albert E.|GRAVEL, Hector",,Centre de psychologie et de pédagogie,[1971?],1971-01-01,1971-12-31,,,"23 cm: 211 p., graph.",ISBN 0-7739-0188-4,,Français,"Montréal, QC",Secondaire,Secondaire 3,
00002139,Mathématiques modernes : secondaire IV,"MOISE, Edwin E.|DOWNS, Floyd L.|SALLE, E.|WARUSFEL, André",,Éd. du Renouveau pédagogique inc.,[1968?],1968-01-01,1968-12-31,,,"23 cm: xiii, 591 p., graph.",,Trad. de : Geometry. -- Comprend un index à la fin de l'ouvrage,Français,"Montréal, QC",Secondaire,Secondaire 4,
00002140,Multimath 1,"O'DAFFER, Phares G.",,Éd. du renouveau pédagogique inc.,[1974?],1974-01-01,1974-12-31,,,"24 cm: 376 p., ill. et graph. en coul.",,version française sous la direction de Réal Béland et Yves Gaudreau. - ill. de Sue Gilmour. -- Trad. de : Success with Mathematics. -=Comprend un lexique et un index à la fin de l'ouvrage,Français,"Montréal, QC",,,
00002141,Multimath 2,"O'DAFFER, Phares G.",,Éd. du renouveau pédagogique inc.,[1975?],1975-01-01,1975-12-31,,,"24 cm: 389 p., ill. et graph. en coul.",,version française sous la direction de Réal Béland et Yves Gaudreau. - ill. de Sue Gilmour. -- Trad. de : Success with Mathematics. -=Comprend un lexique et un index à la fin de l'ouvrage,Français,"Montréal, QC",,,
00002142,"Mathématiques appliquées contemporaines (supérieur), édition métrique","TRUDEL, Paul H.|POIRIER, Jules|DOTTORI, Dino|KNILL, George|SEYMOUR, John",,McGraw-Hill Ryerson Limited,[1979?],1979-01-01,1979-12-31,,,"24 cm: 486 p., ill., graph. et tableaux",,Trad. de : Applied Mathematics for Today : Senior Book I Second Edition (Metric). -- Comprend un appendice et un index à la fin de l'ouvrage. -- ISBN 0-07-082877-6,Français,"Toronto, ON",,,
00002143,Les Cinq Grandes règles de la vente,"WHITING, Percy H.|RISTICH DE GROOTE, Michel",,Dunod,1970,1970-01-01,1970-12-31,,,"24 cm: x, 181 p.",,Comprend un index à la fin de l'ouvrage,Français,"Paris, FR",,,
00002144,Le Livre du maître pour l'enseignement du croquis Coté : à l'école primaire élémentaire,"BARADUC, F.|LAROCHE, E.",,Librairie Classique Fernand Nathan,1934,1934-01-01,1934-12-31,,"3e éd., revue, corrigée et augmentée","19 cm: 72 p., graph.",,Sur la p. de t. : méthode simple et pratique,Français,"Paris, FR",Primaire,Primaire,
00002145,Le Consommateur et le monde des affaires,"NEEB, W. Bernard|CLAS, André",,McGraw-Hill,[1978?],1978-01-01,1978-12-31,,,"24 cm: 444 p., ill., graph. et tableaux",,Trad. de : The Consumer and Modern Business. -- Comprend un index à la fin de l'ouvrage. -- ISBN 0-07-082602-1,Français,"Montréal, QC",Secondaire,[Secondaire],
00002146,Le Système solaire,,,Éd. Grammont,[1975?],1975-01-01,1975-12-31,,,"20 cm: 142 p., ill, graph. et tableaux en coul.",,Sur la couv. : Bibliothèque Laffont des grands thèmes. -- Comprend un vocabulaire à la fin de l'ouvrage. -- ISBN 2-8270-0015-6,Français,"Lausanne, CH",,,
00002147,Regards sur le consommateur,"WOOD, John C.|MENU, Michel Maurice",Consommateurs d'aujourd'hui,Éd. Gage limitée,[1983?],1983-01-01,1983-12-31,,,"24 cm: 326 p., ill. (certaines en coul.)",,Trad. de : Looking at the Consumer. -- Comprend un index à la fin de l'ouvrage. -- ISBN 0-7715-2082-4,Français,"Montréal, QC",,,
00002148,Multimondes : livre du maître,"BÉLANGER, Jean-D.|LAFRAMBOISE, Yvon|LANGEVIN, Claude|ALLINSON, Alec|ALLINSON, Beverley|MCINNES, John",,Éd. Nelson Canada,[1974?],1974-01-01,1974-12-31,,,"24 cm: 190 p., ill.",,Adapté de Multiworlds Teacher's Guide. -- Comprend des bibliogr. à la fin de l'ouvrage. -- ISBN 0-176-31987-5,Français,"Don Mills, ON",Primaire,Primaire,
00002149,"Expression écrite : contraction, analyse, résumé : théories et pratiques","DREHER, Janine|REVÉRON, Janine",,C.I.E.P.,1979,1979-01-01,1979-12-31,,,29 cm: 108 p.,,"No 66, no. 2 (1979). -- Comprend une bibliogr. à la fin de l'ouvrage",Français,"Sèvres, FR",,,
00002150,La Campagne canadienne : croquis et leçons,"DUGRÉ, Adélard",,Imprimerie du messager,1927,1927-01-01,1927-12-31,,,"27 cm: 229 p., ill.",,,Français,"Montréal, QC",,,
00002151,A Teacher's Handbook : Outlining : Methods in Primary English,"JACKSON, W. H.",,s.n.,[19--?],1899-12-31,1999-12-31,,,"29 cm: env. 200 p., ill.",,,Anglais,,,,
00002152,Électronique : principes et applications,"LAWRENCE, O. R.",,McGraw-Hill Ryerson Limited,[1979?],1979-01-01,1979-12-31,,,"24 cm: 258 p., ill. et graph.",,Traduit de l'anglais par Charles Translation Limited. -- Révisé par Léonard G. Chevrier. -- Trad. de : Electronics : Principles and Applications. -- Comprend un index à la fin de l'ouvrage. -- ISBN 0-07-082826-1,Français,"Toronto, ON",,,
00002153,Comptabilité de l'entreprise commerciale : cahier 2,"LIMOGES, Claude|SYLVESTRE, Robert",Éducation permanente Théorie au problème,Librairie Beauchemin limitée,[1971?],1971-01-01,1971-12-31,,,28 cm: p. 133-316,ISBN 0-7750-0372-7,,Français,"Montréal, QC",,,
00002154,Une étape à la fois : le choix d'une carrière : cycle Intermédiaire,Ministère de l'Éducation de l'Ontario,,Ministère de l'Éducation de l'Ontario,1984,1984-01-01,1984-12-31,,,"30 cm: 187 p., ill. en coul.",,"Sur la couv. : document d'appui au programme-cadre, Orientation, cycles intermédiaire et supérieur, 1984",Français,Ontario,Intermédiaire,7e et 8e année,
00002155,Le Monde des affaires : un profil canadien,"MURPHY, Terry G.",,John Wiley & Sons,[1982?],1982-01-01,1982-12-31,,,"29 cm: 319 p., ill.",,Trad. de : The World of Business. -- Comprend un index à la fin de l'ouvrage. -- ISBN 0-471-79850-9,Français,"Toronto, ON",Secondaire,Secondaire,
00002156,"Chimie : cinétique, équilibre et énergie","ROBITAILLE, Réjean|DELORME, Léo|PILOTE, Christian","Les Sciences par objectifs de comportement, Chimie",Éd. du renouveau pédagogique inc.,[1978?],1978-01-01,1978-12-31,,,"28 cm: 60 p., ill., graph. et tableaux",,Comprend une bibliogr. au début de l'ouvrage,Français,"Montréal, QC",Secondaire,Secondaire,
00002157,"Chimie : ionisation, acides - bases et oxydoréduction","ROBITAILLE, Réjean|DELORME, Léo|PILOTE, Christian","Les Sciences par objectifs de comportement, Chimie",Éd. du renouveau pédagogique inc.,[1980?],1980-01-01,1980-12-31,,,"28 cm: 80 p., ill., graph. et tableaux",,Comprend une bibliogr. au début de l'ouvrage,Français,"Montréal, QC",Secondaire,Secondaire,
00002158,Chimie : matière et théorie cinétique,"ROBITAILLE, Réjean|DELORME, Léo|PILOTE, Christian","Les Sciences par objectifs de comportement, Chimie",Éd. du renouveau pédagogique inc.,[1977?],1977-01-01,1977-12-31,,,"28 cm: 94 p., ill., graph. et tableaux",,Comprend une bibliogr. au début de l'ouvrage,Français,"Montréal, QC",Secondaire,Secondaire,
00002159,Chimie : objectifs préparatoires,"ROBITAILLE, Réjean|DELORME, Léo|PILOTE, Christian","Les Sciences par objectifs de comportement, Chimie",Éd. du renouveau pédagogique inc.,[1976?],1976-01-01,1976-12-31,,,"28 cm: 64 p., ill., graph. et tableaux",,Comprend une bibliogr. au début de l'ouvrage,Français,"Montréal, QC",Secondaire,Secondaire,
00002160,Chimie : structure atomique et théorie quantique,"ROBITAILLE, Réjean|DELORME, Léo|PILOTE, Christian","Les Sciences par objectifs de comportement, Chimie",Éd. du renouveau pédagogique inc.,[1976?],1976-01-01,1976-12-31,,,"28 cm: 94 p., ill., graph. et tableaux",,Comprend une bibliogr. au début de l'ouvrage,Français,"Montréal, QC",Secondaire,Secondaire,
00002161,Comprendre la comptabilité,"ROSENBERG, Claude|ROSENBERG, Monique|SOUBIGOU, Jean-Pierre",Pourquoi et comment,Fernand Nathan,[1976?],1976-01-01,1976-12-31,,,27 cm: 141 p.,,,Français,"Paris, FR",,,
00002162,Géologie 4e,"RUDEL, A.|TREILHOU, C.|DÉSIRÉ, Charles",Sciences naturelles,Bordas,[1972?],1972-01-01,1972-12-31,,,"27 cm: 230 p., ill., graph. et cartes (la plupart en coul.)",,No d'éditeur 249 72 4008,Français,"Paris, FR",Système français,4e année (France),
00002163,Cahier d'exercices de vente,"SYLVESTRE, Robert|DRAINVILLE, Marie-Claire",,Librairie Beauchemin limitée,1968,1968-01-01,1968-12-31,,,28 cm: 178 p.,,Sur la couv. : Dynamisme de la vente,Français,"Montréal, QC",,,
00002164,Aux sources de la pédagogie moderne,"ANSELME, F.",,Imprimerie J. Duculot,1950,1950-01-01,1950-12-31,,,"20 cm: 300 p., ill.",,Comprend une bibliogr. à la fin de l'ouvrage,Français,"Gembloux, BE",,,
00002165,Psychologie de l'apprentissage pédagogique,"BASTIEN, Hermas",,Frères des écoles chrétiennes,1951,1951-01-01,1951-12-31,,,23 cm: 279 p.,,,Français,"Montréal, QC",,,
00002166,Bon ou mauvais élèves ... il profitera de ses années de classe,"BERGE, André|D'ALLONNES, M.-H.",,Éd. sociale française,[1957?],1957-01-01,1957-12-31,,,21 cm: 187 p.,,Sur la couv. : cet enfant sera comme les autres. -- Comprend une bibliogr. à la fin de l'ouvrage,Français,"Paris, FR",,,
00002167,Psychology in the Schoolroom,"DEXTER, T. F. G.|GARLICK, A. H.",,"Longmans, Green & Company",1901,1901-01-01,1901-12-31,,,"19 cm: viii, 417 p., quelques ill. et graph.",,Comprend  des appendices et un index à la fin de l'ouvrage,Anglais,"New York, NY",,,
00002168,La Fonction de globalisation et ses applications à l'enseignement en première année d'études,"DONNAY, Jacques|JEUNEHOMME, L.",Plan d'études ; 15,Éd. Desoer,1951,1951-01-01,1951-12-31,,2e éd.,"24 cm: xxi, 298 p.",,,Français,"Liège, FR",,,
00002169,"L'art des arts, éduquer un enfant","DUHR, Joseph",,Éd. Salvator,1961,1961-01-01,1961-12-31,,6e éd.,23 cm: 472 p.,,Comprend une bibliogr. au début de l'ouvrage,Français,"Mulhouse, FR",,,
00002170,Pour ou contre l'éducation nouvelle ? : Essai de synthèse pédagogique,"DURAND, Suzanne Marie",,Desclée de Brouwer & Cie.,[1951?],1951-01-01,1951-12-31,,2e éd.,19 cm: 203 p.,,,Français,,,,
00002171,Educational Aims and Methods : Lectures and Adresses,"FITCH, Joshua",,Macmillan and Co. Ltd.,1900,1900-01-01,1900-12-31,,,"19 cm: xii, 448 p.",,Comprend un index à la fin de l'ouvrage,Anglais,"New York, NY",,,
00002172,Histoire de la pédagogie par les textes,"GUÉRIN, Marc-Aimé|VERTEFEUILLE, Paul-Yvon",,Centre de psychologie et de pédagogie,1960,1960-01-01,1960-12-31,1960-02-01,,"24 cm: xiv, 391 p.",,Comprend un index bibliographique à la fin de l'ouvrage,Français,"Montréal, QC",,,
00002173,L'Éducation nouvelle à l'école : l'expérience de Boulogne 1947-1956,"HARVAUX, Blanche|NIOX-CHATEAU, Marie-Aimé",,Éd. du Scarabée,[1958?],1958-01-01,1958-12-31,,,"21 cm: 191 p., ill.",,Sur la p. de t. : centre d'entraînement aux méthodes d'éducation active,Français,"Paris, FR",,,
00002174,Education in the Nineteenth Century,"ROBERTS, R. D.",,University Press,1901,1901-01-01,1901-12-31,,,"20 cm: xi, 274 p.",,,Anglais,"Cambridge, UK",,,
00002175,Pédagogie théorique et pratique,"ROSS, François-Xavier",,Imprimerie Charrier & Dugal limitée,1931,1931-01-01,1931-12-31,,4e éd.,23 cm: 423 p.,,Comprend un appendice à la fin de l'ouvrage,Français,Québec,,,
00002176,Science of Education,,,William Briggs,[1915?],1915-01-01,1915-12-31,,,"20 cm: x, 373 p., quelques ill.",,Sur la couv. : Ontario Normal School Manuals. -- Comprend un appendice à la fin de l'ouvrage,Anglais,"Toronto, ON",,,
00002177,Méthodologie spéciale,"VINETTE, Roland",,Centre de psychologie et de pédagogie,1950,1950-01-01,1950-12-31,,,20 cm: 793 p.,,,Français,"Montréal, QC",,,
00002178,Pédagogie générale,"VINETTE, Roland",,Centre de psychologie et de pédagogie,1948,1948-01-01,1948-12-31,,,21 cm: 416 p.,,Comprend un index à la fin de l'ouvrage,Français,"Montréal, QC",,,
00002179,Froebel and Education by Self-Activity,"COURTHOPE BOWEN, H.|MURRAY BUTLER, Nicholas",The Great Educators,Charles Scribner's Sons,1893,1893-01-01,1893-12-31,,,"19 cm: ix, 209, 6 p.",,Comprend des appendices et un index à la fin de l'ouvrage,Anglais,"New York, NY",,,
00002180,Teacher's Manual for My World and I,"BOAYCE, Eleanor|NORTON, Miriam",The New World Readers,The Ryerson Press; Macmillan and Co. of Canada Ltd.,[1947?]-[1961?],1947-01-01,1961-12-31,,,"21 cm: vii, 194 p.",,Comprend un index et une bibliogr. à la fin de l'ouvrage,Anglais,"Toronto, ON",,,
00002181,L'Éducation fonctionnelle,Institut J. J. Rousseau|Société belge de Pédotechnie,Actualités pédagogiques,Delachaux & Niestlé S. A.,1931,1931-01-01,1931-12-31,,Ed. Claparède,19 cm: 266 p.,,Comprend un index à la fin de l'ouvrage,Français,"Neuchâtel, CH",,,
00002182,"Examinations for Grade XII : English, French, Latin, History",,,The Ontario Secondary School Teachers' Federation,1956,1956-01-01,1956-12-31,,,"22 cm: vi, 136 p.",,,Anglais,"Toronto, ON",Intermédiaire|Secondaire,12e année,
00002183,Children and Their Art : Methods for the Elementary School,"GAITSKELL, C. D.|SPALDING, Willard B.",,"Harcourt, Brace & World inc.",[1958?],1958-01-01,1958-12-31,,,"22 cm: xiv, 446 p., ill.",,Comprend des appendices et un index à la fin de l'ouvrage,Anglais,"New York, NY",,,
00002184,Language Journeys : Grade Four,"HALL, T. Roy|BROOME, E. B.|BANKS, R. J.",,Macmillan and Co. of Canada Ltd.,[1952?],1952-01-01,1952-12-31,,,"21 cm: xii, 240 p., ill. (certaines en coul.)",,Comprend un index à la fin de l'ouvrage,Anglais,"Toronto, ON",Primaire,4e année,
00002185,Handbook of Suggestions for the Consideration of Teachers and Others Concerned in the Work of Public Elementary Schools,,,His Majesty's Stationery Office,[1937?],1937-01-01,1937-12-31,,,19 cm: 571 p.,,Sur la p. de t. : Board of Education. -- Comprend un index à la fin de l'ouvrage,Anglais,"London, UK",,,
00002186,History of Education,,,Press of the Hunter-Rose Co. Limited,[1915?],1915-01-01,1915-12-31,,,"19 cm: vi, 242 p.",,Sur : Ontario Teachers' Manual. -- Comprend un appendice à la fin de l'ouvrage,Anglais,"Toronto, ON",,,Administration scolaire|Histoire
00002187,"The Junior Division : 1962-1963-1964, The Seventeenth Yearbook of the Ontario School Inspectors' Association",,,The Copp Clark Publishing Co. Ltd.,[1962?]-[1964?],1962-01-01,1964-12-31,,,"20 cm: xiv, 210 p., graph.",,,Anglais,"Vancouver, C-B|Toronto, ON",Primaire,4e à 6e année,
00002188,School and Classroom Management,"MATTHEWS, W. D. E.|CHALMERS, M. W.|BOWERS, Henry",Canadian Teachers' Professional Library,J. M. Dent & Sons Canada Ltd.,[1959?],1959-01-01,1959-12-31,,,"21 cm: ix, 270 p., tableaux",,Comprend un index à la fin de l'ouvrage,Anglais,"Toronto, ON",,,
00002189,Educational Finance in Canada,"MOFFATT, H. P.",The Quance Lectures in Canadian Education,W. J. Gage & Co. Ltd.,1957,1957-01-01,1957-12-31,,,20 cm: 95 p.,,Comprend une bibliogr. à la fin de l'ouvrage,Anglais,"Toronto, ON",,,
00002190,Programme de religion des écoles élémentaires et secondaires de la province de Québec,,,s.n.,1959,1959-01-01,1959-12-31,,,"22 cm: 390 p., tableaux",,Sur la couv. : extraits des programmes d'études des écoles élémentaires et secondaires à l'intention des prêtres catéchistes,Français,Québec,Primaire|Intermédiaire|Secondaire,Primaire; secondaire,Administration scolaire|Enseignement religieux
00002191,Teacher's Manual for Over the Bridge,"ROBINSON, M. A.|DICK, B.",The New World Readers,The Ryerson Press; Macmillan and Co. of Canada Ltd.,[1960?],1960-01-01,1960-12-31,,,"20 cm: vii, 263 p.",,Comprend un index à la fin de l'ouvrage,Anglais,"Toronto, ON",,,
00002192,Manual for Teaching the Pre-Primer Program,"RUSSELL, David H.|OUSLEY, Odille",The Ginn Basic Readers,Ginn and Company,[1948?],1948-01-01,1948-12-31,,,"20 cm: iii, 287 p., ill. et tableaux",,"Sur la couv. : My Little Red Story Book, My Little Green Story Book, My Little Blue Story Book. -- Comprend une bibliogr. et un index à la fin de l'ouvrage",Anglais,"Boston, MA|Toronto, ON",,,
00002194,These Are Our Neighbors,,Faith and Freedom Basic Readers ; II-1,Ginn and Company,[1962?],1962-01-01,1962-12-31,,Rev. Edition,"23 cm: 255 p., ill. en coul.",,Comprend un lexique,Anglais,"Toronto, ON",,,
00004000,Living Arithmetic : grade six,"BUSWELL, Guy T.|BROWNELL, William A.|JOHN, Lenore|PAUS, Herbert|VAN WERVEKE, George|SHEPHERD, Ralph I.",,Ginn and Company,[1951?],1951-01-01,1951-12-31,,Canadian edition,"21 cm: iv, 316 p., ill. et graph.",,Comprend un index,Anglais,"Toronto, ON",Primaire,6e année,
00004001,Senior High School Algebra,"CRAWFORD, J. T.",MacMillan's Canadian School Series,MacMillan and Co. of Canada Ltd.,1924,1924-01-01,1924-12-31,,,"19 cm: x, 262 p.",,Comprend des réponses à la fin du document,Anglais,"Toronto, ON",Secondaire,Secondaire,
00004002,High School Algebra,"CRAWFORD, J. T.",,MacMillan and Co. of Canada Ltd.,1922,1922-01-01,1922-12-31,,,"19 cm: xiii,398 p., graph.",,"Titre de la couv. : The Ontario High School Algebra. -- La p. t. porte en outre:  ""Authorized by the Minister of Education for Ontario"". -- Comprend des réponses à la fin du document",Anglais,"Toronto, ON",Secondaire,Secondaire,
00004003,A New Algebra for High Schools,"CRAWFORD, J. T.|DEAN, J. E.|JACKSON, W. A.",,MacMillan and Co. of Canada Ltd.,[1954?],1954-01-01,1954-12-31,,Revised Ed.,"19 cm: xii, 441 p., graph.",,"La p. t. porte en outre : ""Authorized by the Minister of Education for Ontario and Saskatchewan"". -- Comprend des notes en bas de page et des réponses à la fin du document",Anglais,"Toronto, ON",Secondaire,"9e, 10e et 11e",
00004004,Ontario High School Arithmetic,"CRAWFORD, J. T.|SMITH, G. R.",,The Hunter-Rose Company Ltd.,1925,1925-01-01,1925-12-31,,,"19 cm: 307 p., graph.",,"La p. t. porte en outre : ""Authorized by the Minister of Education"". -- Comprend des réponses à la fin du document",Anglais,"Toronto, ON",Secondaire,secondaire,
00004005,Living Arithmetic : grade five,"BUSWELL, Guy T.|BROWNELL, William A.|JOHN, Lenore|PAUS, Herbert|VAN WERVEKE, George",,Ginn and Company,[1951?],1951-01-01,1951-12-31,,Canadian Edition,"21 cm: vi, 312 p., ill. et cartes",,Comprend un index,Anglais,"Toronto, ON",Primaire,5e année,
00004006,Mathematics for Canadians 9,"BOWERS, Henry",,J. M. Dent & Sons Canada Ltd.; MacMillan and Co. of Canada Ltd.,[1952?],1952-01-01,1952-12-31,,,"21 cm: xvi, 412 p., ill. et graph.",,"La p. t. porte en outre : ""Approved for use in the Province of Ontario"". -- Comprend un index et des réponses à la fin du document",Anglais,"Toronto, ON",Secondaire,9e année,
00004007,Arithmetic for Canadians 6,"GATHERCOLE, F.|CHILD, Lindsay|CHILD, Marjorie|CHILD, Victor",,J. M. Dent & Sons Canada Ltd.; MacMillan and Co. of Canada Ltd.,[1954?],1954-01-01,1954-12-31,,,"21 cm: xiv, 335 p., ill. (certaines en coul.)",,Comprend des réponses à la fin du document,Anglais,"Toronto, ON",Primaire,6e année,
00004008,Mathematics for Canadians 10,"BOWERS, Henry",,J. M. Dent & Sons Canada Ltd.; MacMillan and Co. of Canada Ltd.,[1953?],1953-01-01,1953-12-31,,,"21 cm: vii, 344 p., ill. et graph.",,"La p. t. porte en outre : ""Approved for use in the Province of Ontario"". -- Comprend un index et les réponses à la fin du doc.",Anglais,"Toronto, ON",Secondaire,10e année,
00004009,Mathematics We Use : book three,"BRUECKNER, Leo J.",,The John C. Winston Co. Limited,[1948?],1948-01-01,1948-12-31,,,"20 cm: 432 p., ill., cartes et graph.",,"La p. t. porte en outre : ""Authorized for use in Schools, Province of Manitoba"". -- Comprend un index",Anglais,"Toronto, ON",,,
00004010,The Public School Arithmetic and Mensuration,"GLASHAN, J. C.",,Canada Publishing Company Ltd.,[1894?],1894-01-01,1894-12-31,,Enlarged Ed.,"18 cm: vi, 210 p.",,"Titre de la couv. : Public School Arithmetic. -- La p. de t. porte en outre : ""Authorized for use in the Public Schools of Ontario by the Minister of Education"". -- Comprend des réponses à la fin du document",Anglais,"Toronto, ON",Secondaire,Secondaire,
00004011,Au pays des nombres : 4e année,,,The Canada Publishing Company Ltd.,1946,1946-01-01,1946-12-31,,,"19 cm: 128p., ill. (certaines en coul.)",,,Français,"Toronto, ON",Primaire,4e année,
00004012,Junior Arithmetic : grade three,,,The Educational Book Company Ltd.,1937,1937-01-01,1937-12-31,,,"19 cm: 128 p., ill. (certaines en coul.)",,"La p. t. porte en outre : ""Authorized by the Minister of Education for Ontario""",Anglais,"Toronto, ON",Primaire,3e année,
00004013,Junior Arithmetic : grade five,,,The Educational Book Company Ltd.,1940,1940-01-01,1940-12-31,,,"19 cm: 128 p., ill.",,"La p. t. porte en outre : ""Authorized by the Minister of Education for Ontario""",Anglais,"Toronto, ON",Primaire,5e année,
00004014,Geometry for High Schools,"LOUGHEED, W. J.|WORKMAN, J. G.",,MacMillan and Co. of Canada Ltd.,1935,1935-01-01,1935-12-31,,,"19 cm: viii, 338 p., ill.",,"La p. t. porte en outre: ""Authorized by the Minister of Education for Ontario"". -- Comprend un glossaire",Anglais,"Toronto, ON",Secondaire,secondaire,
00004015,Arithmetic,,,The Ryerson Press,[1927?],1927-01-01,1927-12-31,,,"20 cm: vi, 282 p., ill.",,"La p. t. porte en outre : ""Ontario Teachers' Manuals"" et ""Authorized by the Minister of Education"".",Anglais,"Toronto, ON",,,
00004016,Arithmetic for Public Schools,,,Canadian Watchman Press,[1920?],1920-01-01,1920-12-31,,,"19 cm: iv, 295 p.",,"La p. t. porte en outre : ""Authorized by the Minister of Education"". -- Comprend des réponses à la fin du document",Anglais,"Oshawa, ON",,,
00004017,Ontario High School Arithmetic,"BALLARD, W. H.|THOMPSON, R. A.|CRAWFORD, J. T.",,The Hunter-Rose Company Ltd.,1921,1921-01-01,1921-12-31,,,19 cm: 320 p.,,"La p. t. porte en outre : ""Authorized by the Minister of Education for Ontario"" et ""For use in continuation schools high schools and collegiate institutes"". -- Comprend des réponses à la fin du document",Anglais,"Toronto, ON",Secondaire|Universitaire et Collégial,Secondaire; collégial,
00004018,Junior Arithmetic : grade six,,,The Educational Book Company Ltd.,1945,1945-01-01,1945-12-31,,,"19 cm: 128 p., ill.",,"La p. t. porte en outre : ""Authorized by the Minister of Education for Ontario""",Anglais,"Toronto, ON",Primaire,6e année,
00004019,Junior Mathematics: grade seven,,,The Educational Book Company Ltd.,1943,1943-01-01,1943-12-31,,,"19 cm: 224 p., ill. et graph.",,"La p. t. porte en outre : ""Authorized by the Minister of Education for Ontario""",Anglais,"Toronto, ON",Intermédiaire,7e année,
00004020,Junior Mathematics: grade eight,,,The Educational Book Company Ltd.,1939,1939-01-01,1939-12-31,,,"19 cm: 256 p., ill. et graph.",,"La p. t. porte en outre : ""Authorized by the Minister of Education for Ontario""",Anglais,"Toronto, ON",Intermédiaire,8e année,
00004021,Study Arithmetics: Book 5,"KNIGHT, F. B.|STUDEBAKER, J. W.|RUCH, G. M.|CRANE, Donn P.|TODD, Dorothy",,W. J. Gage & Co. Ltd.,[19--?],1899-12-31,1999-12-31,,New edition,"20 cm: 352 p., ill. (certaines en coul.) et graph.",,Comprend un index,Anglais,"Toronto, ON",Primaire,5e année,
00004022,Study Arithmetics: book 6,"KNIGHT, F. B.|STUDEBAKER, J. W.|RUCH, G. M.|OSEBOLD, John|BREUER, Matilda",,W. J. Gage & Co. Ltd.,[19--?],1899-12-31,1999-12-31,,New ed.,"20 cm: 448 p., ill. (certaines en coul.), graph. et cartes",,Comprend un index,Anglais,"Toronto, ON",Primaire,6e année,
00004023,General Mathematics : book II,"LOUGHEED, W. J.|WORKMAN, J. G.",,MacMillan and Co. of Canada Ltd.,1939,1939-01-01,1939-12-31,,,"19 cm: viii, 284 p., ill. et graph.",,"La p. t. porte en outre : ""Authorized by the Minister of Education for Ontario"". -- Comprend des réponses à la fin du document",Anglais,"Toronto, ON",Secondaire,10e année,
00004024,The Ontario Public School Arithmetic,,,The Robert Simpson Company Ltd.,[1910?],1910-01-01,1910-12-31,,,"20 cm: iv, 252 p., ill. (certaines en coul.)",,"La p. t. porte en outre : ""Authorized by the Minister of Education for Ontario"". -- Comprend des réponses à la fin du document",Anglais,"Toronto, ON",,,
00004025,Mathematical Tables,,,The Ryerson Press,1945,1945-01-01,1945-12-31,,,21 cm: 31 p.,,"La p. couv. porte en outre : ""Authorized by the Minister of Education for Ontario""",Anglais,"Toronto, ON",,,
00004026,Advanced Geometry for High Schools: Synthetic and Analytical,"MCDOUGALL, A. H.",,The Copp Clark Company Ltd.,[1919?],1919-01-01,1919-12-31,,Second Ed. Revised and Amplified,"19 cm: 119 p., graph.",,Comprend des réponses à la fin du document,Anglais,"Toronto, ON",Secondaire,Supérieur,
00004027,Mathematics for Canadians 7,"MEWHORT, D. S.|GODBOLD, R. S.|CHILD, Victor",,J. M. Dent & Sons Canada Ltd.; MacMillan and Co. of Canada Ltd.,[1951?],1951-01-01,1951-12-31,,,"21 cm: ix, 396 p., ill. et graph.",,"La p. t. porte en outre : ""Approved for use in the province of Ontario"" et ""Authorized for use in the schools of British Columbia"". -- Comprend des réponses à la fin du document",Anglais,"Toronto, ON",Intermédiaire,7e année,
00004028,The Ontario High School Geometry : Theoretical,"MCDOUGALL, A. H.",,The Copp Clark Company Ltd.,[1920?],1920-01-01,1920-12-31,,Revised Ed.,"19 cm: viii, 312 p.",,"La p. t. porte en outre : ""Authorized by the Minister of Education for Ontario"". -- Comprend un index",Anglais,"Toronto, ON",Secondaire,Secondaire,
00004029,A Modern Geometry for High Schools,"LOUGHEED, W. J.|WORKMAN, J. G.",,MacMillan and Co. of Canada Ltd.,[1940?],1940-01-01,1940-12-31,,,"20 cm: xviii, 269p., ill.",,"La p. t. porte en outre : ""Authorized in Ontario and Quebec"". -- Comprend un glossaire",Anglais,"Toronto, ON",Secondaire,9e et 10e année,
00004030,Mathematics : Grade Ten,"MACLEAN, W. B.",,The Copp Clark Publishing Co. Ltd.,[1964?],1964-01-01,1964-12-31,,,"23 cm: xv, 552 p., graph.",,Comprend un index,Anglais,"Vancouver, C-B",Secondaire,Secondaire,
00004031,Deductive Geometry and Introduction to Trigonometry,"PETRIE, P. A.",,The Copp Clark Publishing Co. Ltd.,[1957?],1957-01-01,1957-12-31,,,"21 cm + rapporteur: vii, 352 p., ill.",,"Comprend un index et des réponses à la fin du document. -- Rapporteur, en pochette",Anglais,"Vancouver, C-B",Secondaire,10e année,
00004032,Les Arithmétiques Copp Clark : deuxième livre,WHEAT|KAUFFMAN|DOUGLASS|DEGRACE,,,[1954?],1954-01-01,1954-12-31,,,"21 cm: 240 p., ill. en coul.",,,Français,"Toronto, ON",Primaire,Primaire,
00004033,Les Arithmétiques Copp Clark : troisième livre,WHEAT|KAUFFMAN|DOUGLASS|DEGRACE,,The Copp Clark Company Ltd.,[1956?],1956-01-01,1956-12-31,,,"21 cm: 312 p., ill. en coul.",,Comprend une table alphabétique,Français,"Vancouver, C-B",Primaire,Primaire,
00004034,Les arithmétiques Copp Clark : sixième livre,WHEAT|KAUFFMAN|DOUGLASS|DEGRACE,,The Copp Clark Company Ltd.,[1957?],1957-01-01,1957-12-31,,,"21 cm: 336 p., ill. (certaines en coul.) graph. et cartes",,Comprend une table alphabétique,Français,"Vancouver, C-B",Primaire,Primaire,
00004035,Intermediate Mathematics : book three,"PETRIE, P. A.",,The Copp Clark Company Ltd.,[1953?],1953-01-01,1953-12-31,,,"21 cm: viii, 365 p., ill. et graph.",,"La p. t. porte en outre : ""Approved for use in Ontario"". -- Comprend un index, un glossaire et des réponses à la fin du document",Anglais,"Vancouver, C-B",Secondaire,9e année,
00004036,Intermediate Mathematics : book four,"PETRIE, P. A.",,The Copp Clark Company Ltd.,[1954?],1954-01-01,1954-12-31,,,"21 cm: viii, 418 p., ill. et graph.",,"La p. t. porte en outre : ""Approved for use in Ontario"". -- Comprend un index et des réponses à la fin du document",Anglais,"Vancouver, C-B",Secondaire,10e année,
00004037,The Public School Arithmetic and Mensuration,,,Canada Publishing Company Ltd.,[1900?],1899-12-31,1900-12-31,,New Ed.,"19 cm: vi, 215 p.",,"Titre de la couv. : Public School Arithmetic. -- La p. t. porte en outre: ""Authorized for use in the Public Schools of Ontario by the Minister of Education"". -- Comprend des réponses à la fin du document",Anglais,"Toronto, ON",Secondaire,Secondaire,
00004038,The High School Algebra : part 1,"ROBERTSON, W. J.|BIRCHARD, I. J.",,William Briggs,[1896?],1896-01-01,1896-12-31,,Second Ed.,"20 cm: viii, 351 p.",,"La p. couv. porte en outre : ""Authorized by the Department of Education"". -- Comprend des réponses à la fin du document",Anglais,"Toronto, ON",Secondaire|Universitaire et Collégial,Secondaire; collégial,
00004039,Thinking With Numbers,"STEIN, H. L.",,The John C. Winston Co. Limited,[1954?],1954-01-01,1954-12-31,,,"21 cm: 393 p., ill. (certaines en coul.) et graph.",,Comprend un index et un lexique,Anglais,"Toronto, ON",Primaire,Primaire,
00004040,Knowing About Numbers,"STEIN, H. L.",,The John C. Winston Co. Limited,[1954?],1954-01-01,1954-12-31,,,"21 cm: 394 p., ill. (certaines en coul.) et graph.",,Comprend un index et un lexique,Anglais,"Toronto, ON",Primaire,Primaire,
00004041,The Ontario High School Geometry : Theoretical,"MCDOUGALL, A. H.",,The Copp Clark Company Ltd.,[1920?],1920-01-01,1920-12-31,,Revised Ed.,"19 cm: viii, 312 p., ill. (certaines en coul.)",,Comprend un glossaire,Anglais,"Toronto, ON",,,
00004042,Beginners' Botany,"BAILEY, L. H.",,MacMillan and Co. of Canada Ltd.,1922,1922-01-01,1922-12-31,,,"19 cm: ix, 208 p., ix, ill.",,"Le t. de la couv. : ""Ontario High School Beginners' Botany"". -- La p. t. porte en outre: ""Authorized by the Minister of Education for Ontario"". -- Comprend un index et un glossaire",Anglais,"Toronto, ON",Secondaire,Secondaire,
00004043,General Science : An Introductory Study of Our Environment : book one,"BOWERS, Henry",,J. M. Dent & Sons Canada Ltd.,1937,1937-01-01,1937-12-31,,,"20 cm: xi, 297 p., ill.",,Comprend un index et un glossaire,Anglais,"Toronto, ON",Secondaire,Secondaire,
00004044,General Science Intermediate : book 3,"BOWERS, Henry|BISSONNETTE, R. N.",Basic Science for Young Canadians,J. M. Dent & Sons Canada Ltd.,[1952?],1952-01-01,1952-12-31,,,"22 cm: 432 p., ill.",,"""Approved for use in the schools of Ontario"". -- Comprend un index",Anglais,"Toronto, ON",Secondaire,Secondaire,
00004045,General Science Intermediate : book 4,"BOWERS, Henry|BISSONNETTE, R. N.",Basic Science for Young Canadians,J. M. Dent & Sons Canada Ltd.,1957,1957-01-01,1957-12-31,,Revised Ed.,"22 cm: 550 p., ill. et cartes",,"""Approved for use  in the schools of Ontario"". -- Comprend un index",Anglais,"Toronto, ON",Secondaire,Secondaire,
00004046,Science for Secondary Schools : book 1,"BRUCE, V. N.|HILES CARTER, A.",,Sir Isaac Pitman & Sons Canada Ltd.,[1961?],1961-01-01,1961-12-31,,,"23 cm: 350 p., ill. (certaines en coul.) et graph.",,"Comprend un index, un glossaire et des réponses à la fin du document",Anglais,"Toronto, ON",Secondaire,Secondaire,
00004047,Science for Secondary Schools : book 2,"HILES CARTER, A.|LESLIE EARL, E.",,Sir Isaac Pitman & Sons Canada Ltd.,[1962?],1962-01-01,1962-12-31,,,"24 cm: 404 p., Ill. (certaines en coul.)",,"Comprend un index, un glossaire, un appendice et des réponses à la fin du document",Anglais,"Toronto, ON",Secondaire,Secondaire,
00004048,Chemistry for Secondary Schools,"CROAL, A. G.|COUKE, J. H.|LOUDEN, A. H.",,The Copp Clark Company Ltd.,[1952?],1952-01-01,1952-12-31,,,"23 cm: vi, 308 p., ill. et graph.",,"Comprend un index, un appendice et des réponses à la fin du document",Anglais,"Vancouver, C-B",Secondaire,Secondaire,
00004049,Experiments in Laboratory Chemistry : To Accompany Chemistry for Secondary Schools,"CROAL, A. G.|COUKE, J. H.|LOUDEN, A. H.",,The Copp Clark Company Ltd.,[1953?],1953-01-01,1953-12-31,,,"23 cm.: xi, 180 p., ill.",,Comprend un appendice,Anglais,"Toronto, ON",Secondaire,Secondaire,
00004050,Senior Chemistry for Secondary Schools,"CROAL, A. G.|COUKE, J. H.|CASSON, R. G.",,The Copp Clark Company Ltd.,[1955?],1955-01-01,1955-12-31,,Revised Ed.,"23 cm: vii, 520 p., ill. et graph.",,"Comprend un index, un appendice et des réponses à la fin du document",Anglais,"Vancouver, C-B",Secondaire,Secondaire,
00004051,The Essentials of Chemistry,"GRAHAM, R. P.|CRAGG, L. H.",,"Clarke, Irwin & Company Ltd.",[1956?],1956-01-01,1956-12-31,,,"24 cm: x, 606 p., ill. et graph.",,Comprend un index et un appendice,Anglais,"Toronto, ON",,,
00004052,Chemistry Manual,"CORNISH, George A.|SMITH, Arthur",,MacMillan and Co. of Canada Ltd.,1927,1927-01-01,1927-12-31,,,"19 cm: iv, 99 p., ill.",,"La p. t. porte en outre : ""Authorized by the Minister of Education for Ontario""",Anglais,"Toronto, ON",,,
00004053,The Ontario High School Laboratory Manual in Chemistry,"CORNISH, George A.|SMITH, Arthur",,MacMillan and Co. of Canada Ltd.,1924,1924-01-01,1924-12-31,,,"20 cm: vii, 134 p., ill.",,"La p. t. porte en outre : ""Authorized by the Minister of Education for Ontario""",Anglais,"Toronto, ON",Secondaire,Secondaire,
00004054,Beginners' Zoology,"COLEMAM, Walter M.",,MacMillan and Co. of Canada Ltd.,1924,1924-01-01,1924-12-31,,,"19 cm: vi, 228 p., ill.",,"Le t. de la couv. : Ontario High School Beginners' Zoology. -- La p. t. porte en outre : ""Authorized by the Minister of Education for Ontario"". -- Comprend un index",Anglais,"Toronto, ON",Secondaire,Secondaire,
00004055,Seeing Why,"DOWLING, Thomas I.",,The John C. Winston Co. Limited,[1952?],1952-01-01,1952-12-31,,Canadian Ed.,"20 cm: 187 p., ill. tout en coul.",,Comprend un lexique,Anglais,"Toronto, ON",Primaire,Primaire,
00004056,Ontario High School Chemistry,,,MacMillan and Co. of Canada Ltd.,1909,1909-01-01,1909-12-31,,,"19 cm.: vii, 191 p., ill.",,"La p. t. porte en outre : ""Authorized by the Minister of Education for Ontario"" et ""Pupils' Text-Book"". -- Comprend un index",Anglais,"Toronto, ON",Secondaire,Secondaire,
00004057,A First Course in Chemistry,"MARTIN, W. H.",,The Educational Book Company Ltd.,1945,1945-01-01,1945-12-31,,,"20 cm: viii, 324 p., ill.",,"La p. t. porte en outre : ""Authorized by the Minister of Education for Ontario"". -- Comprend un index",Anglais,"Toronto, ON",Secondaire,Secondaire,
00004058,Laboratory Manual To Accompany a First Course in Chemistry,"JENNINGS, W. A.",,W. J. Gage & Co. Ltd.,[1935?],1935-01-01,1935-12-31,,,"19 cm: x, 150 p., ill.",,"Titre de la couv. : Chemistry Manual. -- La p. t. porte en outre : ""Authorized by the Minister of Education for Ontario"". -- Comprend des appendices",Anglais,"Toronto, ON",Secondaire,Secondaire,
00004059,High School Chemistry,"KNIGHT, A. P.|ELLIS, W. S.",,The Copp Clark Company Ltd.,1895,1895-01-01,1895-12-31,,,"18 cm: viii, 215 p., Ill.",,"La p. t. porte en outre : ""Authorized by the Department of Education for Ontario"". -- Comprend un index et un appendice",Anglais,"Toronto, ON",Secondaire,Secondaire,
00004060,The Outlines of Chemistry,"MCBRYDE, W. A. E.|GRAHAM, R. P.",,"Clarke, Irwin & Company Ltd.",1966,1966-01-01,1966-12-31,,,"23 cm: viii, 390 p., ill.",,Comprend un index et des appendices,Anglais,"Toronto, ON",Secondaire,Secondaire,
00004061,Basic Physics for Secondary Schools,"EUBANK, Howard L.|RAMSAY, John M.|RICKARD, Leslie A.|DALLISON, Kenneth|KUNZ, Robert",,MacMillan and Co. of Canada Ltd.,1961,1961-01-01,1961-12-31,,,"24 cm: xiv, 416 p., ill. (certaines en coul.) et graph.",,Comprend un index et des réponses à la fin du document,Anglais,"Toronto, ON",Secondaire,Secondaire,
00004062,The Ontario High School Laboratory Manual in Physics,"MERCHANT, F. W.|CHANT, C. A.",,The Copp Clark Company Ltd.,1911,1911-01-01,1911-12-31,,First Ed.,"20 cm: viii, 128 p., ill.",,"La p. t. porte en outre: ""Authorized by the Minister of Education for Ontario for use in the Middle School"". -- Comprend un appendice",Anglais,"Toronto, ON",Secondaire,Secondaire,
00004063,Creative Composition,"MCMASTER, R. J.|MCMASTER, W. C.",,Longmans Canada Ltd.,[1962?],1962-01-01,1962-12-31,,,"24 cm: xii, 297 p.",,,Anglais,"Toronto, ON",Secondaire,9e et 10e année,
00004064,Botany for High Schools,"COSENS, A.|IVEY, T. J.",,The Educational Book Company Ltd.,1936,1936-01-01,1936-12-31,,,"20 cm: ix, 239 p., ill.",,"La p. t. porte en outre : ""Authorized by the Minister of Education for Ontario"". -- Comprend un index",Anglais,"Toronto, ON",Secondaire,Secondaire,
00004065,Physical Science : part 1,"MERCHANT, F. W.|FESSENDEN, C.",,The Copp Clark Company Ltd.,1895,1895-01-01,1895-12-31,,,"19 cm: iv, 220 p., ill.",,"La p. t. porte en outre: ""Authorized by the Department of Education for Ontario"". -- Comprend un index",Anglais,"Toronto, ON",Secondaire,Secondaire,
00004066,Nature Study,,,The Ryerson Press,[1926?],1926-01-01,1926-12-31,,,"19 cm: xix, 262 p., ill.",,"La p. t. porte en outre : ""Ontario Teachers' Manual"" et ""Authorized by the Minister of Education"". -- Comprend un index",Anglais,"Toronto, ON",Secondaire,Secondaire,
00004067,Nature Study,,,The Ryerson Press,1924,1924-01-01,1924-12-31,,,"19 cm: x, 291 p.",,"La p. t. porte en outre : ""Ontario Teachers' Manuals"" et ""Authorized by the Minister of Education""",Anglais,"Toronto, ON",Secondaire,Secondaire,
00004068,Science All About Us,"CRAIG, Gerald S.|BURKE, Agnes|HENDRICKSON, David|ABBOTT, Jacob B.|SICHEL, Harold",Our World of Science,Ginn and Company,[1950?],1950-01-01,1950-12-31,,,"21 cm: 159 p., ill. tout en coul.",,Comprend un lexique,Anglais,"Boston, MA|Toronto, ON",Primaire,Primaire,
00004069,High School Ancient History,"BOTSFORD, George Willis",,MacMillan and Co. of Canada Ltd.,1924,1924-01-01,1924-12-31,,,"19 cm: xiii, 467 p., ill. et cartes en coul.",,"La p. t. porte en outre : ""Authorized by the Minister of Education for Ontario"". -- Comprend un index et des notes en bas de page",Anglais,"Toronto, ON",Universitaire et Collégial,Collégial,
00004070,Ancient History : for high schools,"DEWITT, Norman W.",,MacMillan and Co. of Canada Ltd.,1927,1927-01-01,1927-12-31,,,"19 cm: v, 234 p., ill. et cartes",,"La p. t. porte en outre : ""Authorized by the Minister of Education for Ontario"". -- Comprend un index",Anglais,"Toronto, ON",Secondaire|Universitaire et Collégial,Secondaire; supérieur,
00004071,History of Canada,"GRANT, W. L.",,The T. Eaton Co. Ltd.,[1914?],1914-01-01,1914-12-31,,,"19 cm: xii, 420 p., ill. et cartes",,"La p. t. porte en outre : ""Ontario High School"" et ""Authorized by the Minister of Education for Ontario"". -- Comprend un index",Anglais,"Toronto, ON",Secondaire,Secondaire,
00004072,Wide Open Windows,"BARRETT, Franklin L.|MERLE SMITH, John",Canadian Reading Development,The Copp Clark Company Ltd.,[1947?],1947-01-01,1947-12-31,,,"20 cm: ix, 470 p., ill. (presque toutes en coul.)",,Comprend un glossaire et un lexique,Anglais,"Toronto, ON",,,
00004073,Explorations in Science,"LIMPUS, George H.|REID, William T.|SHORE, John W. B.|BANKS, Robert",,MacMillan and Co. of Canada Ltd.,[1951?],1951-01-01,1951-12-31,,,"23 cm: xiii, 419 p., ill. (certaines en coul.)",,"La p. t. porte en outre : ""Authorized for use in the Province of British Colombia"". -- Comprend un index et des notes en bas de page",Anglais,"Toronto, ON",Secondaire,Secondaire,
00004074,General Science Intermediate : book 1,"PARTRIDGE, J. A.",Basic Science for Young Canadians,J. M. Dent & Sons Canada Ltd.,1957,1957-01-01,1957-12-31,,,"21 cm: xv, 424 p., ill. et cartes",,Comprend un index et des notes en bas de page,Anglais,"Toronto, ON",Intermédiaire,7e année,
00004075,General Science Intermediate : book 2,"PARTRIDGE, J. A.",Basic Science for Young Canadians,J. M. Dent & Sons Canada Ltd.,1958,1958-01-01,1958-12-31,,,"22 cm: xiv, 445 p., ill. et cartes",,Comprend un index et un glossaire,Anglais,"Toronto, ON",Intermédiaire,8e année,
00004076,General Science : An Introductory Study of Our Environment : book two,"BOWERS, Henry",,J. M. Dent & Sons Canada Ltd.,1944,1944-01-01,1944-12-31,,,"19 cm: 440 p., ill. et graph.",,"La p. titre porte en outre : ""Grade X Classes in Collegiate Institutes, High, Vocational, and Continuation Schools"" et ""Authorized by the Minister of Education for Ontario"". -- Comprend un index, un glossaire et des notes en bas de page.",Anglais,"Toronto, ON",Secondaire,10e année,
00004077,School Management,,,William Briggs,[1915?],1915-01-01,1915-12-31,,,"19 cm: viii, 296 p., ill.",,"La p. t. porte en outre : ""Ontario Normal School Manuals"" et ""Authorized by the Minister of Education"". -- Comprend un appendice",Anglais,"Toronto, ON",Universitaire et Collégial,Écoles normales,
00004078,Stories to Read and Tell : (First Series),"KARR, W. J.",,The Copp Clark Company Ltd.,[1932?],1932-01-01,1932-12-31,,,17 cm: 90 p.,,,Anglais,"Toronto, ON",,,
00004079,"La rédaction française : 5e, 6e, 7e et 8e année : préceptes - modèles : exercices oraux et écrits",,,Frères du Sacré-Coeur,[1918?],1918-01-01,1918-12-31,1918,,"18 cm.: 206 p., ill.",,"La couv. porte en outre : ""Ouvrage approuvé par le Conseil de l'Instruction publique de la province de Québec en 1918"" et ""En coopération avec l'Association Catholique des Voyageurs de Commerce"". -- Comprend une table des matières",Français,"Montréal, QC",Primaire|Intermédiaire,5e à 8e année,
00004080,Les verbes en un clin d'oeil : pour l'école active,"LAURENCE, J. M.",,Centre de psychologie et de pédagogie,1946,1946-01-01,1946-12-31,,,23 cm: 22 p.,,Comprend une table des matières,Français,"Montréal, QC",Primaire|Intermédiaire|Secondaire,Complémentaire; primaire supérieur; secondaire,
00004081,The French-Canadian's Guide in English Grammar : with examples in French and English,"MCBRIARTY, W. J.",,Pédagogia Inc.,[1935?],1935-01-01,1935-12-31,,,"22 cm: xv, 235 p.",,"La p. t. porte en outre : Écoles secondaires, écoles commerciales, écoles préparatoires aux examens universitaires. -- Comprend des index",Anglais|Français,Québec,Secondaire|Universitaire et Collégial,Secondaire; supérieur; universitaire,
00004082,Creative English,"BROWN, Harry W.|MCMASTER, W. C.",,The Copp Clark Company Ltd.,1956,1956-01-01,1956-12-31,,Third Ed.,"20 cm: x, 362 p.",,Comprend un index,Anglais,"Vancouver, C-B",Secondaire,11e et 12e année,
00004083,Composition and Grammar: for Public Schools,,,Canadian Watchman Press,[1920?],1920-01-01,1920-12-31,,,"19 cm: vi, 282 p., ill.",,"La p. t. porte en outre : ""Authorized by the Minister of Education"". -- Comprend un index et un appendice",Anglais,"Oshawa, ON",Secondaire,Secondaire 3 à 5; Supérieur,
00004084,Spelling and Vocabulary Studies,"DOWNES, W. J.",,Sir Isaac Pitman & sons  Canada Ltd.,[1964?],1964-01-01,1964-12-31,,,"23 cm: x, 194 p.",,Comprend des appendices et un dictionnaire,Anglais,"Toronto, ON",,,
00004085,Using Our Language: grade 4,"DAVIS, T. I.|CANTELON, Harriet|SCOTT, Lloyd",,J. M. Dent & Sons Canada Ltd.,1953,1953-01-01,1953-12-31,,,"20 cm: x, 254 p., ill.",,"La p. t. porte en outre : ""Authorized by the Protestant Committee of the Council of Education for the Province of Quebec"", ""Authorized in the schools of Nova Scotia"" et ""Approved for use in the Province of Ontario"". -- Comprend un index",Anglais,"Toronto, ON",Primaire,4e année,
00004086,Using Our Language: grade 6,"DAVIS, T. I.",,J. M. Dent & Sons Canada Ltd.,1955,1955-01-01,1955-12-31,,,"20 cm: xi, 283 p., ill.",,"La p. t. porte en outre : ""Authorized by the Protestant Committee of the Council of Education for the Province of Quebec"", ""Authorized in the Schools of Nova Scotia"" et "" Approved for Use in the Province of Ontario"". -- Comprend un index",Anglais,"Toronto, ON",Primaire,6e année,
00004087,Vitalized English: Composition and Grammar Correlated: grades VII and VIII,"GRIFFIN, G. N.",,School Aids and Text Book Publishing Co. Ltd.,[1942?] ou [1943?],1942-01-01,1943-12-31,,Revised Ed. 1942,"19 cm: 416 p., ill.",,"Titre de la couv. : Vitalized English : Oral and Written Language. -- La p. t. porte en outre : ""Authorized by the Departments of Education for Use in the Schools of Saskatchewan and Manitoba"". -- Comprend des index et un appendice",Anglais,"Régina, SK",Intermédiaire,7e et 8e année,
00004088,The Ontario Public School Composition,,,The Copp Clark Company Ltd.,1917,1917-01-01,1917-12-31,,,"19 cm: iv, 204 p., ill.",,"La p. t. porte en outre : ""Authorized by the Minister of Education for Ontario for Use in Forms III, IV and V of the Public Schools""",Anglais,"Toronto, ON",Secondaire,Secondaire 3 à 5,
00004089,Composition and Grammar,,,The Copp Clark Company Ltd.,1924,1924-01-01,1924-12-31,,,"19 cm: vi, 282 p., ill.",,"La p. t. porte en outre : ""Authorized by the Minister of Education for Ontario"". -- Comprend un index et un appendice",Anglais,"Toronto, ON",Secondaire,Secondaire,
00004090,Vitalized English: Composition and Grammar Correlated: grade VII,"GRIFFIN, G. N.",,School Aids and Text Book Publishing Co. Ltd.,[1949?],1949-01-01,1949-12-31,,,"18 cm: 179 p., ill.",,"Le titre de la couv. : Vitalized English: Oral and Written Language: Grade VII. -- La p. t. porte en outre : ""Authorized by the Departments of Education for Use in the Schools of Saskatchewan and Manitoba"". -- Comprend un index",Anglais,"Régina, SK",Intermédiaire,7e année,
00004091,Grammar,,,The Copp Clark Company Ltd.,1928,1928-01-01,1928-12-31,,,"19 cm: v, 186 p.",,"La p. t. porte en outre : ""Ontario teachers' Manuals"" et ""Authorized by the Minister of Education"". -- Comprend un index et des notes en bas de page",Anglais,"Toronto, ON",,,
00004092,A Reader in Canadian Civics,"WALLACE, W. Stewart",,MacMillan and Co. of Canada Ltd.,1942,1942-01-01,1942-12-31,,,"19 cm: xv, 186 p., ill.",,"La p. t. porte en outre : ""Authorized by the Minister of Education for Ontario"". -- Comprend des appendices",Anglais,"Toronto, ON",,,
00004093,Exploring the World,"TANSER, H. A.|DOBRINDT, G. H.|NEWFELD, Frank","v, 218 p, : ill. ; 23 cm","Longmans, Green & Company",1955,1955-01-01,1955-12-31,,First Ed.,(Da Gama),,Comprend un index,Anglais,"Toronto, ON",,,
00004094,Ontario Public School History of England,"WRONG, George M.",,The Ryerson Press,1925,1925-01-01,1925-12-31,,,"20 cm: viii, 384 p., ill.",,"La p. t. porte en outre : ""Authorized by the Minister of Education for Ontario"". -- Comprend un index",Anglais,"Toronto, ON",,,
00004095,High School Ancient History,"MOREY, William C.",,MacMillan and Co. of Canada Ltd.,1913,1913-01-01,1913-12-31,,,"19 cm: 396 p., ill. et cartes (certaines en coul.)",,"La couv. porte en outre : ""Ontario High School"". -- La p. t. porte en outre : ""Authorized by the Minister of Education for Ontario"". -- Comprend un index et des notes en bas de page",Anglais,"Toronto, ON",Secondaire,Secondaire,
00004096,Ontario Public School History of Canada,,,Morang Educational Company Ltd.,1910,1910-01-01,1910-12-31,,,"20 cm: 302 p., ill.",,"La p. t. porte en outre  : ""Authorized by the Minister of Education for Ontario"". -- Comprend un index et un appendice",Anglais,"Toronto, ON",,,
00004097,Ontario Public School History of England,,,Morang Educational Company Ltd.,1911,1911-01-01,1911-12-31,,Third Ed.,"20 cm: 320 p., ill. et cartes",,"La p. t. porte en outre : ""Authorized by the Minister of Education for Ontario for Use in Forms IV and V of the Public Schools"". -- Comprend un index",Anglais,"Toronto, ON",Secondaire,Secondaire 4 et 5,
00004098,High School History of Greece and Rome,"ROBERTSON, W. J.|HENDERSON, John",,The Copp Clark Company Ltd.,1896,1896-01-01,1896-12-31,,,"19 cm: vii, 530 p., cartes",,"La p. t. porte en outre : ""Authorized by the Education Department of Ontario""",Anglais,"Toronto, ON",,,
00004099,The Story of The Earth and its Peoples: A Geography Reader for Pupils in Form III of the Public Schools,,,Thomas Nelson & Sons Ltd.; The Copp Clark Company Ltd.,[19--?],1899-12-31,1999-12-31,,,"20 cm: vi, 528 p., ill. et cartes (certaines en coul.)",,"La p. t. porte en outre : ""Recommended by the Minister of Education for Use in School Libraries in Ontario"". -- Comprend un appendice",Anglais,"London, UK|Toronto, ON",Secondaire,Secondaire 3,
00004100,Ontario High School History of England,"WRONG, George M.",,MacMillan and Co. of Canada Ltd.,1928,1928-01-01,1928-12-31,,Revised and Enlarged Ed.,"20 cm: xvi, 624 p., ill.",,"La p. t. porte en outre : ""Authorized by the Minister of Education for Ontario"". -- Comprend un index",Anglais,"Toronto, ON",,,
00004101,Ontario High School History of England,"WRONG, George M.",,MacMillan and Co. of Canada Ltd.,1916,1916-01-01,1916-12-31,,,"19 cm: vii, 536 p., ill. et cartes (certaines en coul.)",,"La p. t. porte en outre  : ""Authorized by the Minister of Education for Ontario"". -- Comprend un index",Anglais,"Toronto, ON",,,
00004102,Public School History of England and Canada,"ROBERTSON, W. J.",,The Copp Clark Company Ltd.,1902,1902-01-01,1902-12-31,,,"18 cm: 280 p., cartes (une en coul.)",,"La p. t. porte en outre : ""Authorized by the Education Department of Ontario""",Anglais,"Toronto, ON",Secondaire,Secondaire,
00004103,Fact and Fancy: (grade seven),,,Ginn and Company,[19--?],1899-12-31,1999-12-31,,,"19 cm: 384 p., ill.",,"La p. t. porte en outre : ""Approved by the Minister of Education for use in the Roman Catholic Separate Schools of Ontario"". -- Comprend un index des auteurs et un glossaire",Anglais,"Toronto, ON",Intermédiaire,7e année,
00004104,Fourth Book of Reading Lessons,,The Royal Readers Special Canadian Series ; 4,Thomas Nelson & Sons Ltd.; James Campbell and Son,1883,1883-01-01,1883-12-31,,,"18 cm: x, 352 p., ill.",,"La p. t. porte en outre : ""Authorized by the Minister of Education for Use in the High and Public Schools of Ontario"" et "" With Illustrations from Giacomelli and Other Eminent Artists"".  - Comprend des notes en bas de page",Anglais,"Toronto, ON",Secondaire|Universitaire et Collégial,Secondaire; supérieur,
00004105,The Fourth Book of Reading Lessons,,Canadian Series of School Books,James Campbell and Son,1867,1867-01-01,1867-12-31,,,"18 cm: viii, 376 p., ill.",,"La p. t. porte en outre  : ""Authorized by the Council of Public Instruction for Ontario""",Anglais,"Toronto, ON",Secondaire,Secondaire,
00004106,The French Reader,"FERGUSON, W. C.|MCKELLAR, H. S.|WILLSON, Alice",,The Ryerson Press,[1927?],1927-01-01,1927-12-31,,,"19 cm: viii, 294 p., ill.",,"La p. t. porte en outre : ""Authorized by the Minister of Education for Ontario"". -- Comprend un lexique (français-anglais)",Anglais|Français,"Toronto, ON",Universitaire et Collégial,Matériel pour les professeurs (secondaire),
00004107,The Ontario Hight School French Reader,"FERGUSON, W. C.|MCKELLAR, H. S.",,MacMillan and Co. of Canada Ltd.,1923,1923-01-01,1923-12-31,,,"19 cm: 151 p., ill.",,"La p. t. porte en outre : ""Authorized by the Minister of Education for Ontario"". -- Comprend un lexique (français-anglais)",Français,"Toronto, ON",Universitaire et Collégial,Matériel pour les professeurs (secondaire),
00004108,The New Using Our Language: grades 9 and 10,"PATON, J. M.|TALBOT, Allan D.|BEALEY, Betty",Using Our Language Series; 9 & 10,J. M. Dent & Sons Canada Ltd.,1957,1957-01-01,1957-12-31,,,"21 cm: xvi, 374 p.",,Comprend des index,Anglais,"Toronto, ON",Secondaire,9e et 10e année,
00004109,The Public School Grammar and Elements of Composition: with Numerous Exercises,,,Canada Publishing Company Ltd.,1886,1886-01-01,1886-12-31,,,"18 cm: iv, 190 p.",,"La p. t. porte en outre : ""Authorized for Use in the Public Schools of Ontario by the Minister of Education"". -- Comprend un index",Anglais,"Toronto, ON",Secondaire,Secondaire,
00004110,Working with English,"RENNIE, W. A.|ANDERSON, S. A.",,The Ryerson Press,1953,1953-01-01,1953-12-31,,First Ed.,"20 cm: ix, 276 p.",,Comprend un index et des appendices,Anglais,"Toronto, ON",Secondaire,10e année,
00004111,Sadlier's Catholic Complete Speller: Oral and Written,By a Catholic Teacher,The Dominion Catholic Series,James A. Sadlier,[1886?],1886-01-01,1886-12-31,,New Ed.,"18 cm: vi, 192 p.",,"La p. couv. porte en outre : ""Complete Edition"". -- Comprend des appendices",Anglais,"Montréal, QC",,,
00004112,The High School English Grammar: Based on Whitney's Essentials of English Grammar,"SEATH, John",,Canada Publishing Company Ltd.,1887,1887-01-01,1887-12-31,,,"18 cm: viii, 408 p.",,,Anglais,"Toronto, ON",Secondaire|Universitaire et Collégial,Secondaire; supérieur,
00004113,The High School English Grammar,"SEATH, John",,Canada Publishing Company Ltd.,1899,1899-01-01,1899-12-31,,Revised Ed.,19 cm: 416 p.,,"La p. t. porte en outre : ""Authorized for Use in the High Schools and Collegiate Institutes of Ontario by the Department of Education"". -- Comprend un index",Anglais,"Toronto, ON",Secondaire|Universitaire et Collégial,Secondaire; supérieur,
00004114,Ontario High School English Grammar,"STEVENSON, O. J.",,The Canada Publishing Company Ltd.,[1918?],1918-01-01,1918-12-31,,Revised Ed.,19 cm: 376 p.,,"La p. t. porte en outre : ""Authorized by the Minister of Education for Ontario"". -- Comprend un index et des appendices",Anglais,"Toronto, ON",Secondaire,Secondaire,
00004115,Ontario High School English Grammar,"STEVENSON, O. J.|KERFOOT, H. W.",,The Canada Publishing Company Ltd.,1926,1926-01-01,1926-12-31,,,19 cm: 261 p.,,"La p. t. porte en outre : ""Authorized by the Minister of Education"". -- Comprend un index et des appendices",Anglais,"Toronto, ON",Secondaire,Secondaire,
00004116,The Public School Grammar,"STRANG, H. I.",,Canada Publishing Company Ltd.,1899,1899-01-01,1899-12-31,,,19 cm: 190 p.,,"La p. t. porte en outre  : ""Authorized for Use in the Public Schools of Ontario by the Minister of Education"". -- Comprend un index",Anglais,"Toronto, ON",,,
00004117,Mastering Effective English,"TRESSLER, J. C.|LEWIS, C. E.",,The Copp Clark Company Ltd.,1940,1940-01-01,1940-12-31,,,"20 cm: v, 245 p., ill.",,"La p. t. porte en outre : ""Authorized for Use in Ontario"". -- Comprend un index",Anglais,"Toronto, ON",Secondaire|Universitaire et Collégial,Secondaire; supérieur,
00004118,The Fourth Golden Rule Book,,The Golden Rule Books,MacMillan and Co. of Canada Ltd.,1915,1915-01-01,1915-12-31,,,"18 cm: ix, 415 p., ill.",,"La p. t. porte en outre : ""Recommended by the Minister of Education for Use in the Public & Separate School Libraries of Ontario""",Anglais,"Toronto, ON",,,
00004119,Introduction to Better Reading,"GAINSBURG, Joseph C.|GORDON, Lilian|KUNZ, Robert",,The Book Society of Canada Ltd.,1960,1960-01-01,1960-12-31,,Revised Ed.,"21 cm: 220 p., ill.",,Comprend un index,Anglais,"Agincourt, ON",Intermédiaire,7e et 8e année,
00004120,A Garden of Stories: for grade two,,,The Copp Clark Company Ltd.,1939,1939-01-01,1939-12-31,,,"20 cm: 240 p., ill. (presque toutes en coul.)",,"La p. t. porte en outre : ""Authorized by the Minister of Education for Ontario""",Anglais,"Toronto, ON",Primaire,2e année,
00004121,More Streets and Roads,"GRAY, William S.|HILL ARBUTHNOT, May",Basic Readers ; 32,W. J. Gage & Co. Ltd.,[194-?],1940-01-01,1949-12-31,,Revision of the Elson-Gray Basic Readers,"20 cm: 320 p., ill. (toutes en coul.)",,Comprend un lexique,Anglais,"Toronto, ON",Primaire,Primaire,
00004122,Gateways to Bookland: for grade four,,,The Copp Clark Company Ltd.,1938,1938-01-01,1938-12-31,,,"19 cm: 288 p., ill. (presque toutes en coul.)",,"La p. t. porte en outre : ""Authorized by the Minister of Education for Ontario"". -- Comprend un glossaire",Anglais,"Toronto, ON",Primaire,4e année,
00004123,Rusty Wants a Dog,"BLANTON HUBER, Miriam|SEELY SALISBURY, Frank|GATES, Arthur I.|WOHLBERG, Meg",Core - Vocabulary Readers,MacMillan and Co. Ltd.,1944,1944-01-01,1944-12-31,,,"19 cm: 192 p., ill.",,Comprend un lexique,Anglais,"New York, NY",Primaire,"Primaire, 1er cycle",
00004124,Premier livre de lecture : Première partie,,Ontario French Readers,The T. Eaton Co. Ltd.,1940,1940-01-01,1940-12-31,,,"19 cm: 103 p., ill. (certaines en coul.)",,"La p. t. porte en outre : ""Authorized by the Minister of Education""",Français,"Toronto, ON",Primaire,"Primaire, 1er cycle",
00004125,Fourth Book,,The Ontario Readers,The T. Eaton Co. Ltd.,1909,1909-01-01,1909-12-31,,,"19 cm: v, 410 p., ill.",,"La p. t. porte en outre: ""Autorized by the Minister of Education""",Anglais,"Toronto, ON",,,
00004126,First Book,,The Ontario Readers,The T. Eaton Co. Ltd.,[1923?],1923-01-01,1923-12-31,,,"19 cm: v, 122 p., ill.",,"La p. t. porte en outre: ""Authorized by the Minister of Education""",Anglais,"Toronto, ON",Primaire,Primaire,
00004127,Come Along,"MCKEE, Paul",Reading for Meaning ; 21,Houghton Mifflin Company,[1949?],1949-01-01,1949-12-31,,,"21 cm: 255 p., ill. (toutes en coul.)",,,Anglais,"Boston, MA",Primaire,Primaire,
00004128,Ontario High School Reader,,,The Canada Publishing Company Ltd.,[18--?],,,,,"19 cm: vi, 313 p.",,"La p. couv. porte en outre: ""Authorized by the Minister of Education for Ontario"". -- Comprend un appendice",Anglais,"Toronto, ON",Secondaire,Secondaire,
00004129,Third Reader,,The Ontario Readers,W. J. Gage & Co. Ltd.,1885,1885-01-01,1885-12-31,,,"19 cm: 280 p., ill.",,"La p. t. porte en outre : ""Authorized for Use in the Public Schools of Ontario by the Minister of Education"". -- Comprend des index",Anglais,"Toronto, ON",,,
00004130,Fourth Reader,,The Ontario Readers,W. J. Gage & Co. Ltd.,[1885?],1885-01-01,1885-12-31,1885,,18 cm: 344 p.,,"La p. t. porte en outre : ""Authorized for Use in the Public Schools of Ontario by the Minister of Education"". -- Comprend des index et des notes à la fin du document",Anglais,"Toronto, ON",,,
00004131,The High School Reader,,The Ontario Readers,Rose Publishing Company,1886,1886-01-01,1886-12-31,1886,,"19 cm: xxxii, 448 p.",,"La p. t. porte en outre : ""Authorized for Use in the Public and High Schools and Collegiate Institutes of Ontario by the Department of Education"". -- Comprend des index",Anglais,"Toronto, ON",Secondaire|Universitaire et Collégial,Secondaire; collégial,
00004132,Primer,,The Ontario Readers,The T. Eaton Co. Ltd.,[1920?],1920-01-01,1920-12-31,,,"19 cm: 92 p., ill. (certaines en coul.)",,"La p. t. porte en outre: ""Authorized by the Minister of Education""",Anglais,"Toronto, ON",Primaire,Primaire,
00004133,Primer,,The Ontario Readers,The T. Eaton Co. Ltd.,[1909?],1909-01-01,1909-12-31,1909,,"20 cm: 96 p., ill.",,"La p. t. porte en outre : ""Authorized by the Minister of Education""",Anglais,"Toronto, ON",Primaire,Primaire,
00004134,Second Book,,The Ontario Readers,The T. Eaton Co. Ltd.,[1923?] ou [1924?],1923-01-01,1924-12-31,1923,,"19 cm: v, 218 p., ill.",,"La p. t. porte en outre: ""Authorized by the Minister of Education""",Anglais,"Toronto, ON",,,
00004135,Second Book,,The Ontario Readers,The T. Eaton Co. Ltd.,[1923?],1923-01-01,1923-12-31,,,"19 cm: v, 218 p., ill.",,"La p. t. porte en outre : ""Authorized by the Minister of Education""",Anglais,"Toronto, ON",,,
00004136,Third Book,,The Ontario Readers,The T. Eaton Co. Ltd.,[1909?],1909-01-01,1909-12-31,1909,,"19 cm: v, 346 p., ill.",,"La p. t. porte en outre  : ""Authorized by the Minister of Education""",Anglais,"Toronto, ON",,,
00004137,Third Book,,The Ontario Readers,The T. Eaton Co. Ltd.,[1925?],1925-01-01,1925-12-31,,,"19 cm: vii, 350 p., ill. (certaines en coul.)",,"La p. t. porte en outre : ""Athorized by the Minister of Education"". -- Comprend un index",Anglais,"Toronto, ON",,,
00004138,Sadlier's Dominion: Fourth Reader,By a Catholic Teacher,The Dominion Catholic Series,James A. Sadlier,[1886?],1886-01-01,1886-12-31,1886,,"19 cm: x, 312 p., ill.",,"Le t. de la couv. : ""Dominion Catholic Readers: Fourth"". -- La p. t. porte en outre: ""Containing an Elocutionary Treatise, Illustrated with Diagrams, Graded and Classified Readings, Full Notes, and a Complete Index""",Anglais,"Montréal, QC",,,
00004139,Sadlier's Dominion: Fourth Reader,By a Catholic Teacher,The Dominion Catholic Series,James A. Sadlier,[1891?],1891-01-01,1891-12-31,1891,Revised and Enlarged,"18 cm: viii, 360 p., ill.",,Le t. de la couv. : Dominion Catholic Readers: Fourth. -- Comprend un index et des notes en bas de page,Anglais,"Montréal, QC",,,
00004140,Sadlier's Dominion: Third Reader,By a Catholic Teacher,The Dominion Catholic Series,James A. Sadlier,[1886?],1886-01-01,1886-12-31,1886,,"18 cm: x, 288 p., ill.",,"La t. de la couv. : ""Dominion Catholic Readers: Third"". -- La p. t. porte en outre: ""Containing a Treatise on Elocution, Graded Readings, Full Notes, and a Complete Index""",Anglais,"Montréal, QC",,,
00004141,Third Book of Reading Lessons,,The Royal Readers : Special Canadian Series,Thomas Nelson & Sons Ltd.; James Campbell and Son,[1883?],1883-01-01,1883-12-31,1883,,"17 cm: viii, 290 p., ill.",,"La p. t. porte en outre : ""With Illustrations from Giacomelli and Other Eminent Artists, Also a Vocabulary of the More Difficult Words"" et ""Authorized by the Minister of Education for Use in the High and Public Schools of Ontario""",Anglais,"Toronto, ON",,,
00004142,The Third Golden Rule Book,,The Golden Rule Book,MacMillan and Co. of Canada Ltd.,1918,1918-01-01,1918-12-31,,,"19 cm: ix, 352 p., ill.",,"La p. t. porte en outre : ""Recommended by the Minister of Education for Use in the Public & Separate School Libraries of Ontario""",Anglais,"Toronto, ON",,,
00004143,The Second Golden Rule Book,,The Golden Rule Books,MacMillan and Co. of Canada Ltd.,1915,1915-01-01,1915-12-31,,,"18 cm: ix, 256 p., ill.",,"La p. t. porte en outre : ""Recommended by the Minister of Education for use in the Public & Separate School Libraries of Ontario""",Anglais,"Toronto, ON",,,
00004144,Developing Comprehension in Reading 3,"THOMAS, Mary",Developing Comprehension in Reading ; 3,J. M. Dent & Sons Canada Ltd.,[1955?],1955-01-01,1955-12-31,,,"20 cm: ix, 52 p., ill. (toutes en coul.)",,,Anglais,"Toronto, ON",Primaire,Primaire,
00004145,Treasure Trove: (grade six),,New Canadian Catholic Corona Readers,Ginn and Company,[19--?],1899-12-31,1999-12-31,,,"19 cm: 368 p., ill.",,"La p. t. porte en outre : ""Approved by the Minister of Education for Use in the Roman Catholic Separate Schools of Ontario"". -- Comprend un glossaire",Anglais,"Toronto, ON",Primaire,6e année,
00004146,Paths of Grace: (grade three),,New Canadian Catholic Corona Readers,Ginn and Company,[19--?],1899-12-31,1999-12-31,,,"19 cm: 256 p., ill. (toutes en coul.)",,"La p. t. porte en outre : ""Approved by the Minister of Education for Use in the Roman Catholic Separate Schools of Ontario"". -- Comprend un lexique",Anglais,"Toronto, ON",Primaire,3e année,
00004147,"The Treasury Readers: grade six: (third form, senior grade)",,,The Ryerson Press; MacMillan and Co. of Canada Ltd.,[1834?],1834-01-01,1834-12-31,,,"19 cm: vi, 380 p., ill.",,"La p. t. porte en outre : ""Authorized by the Minister of Education for Ontario"". -- Comprend un glossaire",Anglais,"Toronto, ON",Primaire,6e année,
00004148,Wide Horizons: (grade eight),,New Canadian Catholic Corona Readers,Ginn and Company,[19--?],1899-12-31,1999-12-31,,,"19 cm: 415 p., ill.",,"La p. t. porte en outre : ""Approved by the Minister of Education for Use in the Roman Catholic Separate Schools of Ontario"". -- Comprend un index et un glossaire",Anglais,"Toronto, ON",Intermédiaire,8e année,
00004149,The Open Door,"WEES, Frances Shelley|DEANE, Elsie|STARK, W. R.",Pathways to Reading ; Book 1,Thomas Nelson & Sons Ltd.; The Educational Book Company Ltd.,1946,1946-01-01,1946-12-31,,,"19 cm: 176 p., ill. (toutes en coul.)",,Comprend un lexique,Anglais,"Toronto, ON",Primaire,Primaire,
00004150,The Girl Next Door,"BARUCH, Dorothy|MONTGOMERY, Elizabeth|BAUER, W. W.|STEED, Ruth",Health and Personal Development Program ; 4,W. J. Gage & Co. Ltd.,[19--?],1899-12-31,1999-12-31,,,"21 cm: 256 p., ill. (certaines en coul.)",,Comprend un index et un lexique,Anglais,"Toronto, ON",Primaire,Primaire,
00004151,Art,,Ontario Teachers' Manuals,William Briggs,[1916?],1916-01-01,1916-12-31,,,"21 cm: 335 p., ill. (certaines en coul.)",,"La p. t. porte en outre : ""Authorized by the Minister of Education""",Anglais,"Toronto, ON",,,
00004152,Junior Arithmetic: grade five,,,The Educational Book Company Ltd.,1938,1938-01-01,1938-12-31,,,"19 cm: 128 p., ill.",,"La p. t. porte en outre : ""Authorized by the Minister of Education for Ontario""",Anglais,"Toronto, ON",Primaire,5e année,
00004153,L'Anglais rendu facile à l'aide du gramophone: cours moyen,,,La Cie des cours par correspondance ltée.,1931,1931-01-01,1931-12-31,,,"23 cm: 306 p., ill.",,"La p. t. porte en outre : ""Textes des cinquante premiers disques et séries d'exercices en rapport avec ces disques"". -- Comprend un index",Français,"Montréal, QC",Système français,Cours moyen,
00004154,La classe en anglais d'après la méthode directe : cours moyen : livre du maître,Les Frères de l'instruction chrétienne,,Procure des Frères de l'instruction chrétienne,1918,1918-01-01,1918-12-31,1916,,"21 cm: 314 p., ill.",,"La couv. porte en outre : ""Ouvrage approuvé par le Conseil de l'instruction publique de la province de Québec"". -- La p. t. porte en outre : ""Lecture, grammaire et analyse - Exercices grammaticaux et exercices de langage - Composition - Rédactions sur images - Nombreuses gravures"".",Anglais,"Laprairie, QC",Système français,Cours moyen,
00004155,La classe en anglais d'après la méthode directe : premier livre,Les Frères de l'instruction chrétienne,,Procure des Frères de l'instruction chrétienne,1925,1925-01-01,1925-12-31,,,"21 cm: v, 132 p., ill.",,"La p. t. porte en outre : ""Ouvrage illustré de 120 gravures"" et ""Approuvé par le Conseil de l'instruction publique, le 13 mai 1914"". -- Comprend un lexique et un glossaire",Anglais,"Laprairie, QC",Système français,Débutant,
00004156,The Golden Treasury of the Best Songs and Lyrical Poems in the English Language,"PALGRAVE, Francis Turner|DAY LEWIS, G.",,Collins,1954,1954-01-01,1954-12-31,,,18 cm: 576 p.,,Comprend des index et un glossaire,Anglais,"London, UK",,,
00004157,"The Vicar of Wakefield, She Stoops to Conquer and Poems","GOLDSMITH, Oliver|VULLIAMY, G. E.",,Collins,1953,1953-01-01,1953-12-31,,,18 cm: 320 p.,,Comprend un bibliographie,Anglais,"London, UK",,,
00004158,The Little Londoner: A Concise Account of the Life and Ways of the English with Special Reference to London,"KRON, R.",,J. Bielefelds Verlag,1924,1924-01-01,1924-12-31,,7e Ed.,"17 cm: 204, 8 p.",,"La p. t. porte en outre : ""Supplying the Means of Acquiring an Adequate Command of The Spoken Language in all Departments of Daily Life. -- Comprend un index et des notes en bas de page.",Anglais,"Freiburg, CH",,,
00004159,Modern English-French Vocabulary and Speller,,,Librairie Beauchemin limitée,1940,1940-01-01,1940-12-31,,,22 cm: 295 p.,,,Anglais|Français,"Montréal, QC",,,
00004160,Nouveau cours de langue anglaise selon la méthode d'Ollendorff,"NANTEL, A.|BRENNAN, T.-J.",,Librairie Beauchemin limitée,1938,1938-01-01,1938-12-31,,,"18 cm: xi, 319 p.",,"La p. t. porte en outre : ""Ouvrage approuvé par le Conseil de l'instruction publique de la province de Québec, le 12 mai 1909"". -- Comprend un appendice",Anglais|Français,"Montréal, QC",,,
00004161,Nouveau cours de langue anglaise selon la méthode d'Ollendorff,"NANTEL, A.|BRENNAN, T.-J.",,Librairie Beauchemin limitée,1953,1953-01-01,1953-12-31,,,"18 cm: xi, 319 p.",,"La p. t. porte en outre : ""Ouvrage approuvé par le Conseil de l'instruction publique de la province de Québec, le 12 mai 1909"". -- Comprend un appendice",Anglais|Français,"Montréal, QC",,,
00004162,Poetry of Byron,"ARNOLD, Matthew",Golden Treasury Series,Macmillan and Co. Ltd.,1895,1895-01-01,1895-12-31,,,"16 cm: xxxvi, 276 p.",,,Anglais,"London, UK",,,
00004163,A Higher English Course for French-Canadian Students: A Practical Guide to English Composition,"SMITH, Alexander H.|BIRCH, T. A.|MONTPETIT, Édouard",,Librairie Beauchemin limitée,[1931?],1931-01-01,1931-12-31,,,"18 cm: iv, 286 p.",,With the approbation of His Grace Archbishop Gauthier,Anglais|Français,"Montréal, QC",,,
00004164,Le génie de la langue française,"DAUZAT, Albert",Bibliothèque scientifique,Payot,1954,1954-01-01,1954-12-31,,,23 cm: 359 p.,,"La couv. porte en outre : ""La prononciation - le vocabulaire - les formes grammaticales et leurs fonctions - la syntaxe - l'expression littéraire - le génie de la langue"" et ""Ouvrage couronné par l'académie française (Grand prix d'histoire littéraire)"". -- Comprend des notes en bas de page",Français,"Paris, FR",,,
00004165,Leçons de langue française: cours supérieur : livre du maître,Les Frères des écoles chrétiennes,,Frères des écoles chrétiennes,1911,1911-01-01,1911-12-31,,Éd. revue et corrigée,"19 cm: xii, 692 p.",,"La p. t. porte en outre : ""Enseignement divisé en trois cours : élémentaire, moyen, supérieur. -- ""Ouvrage approuvé par le Comité catholique du Conseil de l'instruction publique, le 10 mai 1911"".",Français,"Montréal, QC",,,
00004166,"Cours de lecture : le tour du Canada, 4e livre : 5e et 6e année",Les Frères Maristes,L'École canadienne,Librairie Granger Frères ltée.,[1927?],1927-01-01,1927-12-31,,,"21m: 570 p., ill. (certaines en coul.) et cartes",,"La p. couv. porte en outre : ""Collection publiée pour l'enseignement: primaire et secondaire""",Français,"Montréal, QC",Primaire,5e et 6e année,
00004167,Comment on prononce le français : traité complet de prononciation pratique avec les noms propres et les mots étrangers,"MARTINON, Ph.",,Librairie Larousse,1913,1913-01-01,1913-12-31,,,"19 cm: xi, 414 p.",,Comprend des index et des notes en bas de page,Français,"Paris, FR",,,
00004168,Nouveau Petit Larousse illustré: dictionnaire encyclopédique,"AUGÉ, Claude|AUGÉ, Paul",,Librairie Larousse,1939,1939-01-01,1939-12-31,,290e Éd.,"19 cm: 1771 p., ill. et cartes",,"La p. t. porte en outre : ""6200 gravures, 220 planches et tableaux, 140 cartes""",Français,"Paris, FR",,,
00004169,Dictionnaire des locutions françaises,"RAT, Maurice",,Librairie Larousse,1957,1957-01-01,1957-12-31,,,"20 cm: xv,430 p.",,Comprend un index,Français,"Paris, FR",,,
00004170,Le langage: introduction linguistique à l'histoire,"VENDRYES, J.",L'Évolution de l'humanité : synthèse collective,La Renaissance du livre,1921,1921-01-01,1921-12-31,,,"20 cm: xxviii, 439 p.",,Comprend un index et des notes en bas de page,Français,"Paris, FR",,,
00004171,L'Émigré,"BOURGET, Paul",Nelson,Ed. Nelson,1927,1927-01-01,1927-12-31,,,"16 cm: vii, 371, xiii p.",,,Français,"Paris, FR",,,
00004172,"Morceaux choisis des auteurs français du Xe au XXe siècle : pour servir à la lecture expliquée dans les classes de 3e, 2e et 1ère","CALVET, J.",,J. De Gigord,1939,1939-01-01,1939-12-31,,Dixième éd. revue et corrigée,"18 cm: viii, 1014 p.",,Comprend une table des matières à la fin du document et des notes en bas de page,Français,"Paris, FR",,,
00004173,Oeuvres de Molière : tome second,Molière,,"Saugrain le jeune, Grade Sale du Palais",1749,1749-01-01,1749-12-31,,Nouvelle éd.,"14 cm: 320 p., ill.",,,Français,"Paris, FR",,,
00004174,Trésor de la poésie populaire française,"ROY, Claude|VERVIN, Claire",Poètes d'aujourd'hui,Pierre Seghers,1954,1954-01-01,1954-12-31,,,"19 cm: 392 p., ill.",,"La p. couv. porte en outre : ""Poésie de tous les temps"" et les titres de certains textes.",Français,"Paris, FR",,,
00004175,Menaud maître-draveur,"SAVARD, Félix-Antoine",Collection du Nénuphar : les meilleurs auteurs canadiens,Fides,1953,1953-01-01,1953-12-31,,Éd. définitive,21 cn: 153 p.,,,Français,"Montréal, QC",,,
00004176,A History of Canada: for High Schools,"BINGAY, James",,Thomas Nelson & Sons Ltd.,1942,1942-01-01,1942-12-31,,,"19 cm: xiii, 576 p., ill.",,"La p. t. porte en outre : ""Authorized for use in the High Schools of Nova Scotia"". -- Comprend un index, des appendices à la fin du document, des notes en bas de page de et une liste des illustrations au début du document",Anglais,"Toronto, ON",Secondaire,Secondaire,
00004177,"Monsieur de Maisonneuve, 1612-1676 : 3ème Centenaire de sa mort","CIMICHELLA, A.-M.",Nos grandes figures ; 8,Jésus Marie et Notre Temps,1976,1976-01-01,1976-12-31,,,18 cm: 48 p.,,Comprend une bibliographie,Français,"Montréal, QC",,,
00004178,"Les premiers enfants de Ville-Marie, 1642-1658","CIMICHELLA, A.-M.",Nos grandes figures ; 10,Éditions Jésus-Marie et Notre Temps,1979,1979-01-01,1979-12-31,,,17 cm: 14 p.,,,Français,"Montréal, QC",,,
00004179,L'Histoire de France racontée à Juliette,"DUCHÉ, Jean",Toute la ville en parle,Amiot Dumont,1954,1954-01-01,1954-12-31,,Éd. revue et augm.,21 cm: 430 p.,,,Français,"Paris, FR",,,
00004180,Histoire des Chevaliers de Rhodes : depuis la création de l'ordre à Jérusalem jusqu'à sa capitulation à Rhodes,"FLANDIN, Eugène",,Alfred Mame et Fils,1867,1867-01-01,1867-12-31,,Deuxième éd.,"27 cm: 336 p., ill.",,Comprend une liste chronologique des grands maîtres de l'ordre de Saint-Jean de Jérusalem. -- Comprend des notes en bas de page,Français,"Tours, FR",,,
00004181,Histoire des Acadiens : [vol.] I,"RUMILLY, Robert",,R. Rumilly,[1955?],1955-01-01,1955-12-31,,,20 cm: 548 p.,,Comprend des notes en bas de page,Français,"Montréal, QC",,,
00004182,Histoire du Canada,"RUMILLY, Robert",,La Clé d'Or,[1951?],1951-01-01,1951-12-31,,,18 cm: 592 p.,,,Français,"Paris, FR",,,
00004183,Cours de botanique et de biologie végétale à l'usage des candidats au P.C.N. : tome I,"PLANTEFOL, L.",,Librairie classique Eugène Belin,1930,1930-01-01,1930-12-31,,,"18 cm: x, 596 p., ill.",,,Français,"Paris, FR",,,
00004184,"French-English Science Dictionary for Students in Agricultural, Biological and Physical Sciences","DE VRIES, Louis",,McGraw-Hill Book Company Inc.,1940,1940-01-01,1940-12-31,,"First Ed., 2nd Impression","18 cm: viii, 546 p.",,Comprend une liste d'abbréviations,Anglais|Français,"New York, NY",,,
00004185,Le Style Roman,"BRÉHIER, Louis","Arts, Styles et Techniques",Librairie Larousse,1942,1942-01-01,1942-12-31,,,"17 cm: 125 p., ill.",,"La p. t. porte en outre : ""48 planches hors texte en héliogravure"". -- Comprend un glossaire archéologique, des notices biographiques, un index topographique et une table des planches",Français,"Paris, FR",Secondaire,Supérieur,
00004186,Livret des fidèles,,,Éditions de la Commission de Liturgie de Montréal; Éditions Tardy,1966,1966-01-01,1966-12-31,,Nouv. éd.,16 cm: 383 p.,,"La p. t. porte en outre : ""Nouvelle édition approuvée par la Commission Épiscopale de Liturgie du Canada et par l'Assemblée Épiscopale de la Province civile de Québec"". -- Comprend plusieurs tables à la fin du document",Français,"Montréal, QC",,,
00004187,Manuel de droit,"DANSEREAU, Dollard|MONTPETIT, Édouard",,Beauchemin,1942,1942-01-01,1942-12-31,,,21 cn: 198 p.,,Comprend un lexique et les réponses et solutions à la fin du document,Français,"Montréal, QC",Secondaire,Supérieur,
00004188,La psychologie des filles pour l'instruction des garçons,"DEFRANCE, Marie-Madeleine",,Éditions Familiales de France,1950,1950-01-01,1950-12-31,,,18 cm: 77 p.,,"La p. t. porte en outre : ""Les livres du jeune homme""",Français,"Paris, FR",,,
00004189,Adam Bede: vol. 1,"ELIOT, George",George Eliot's Works,Thomas Nelson & Sons Ltd.,1906,1906-01-01,1906-12-31,,,"16 cm: 817 p., ill.",,,Anglais,"New York, NY",,,
00004190,"Manuel pratique de la dissertation française : conseils, modèles, plans, matériaux et sujets (1000)","PECQUEUR, O.",,Librairie classique de Ad. Wesmaell-Charlier,1902,1902-01-01,1902-12-31,,2e éd.,20 cm: 359 p.,,"La p. t. porte en outre : ""A l'usage des Athénées, des Collèges, des Écoles normales et des Écoles moyennes"". -- Comprend des notes en bas de page",Français,"Namur, BE",Secondaire,Supérieur,
00004191,Notes méthodologiques sur l'enseignement du français,"LAURENCE, J. M.",,Centre de psychologie et de pédagogie,[1945?],1945-01-01,1945-12-31,,2e éd.,19 cm: 148 p.,,,Français,"Montréal, QC",,,
00004192,Orthographe française : premier livre : troisième année,,,"Minister of Education, Ontario",[1994?],1994-01-01,1994-12-31,,,25 cm: 18 p.,,"La p. t. porte en outre : ""For tentative use in 1947-48 in schools attended by french-speaking pupils""",Français,Ontario,Primaire,3e année,
00004193,Mon orthographe : deuxième année,,,Ginn and Company,1951,1951-01-01,1951-12-31,,Éditions provisoire,25 cm: 20 p.,,,Français,"Toronto, ON",Primaire,2e année,
00004194,"Exercices d'analyse des mots et des propositions : 1,000 phrases sur les notions fondamentales","CLAUDE, Charles-Émile",,Éditions pédagogiques de l'école normale secondaire,1950,1950-01-01,1950-12-31,,,25 cm: 79 p.,,,Français,"Montréal, QC",Primaire|Intermédiaire|Secondaire,6e à 9e année,
00004195,Key to Current French,"ST. JOHN, Helen B.|JONES, Russell J.|STICKLAND, William A.",,The Copp Clark Company Ltd.,[1961?],1961-01-01,1961-12-31,,,23 cm: 87 p.,,,Anglais|Français,"Vancouver, C-B",Intermédiaire,Intermédiaire,
00004196,New Latin Grammar,"BENNETT, Charles E. ",,Allyn and Bacon inc.,1950,1950-01-01,1950-12-31,,,19 cm: 287 p.,,Comprend des index et des notes en bas de page,Anglais,"Boston, MA",,,
00004197,School Management,,Ontario Teachers' Manuals,The Ryerson Press,1931,1931-01-01,1931-12-31,,,20 cm: 296 p.,,Comprend un appendice,Anglais,"Toronto, ON",,,
00004198,Distribution mensuelle des sujets : au programme des écoles séparées d'Ontario,,,s.n.,1947,1947-01-01,1947-12-31,,,23 cm: 56 p.,,,Français,"Ottawa, ON",Primaire|Intermédiaire,1ère à 8e année,
00004199,Manuel d'hygiène de bienséance de civisme : pour les classes de 2e à 9e année,,,Librairie J.-A. Parent,1941,1941-01-01,1941-12-31,,,22 cm: 96 p.,,"La p. t. porte en outre : ""Ouvrage approuvé par le Comité catholique du Conseil de l'instruction publique""",Français,"Montréal, QC",Primaire|Intermédiaire|Secondaire,2e à 9e année,
00004200,Our Latin Heritage: book II,"BRESLOVE, D.|HOOPER, Arthur G.|HAMBLY, May S.",,The Copp Clark Company Ltd.,[1964?],1964-01-01,1964-12-31,,,"24 cm: 225 p., ill. et cartes",,Comprend un index et un lexique,Anglais|Latin,"Vancouver, C-B",,,
00004201,High School Typewriting: part I,"ROSZELL, M. C.|HEWITT, B. H.",Rational Typewriting Series,The Gregg Publishing Company,1943,1943-01-01,1943-12-31,,Third Ed.,"28 cm: 33 p., ill.",,"La couv. porte en outre : ""High frequency word and movement pattern"" et ""The Common Word Approach combined with the Rational System, as used with outstanding results in Collegiate, High School, and Vocational School Classes"". --  La p. t. porte en outre : ""Approved and recommended by the Department of Education, Ontario""",Anglais,"Toronto, ON",Secondaire|Universitaire et Collégial,Secondaire; collégiale,
00004202,"Atlas-Géographie : étude physique, politique, économique du Canada et de la province de Québec : avec des notions générales sur les cinq parties du monde : cours moyen",Frères Maristes,Collection publiée pour l'enseignement primaire et secondaire. L'École canadienne,Librairie Granger frères ltée.,1937,1937-01-01,1937-12-31,,,"22 cm: 66 p., ill. et cartes (certaines en coul.)",,"La p. t. porte en outre : ""Approuvé par le Comité Catholique du Conseil de l'instruction publique le 2 mai 1923"". et ""Adopté par la Commission scolaire de Montréal""",Français,"Montréal, QC",Primaire,3e et 4e année,
00004203,The Oxford Course in Canadian History: The Canadian Adventure:  book 1,,,The Makers of Canada Ltd.,[1928?],1928-01-01,1928-12-31,,,"16 cm: 53 p., ill.",,,Anglais,"Toronto, ON",,,
00004204,The Oxford Course in Canadian History: Exploration: book 2,,,The Makers of Canada Ltd.,[1928?],1928-01-01,1928-12-31,,,"16 cm: 48 p., ill.",,,Anglais,"Toronto, ON",,,
00004205,The Oxford Course in Canadian History: Settlement and Social Progress: book 3,,,The Makers of Canada Ltd.,[1928?],1928-01-01,1928-12-31,,,"16 cm: 39 p., ill.",,,Anglais,"Toronto, ON",,,
00004206,The Oxford Course in Canadian History: Transportation: book 4,,,The Makers of Canada Ltd.,[1928?],1928-01-01,1928-12-31,,,"16 cm: 27 p., ill.",,,Anglais,"Toronto, ON",,,
00004207,The Oxford Course in Canadian History: Political Development to 1849: book 5,,,The Makers of Canada Ltd.,[1928?],1928-01-01,1928-12-31,,,"16 cm: 34 p., ill.",,Comprend une bibliogr.,Anglais,"Toronto, ON",,,
00004208,The Oxford Course in Canadian History: Confederation: book 6,,,The Makers of Canada Ltd.,[1928?],1928-01-01,1928-12-31,,,"16 cm: 36 p., ill.",,,Anglais,"Toronto, ON",,,
00004209,The Oxford Course in Canadian History: New France:  book 7,,,The Makers of Canada Ltd.,[1928?],1928-01-01,1928-12-31,,,"16 cm: 37 p., ill.",,Le t. de la couv. : The Oxford Course in Canadian History: New France & Old Quebec,Anglais,"Toronto, ON",,,
00004210,The Oxford Course in Canadian History: The Maritime Provinces: book 8,,,The Makers of Canada Ltd.,[1928?],1928-01-01,1928-12-31,,,"16 cm: 35 p., ill.",,,Anglais,"Toronto, ON",,,
00004211,The Oxford Course in Canadian History: Ontario: book 9,,,The Makers of Canada Ltd.,[1928?],1928-01-01,1928-12-31,,,"16 cm: 33 p., ill.",,,Anglais,"Toronto, ON",,,
00004212,The Oxford Course in Canadian History: The Prairie Provinces & Pacific Slope: book 10,,,The Makers of Canada Ltd.,[1928?],1928-01-01,1928-12-31,,,"16 cm: 31 p., ill.",,,Anglais,"Toronto, ON",,,
00004213,The Oxford Course in Canadian History: The New Day: book 11,,,The Makers of Canada Ltd.,[1928?],1928-01-01,1928-12-31,,,"16 cm: 30 p., ill.",,,Anglais,"Toronto, ON",,,
00004214,Geography,,Ontario Teachers' Manuals,The Ryerson Press,1934,1934-01-01,1934-12-31,,,20 cm: 228 p.,,"La p. t. porte en outre : ""Authorized by the Minister of Education"". -- Comprend un index",Anglais,"Toronto, ON",Primaire,Primaire,
00004215,Canada : atlas descriptif,,,s.n.,[19--?],1899-12-31,1999-12-31,,,"28 cm: 64 p., ill. et cartes (en coul.)",,,Français,Canada,,,
00004216,Classical Civilization: Rome,"NEWELL COUCH, Herbert|GEER, Russel M.",,Prentice-Hall Inc.,1952,1952-01-01,1952-12-31,,Second Ed.,"23 cm: 482 p., ill. et cartes",,"Comprend un index, une table de référence et des bibliogr.",Anglais,"New York, NY",,,
00004217,Compléments d'algèbre,Les Frères des écoles chrétiennes,,Imprimerie De-La-Salle,1934,1934-01-01,1934-12-31,,,"22 cm: 311 p., graph.",,Comprend une table analytique,Français,"Montréal, QC",,,
00004218,Les Transformations brusques des êtres vivants : avec 49 figures dans le texte,"BLARINGHEM, L.",Bibliothèque de philosophie scientifique,Ernest Flammarion,1911,1911-01-01,1911-12-31,,,"18 cm: 353, 8 p., ill.",,Comprend un index et des notes en bas de page,Français,"Paris, FR",,,
00004219,Learning to Write,"SMITH, Reed",,MacMillan and Co. of Canada Ltd.,[1939?],1939-01-01,1939-12-31,,Canadian Ed. completely rev. and reset,21 cm: 511 p.,,"La p. t. porte en outre : ""Authorized in the Provinces of Manitoba, Ontario and Saskatchewan"". -- Comprend un index",Anglais,"Toronto, ON",,,
00004220,My Spelling: grade eight,"YOAKAM, Gerald A.|DAW, Seward E.|CHAPMAN, Frederick",,Ginn and Company,[19--?],1899-12-31,1999-12-31,,,"20 cm: 127 p., ill. (certaines en coul.)",,Comprend un glossaire,Anglais,"Toronto, ON",Intermédiaire,8e année,
00004221,Premier livre de lecture : première partie,,Ontario French Readers,The T. Eaton Co. Ltd.,1949,1949-01-01,1949-12-31,,,"19 cm: 103 p., ill. (certaines en coul.)",,"La p. t. porte en outre : ""Authorized by the Minister of Education""",Français,"Toronto, ON",Primaire,"Primaire, 1er cycle",
00004222,Programme of Studies for Grades 1 to 6 of the Public and Separate Schools,,,s.n.,1955,1955-01-01,1955-12-31,,,19 cm: 126 p.,,"La p. t. porte en outre : ""A reprint of the 1941 edition with minor revisions"" et ""Issued by Authority of the Minister of Education""",Anglais,Ontario,,,
00004223,Programme for Junior and Senior Kindergarten and Kindergarten Primary Classes of the Public and Separate Schools,,,s.n.,1944,1944-01-01,1944-12-31,,,19 cm: 83 p.,,"La p. t. porte en outre : ""Issued by authority of the Minisster of Education""",Anglais,Ontario,,,
00004224,Ontario Public School: Spelling Book,,,The Ryerson Press,1935,1935-01-01,1935-12-31,,,20 cm: 186 p.,,"La p. t. porte en outre : ""Authorized by the Minister of Education""",Anglais,"Toronto, ON",Primaire,Primaire,
00004225,La Littérature au brevet élémentaire,,,Congrégation de Notre-Dame,1925,1925-01-01,1925-12-31,,,23 cm: 181 p.,,Le t. de la couv. : La Littérature au brevet élémentaire : examens de 1925-1926,Français,"Montréal, QC",Primaire,Primaire,
00004226,First Spanish Grammar,"OLMSTED, Everett W.|GRISMER, Raymond L.",,MacMillan and Co. Ltd.,1941,1941-01-01,1941-12-31,,,"20 cm: xv, 352 p., ill. et cartes (en coul.)",,"Comprend un index, des appendices, un glossaire et une liste des illustrations",Anglais|Espagnol,"New York, NY",,,
00004227,Libro Espanol,"BERLITZ, M. D.",,Berlitz Publications,1951,1951-01-01,1951-12-31,,Nueva Edicion revisada Y aumentada,"19 cm: 255 p., ill.",,Comprend des notes en bas de page,Espagnol,"New York, NY",,,
00004228,Initiation à l'espagnol,"MADRIGAL, Margarita|MADRIGAL, Ezequias",,Éditions de l'arbre,1946,1946-01-01,1946-12-31,,,"20 cm: 199 p., ill.",,Comprend un lexique espanol-français,Espagnol,"Montréal, QC",Système français,Débutant,
00004229,Curso practico de espanol,"CHERUBINI, G.|CONDON, Vesta|FIELDEN BRIGGS, S.",The Winston Modern Language Series,Beauchemin,1944,1944-01-01,1944-12-31,,,"20 cm: xv, 364 p.",,"Comprend un index, un appendice et un lexique espagnol-français et un français-espagnol",Espagnol,"Montréal, QC",Système français,Débutant,
00004230,Lernen Sie Deutsch! Basic Grammar and Reader,"BURKHARD, Oscar C.",,The Copp Clark Company Ltd.,1938,1938-01-01,1938-12-31,,,"20 cm: xxii, 170, xlii p., ill. et cartes",,"La p. t. porte en outre : ""Authorized by the Minister of Education for Ontario"". -- Comprend un index et un lexique allemand-anglais",Allemand|Anglais,"Toronto, ON",,,
00004231,Initiation astronomique,"FLAMMARION, Camille",Initiations scientifiques,Librairie Hachette,1908,1908-01-01,1908-12-31,,Deuxième éd.,"18 cm: viii, 220, 12 p., ill.",,"La p. t. porte en outre : ""Ouvrage étranger à tout programme dédié aux amis de l'enfance"" et ""Ouvrage orné de 89 figures""",Français,"Paris, FR",,,
00004232,L'histoire du Canada : en 200 leçons,"BOUREGEOIS, P. Ph.-F.",Série de livres catholiques de la province de Québec,Librairie Beauchemin limitée; Librairies-Imprimeurs,1903,1903-01-01,1903-12-31,,,"vii, 440 p. ",,"La p. t. porte en outre : ""Ouvrage orné de gravures, accompagné de tableaux chronologiques, et préparé pour les écoles, académies, collèges, etc.""",Français,"Montréal, QC",,,
00004233,Ontario Writing Courses:  book three : grade 9 and high school,,,W. J. Gage & Co. Ltd.,[19--?],1899-12-31,1999-12-31,,,"10 x 20 cm: 95 p., ill.",,Comprend un index,Anglais,"Toronto, ON",Secondaire,9e année,
00004234,The Book of Words,"KENNEDY, A. M.",,Commercial Text Book Co.,[1928?],1928-01-01,1928-12-31,,,"19 cm: xx, 235 p.",,"La p. t. porte en outre : ""A text book for simplifying the acquisition of correct spelling, pronunciation, and a knowledge of the meanings of the more difficult common words"". -- Comprend un lexique, une liste d'abréviations et des notes en bas de page",Anglais,"Toronto, ON",Secondaire|Universitaire et Collégial,Secondaire; collèges commerciaux,
00004235,Webster's New Handy Dictionary,,,s.n.,[19--?],1899-12-31,1999-12-31,,,15 cm: 276 p.,,,Anglais,,,,
00004236,The Canadian Speller: book one,,,W. J. Gage & Co. Ltd.,[19--?],1899-12-31,1999-12-31,,Quebec Ed.,19 cm: 82 p.,,Comprend des appendices et un lexique,Anglais,"Toronto, ON",Primaire,"2e, 3e et 4e année",
00004237,German Simplified: an Easy and Rapid Self-Instructor,,Hugo's Simplilfied System,David McKay Co. Publishers,[19--?],1899-12-31,1999-12-31,,"Standard Ed., rev. and entirely re-written","18 cm: 128, 64, 64, 39 p.",,"La p. t. porte en outre : ""Grammar, exercises and vocabularies, with the pronunciation exactly imitated"". -- Pagination répétée. -- Comprend des notes en bas de page",Anglais,"Philadelphia, PA",,,
00004238,Alexander Elz: Er Ist Nicht Eifersüchtig,"GOLDSTICK, Isidore",Copp Clark Modern Language Series,The Copp Clark Company Ltd.,1935,1935-01-01,1935-12-31,,,17 cm: 83 p.,,"La p. t. porte en outre : ""Edited with introduction, extensive and intensive reading exercises, notes, idiom-lists, and vocabulary"". -- Comprend un glossaire et des notes en bas de page",Anglais,"Toronto, ON",,,
00004239,Metodo-Berlitz Para la Ensenanza de Idiomas Modernos: parte espanola,"BERLITZ, M. D.",Berlitz Books,Estate of M. D. Berlitz,[1928?],1928-01-01,1928-12-31,,Nueva ed. Rev. y aum.,19 cm: 231 p.,,Le t. de la couv. : Método Espanol. -- Comprend des appendices,Espagnol,"New York, NY",,,
00004240,Marie-Claire à Villevieille,"PHILLIP, A. G.",Junior French Series,Oxford at the Clarendon Press,1927,1927-01-01,1927-12-31,,Éd. autorisée,16 cm: 110 p.,,"La p. couv. porte en outre : ""Audoux Marie-Claire à Villevieille : with vocabulary"". -- La p. t. porte en outre : ""Épisode tiré de ""Marie-Claire"" par Marguerite Audoux"". -- Comprend un lexique",Anglais|Français,"London, UK|Toronto, ON",Intermédiaire,Intermédiaire; Avancé,
00004241,Catéchisme historique,,,s.n.,1913,1913-01-01,1913-12-31,1884,Éd. rev.,16 cm: 96 p.,,,Français,"Montréal, QC",,,
00004242,Histoire sainte : cours moyen,Les Frères des écoles chrétiennes,,Frères des écoles chrétiennes,1946,1946-01-01,1946-12-31,,Nouvelle éd.,"19 cm: vi, 207 p., ill. et cartes",,Comprend des notes en bas de page,Français,"Montréal, QC",,,
00004243,Histoire sainte : cours moyen,Les Frères des écoles chrétiennes,,Frères des écoles chrétiennes,1930,1930-01-01,1930-12-31,,Nouvelle éd.,"19 cm: 207 p., ill. et cartes",,Comprend des notes en bas de page,Français,"Montréal, QC",,,
00004244,Le Moyen Age : classe de cinquième,"AIMOND, Ch.",Cours d'histoire à l'usage de l'enseignement secondaire,J. De Gigord,1956,1956-01-01,1956-12-31,,Quatorzième éd.,"18 cm: viii, 352 p, ill. et cartes",,"Comprend une table des lectures et des illustrations, un lexique et des notes en bas de page",Français,"Paris, FR",Système français,Secondaire (2e degré et des cours complémentaires),
00004245,Histoire du Canada : cours moyen,Les Frères des écoles chrétiennes,,Frères des écoles chrétiennes,1916,1916-01-01,1916-12-31,1912,Quatrième éd.,"19 cm: 332 p., ill. et cartes",,"La p. t. porte en outre : ""Enseignement divisé en trois cours : élémentaire, moyen, supérieur"". -- Comprend des notes en bas de page",Français,"Montréal, QC",Intermédiaire,Moyen,
00004246,Cours d'histoire d'Angleterre : 8e année,,,Soeurs de la congrégation de Notre-Dame,1917,1917-01-01,1917-12-31,,,"18 cm: 146 p., ill. et cartes",,"La p. t. porte en outre : ""Brevets de capacité"" et ""Leçons, récits, cartes, tableaux synoptiques, gravures""",Français,"Montréal, QC",Intermédiaire,8e année,
00004247,Petite Astronomie : descriptive,"FLAMMARION, Camille|DELON, C.",,Librairie Hachette,1907,1907-01-01,1907-12-31,,Huitième éd.,"18 cm: 218 p., ill. et figures",,,Français,"Paris, FR",,,
00004248,Nelson's Canadian School Atlas,"WREFORD WATSON, J.",The Canadian Atlases,Thomas Nelson & Sons Canada Ltd.,1963,1963-01-01,1963-12-31,,,"29 cm: 92 p., ill. et cartes (presque toutes en coul.)",,Comprend un index,Anglais,"Toronto, ON",,,
00004249,Collection de cartes anciennes et modernes pour servir à l'étude de l'histoire de l'Amérique et du Canada,,,Institut d'histoire et de géographie de l'Université Laval,1948,1948-01-01,1948-12-31,,,"viii, 91 p., 91 cartes",,Comprend un index,Français,Québec,Secondaire|Universitaire et Collégial,Secondaire; supérieur,
00004250,L'Enseignement secondaire [publication en série] : survol de la littérature canadienne française,"GAY, Paul|MÉNARD, Jean",,Faculté des arts de l'Université Laval,1967,1967-01-01,1967-12-31,,,25 cm: p. 173-268,,"Publ. 5 fois par année. -- Description d'après : vol. 46, no. 4 (sept.-oct. 1967)",Français,Québec,Secondaire,Secondaire,
00004251,L'Économie domestique à l'école primaire : théorie et pratique : IVe année,,,Congrégation de Notre-Dame,[19--?],1899-12-31,1999-12-31,,,"18 cm: 177 p., ill.",,Comprend un lexique à la fin de chacune des parties,Français,"Montréal, QC",Primaire,4e année,
00004252,Phonetic Readings in English,"JONES, Daniel",,Carl Winters Universitätsbuchhandlung,1937,1937-01-01,1937-12-31,,24th Ed.,19 cm: 98 p.,,Comprend des notes en bas de page,Anglais,"Heidelberg, DE",Système français,Débutant,
00004253,La Rédaction dans la joie,"LAREAU, Daniel",,Centre de psychologie et de pédagogie,1953,1953-01-01,1953-12-31,,,"25 cm: 48 p., ill. (presque toutes en coul.)",,"La p. t. porte en outre : ""5e année""",Français,"Montréal, QC",Primaire,5e année,
00004254,Manuel de latin = Liber Secundus : classe de 5e,"DE KISCH, F.|DE KISCH, M.|CLARAC, Pierre|GAL, Roger",Le Latin par les textes / collection dirigée par Roger Gal,O.C.D.L.,[19--?],1899-12-31,1999-12-31,,Cinquième éd.,"23 cm: xiv, 288 p., 8 p. de pl., ill. (en coul.)",,"Comprend un index alphabétique, plusieurs tables et des notes en bas de page",Français,"Paris, FR",Primaire,5e année,
00004255,Manuel de latin = Liber Primus : classe de 6e,"GAL, Roger|BOUCHET, Henri|DURRY, Marcel",Le Latin par les textes / collection dirigée par Roger Gal,O.C.D.L.,[1960?],1960-01-01,1960-12-31,,6e éd.,"23 cm: xi, 198 p., 9 p. de pl., ill. (certaines en coul.)",,"Comprend des index, des tables et des notes en bas de page",Français,"Paris, FR",Primaire,6e année,
00004256,Aux Petits du royaume : essai pratique de méthodologie catéchistique,Une religieuse de l'Assomption de la Sainte-Vierge,,Éditions du bien public,1944,1944-01-01,1944-12-31,,,"21 cm: 252 p., ill.",,"La p. t. porte en outre : ""Tome III""",Français,"Trois-Rivières, QC",Primaire,Primaire,
00004257,Aux Petits du royaume : essai pratique de méthodologie catéchistique,Une religieuse de l'Assomption de la Sainte-Vierge,,Éditions du bien public,1944,1944-01-01,1944-12-31,,,"21 cm: 250 p., ill.",,"La p. t. porte en outre : ""Tome IV""",Français,"Trois-Rivières, QC",Primaire,Primaire,
00004258,These are our Friends,"MARGUERITE, M.|MALVERN, Corinne|WARE, Charlotte",Faith and Freedom ; 1,Ginn and Company,[1942?],1942-01-01,1942-12-31,,,"21 cm: 174 p., ill. (toutes en coul.)",,Comprend un lexique,Anglais,"Boston, MA|Toronto, ON",,,
00004259,The Canadian Wonderworld of Science: book one,"KNOX, Warren|STOUFFER, Archibald|FRODERSTROM, Alma",,The Book Society of Canada Ltd.,[1950?],1950-01-01,1950-12-31,,,"20 cm: 136 p., ill. (toutes en coul.)",,Comprend un lexique,Anglais,"Toronto, ON",Primaire,Primaire,
00004260,Dictionarium Universale : Latino-Gallicum,"BORBONIO, Ludovico",,s.n.,[1788?],1788-01-01,1788-12-31,,,19 cm: env. 1979 p.,,,Français|Latin,,,,
00004261,Comédies de Plaute : tome second,Mademoiselle Le Fevre,,Denys Thierry et Claude Barrin,1730,1730-01-01,1730-12-31,,Dernière éd.,14 cm: 345 p.,,"La p. t. porte en outre : ""avec des remarques et un examen, selon les règles du théâtre"" et ""dernière édition avec l'original latin et des figures""",Français,"Paris, FR",,,
00004262,"J'écoute, je parle : premier degré : livre du maître","DUPLANTIE, Raymond|WITH, Kenneth",,W. J. Gage & Co. Ltd.,[1967?],1967-01-01,1967-12-31,,,"23 cm: xxxiv, 286 p., cartes-éclairs",,Comprend un appendice,Anglais|Français,"Scarborough, ON",Primaire,1er degré,
00004263,"J'écoute, je parle : deuxième degré : livre du maître","DUPLANTIE, Raymond",,W. J. Gage & Co. Ltd.,[1968?],1968-01-01,1968-12-31,,,"23 cm: xxxii, 232 p.",,,Anglais|Français,"Scarborough, ON",Système français,2e degré,
00004264,"J'écoute, je parle : deuxième degré : livret de l'élève","DUPLANTIE, Raymond|WITH, Kenneth",,W. J. Gage & Co. Ltd.,[1968?],1968-01-01,1968-12-31,,,"23 cm: 84 p., ill.",,,Français,"Scarborough, ON",Système français,2e degré,
00004265,"J'écoute, je parle 2 : dialogues et exercices illustrées : premier livret","DUPLANTIE, Raymond|WITH, Kenneth",,W. J. Gage & Co. Ltd.,[1964?],1964-01-01,1964-12-31,,,"23 cm: 80 p., tout en ill.",,,,"Scarborough, ON",,,
00004266,"J'écoute, je parle, je lis : deuxième livret","DUPLANTIE, Raymond|WITH, Kenneth",Tan-Gau ; 2,W. J. Gage & Co. Ltd.,[1964?],1964-01-01,1964-12-31,,,"23 cm: 82 p., ill.",,,Français,"Scarborough, ON",,,
00004267,"J'écoute, je parle, je lis : Dialogues et exercises [i.e. exercices] illustrées","DUPLANTIE, Raymond|WITH, Kenneth",Tan-Gau ; 2,W. J. Gage & Co. Ltd.,[1964?],1964-01-01,1964-12-31,,,"23 cm: 80 p., ill.",,Titre au dos,,"Scarborough, ON",,,
00004268,"J'écoute, je parle, je lis : deuxième année : livre du maître","DUPLANTIE, Raymond|WITH, Kenneth",Tan-Gau ; 2,W. J. Gage & Co. Ltd.,[1964?],1964-01-01,1964-12-31,,Éditions provisoire,"23 cm: lxiv, 300 p., cartes-éclairs",,"Comprend une liste des cartes-éclairs, des tableaux et un lexique",Français,"Scarborough, ON",Primaire,2e année,
00004269,An Outline of Contemporary French Canadian Literature,"BRAZEAU, J. Raymond",,Forum House Publishing Company,[1972?],1972-01-01,1972-12-31,,,"21 cm: xii, 126 p.",,Comprend une bibliogr.,Anglais,"Toronto, ON",Universitaire et Collégial,Collégial; supérieur,
00004270,Précis de stylistique française,"MAROUZEAU, J.",,Masson et co.,1950,1950-01-01,1950-12-31,,"3e éd., rev. et augm.",21 cm: 224 p.,,Comprend une bibliogr. et un appendice,Français,"Paris, FR",,,
00004271,"L'Art de commenter un texte : l'art et la littérature : inspirations, formes et genres","GERMAIN, François",Collection littérature,Les Éditions Foucher,[19--?],1899-12-31,1999-12-31,,,15 cm: 62 p.,,"La p. couv. porte en outre : ""Expliquez-moi...""",Français,"Paris, FR",,,
00004272,Chroniques de français,"DE CHANTAL, René",,Éditions de l'Université d'Ottawa,1961,1961-01-01,1961-12-31,,"Nouv. éd., rev. et corr.","21 cm: xv, 273 p.",,Comprend un index et une bibliogr.,Français,"Ottawa, ON",Secondaire,Supérieur,
00004273,L'Explication des textes littéraires : méthode d'explication et choix de textes,"LEBEL, Maurice",Collection des études françaises dans l'enseignement secondaire,Les Presses universitaires de Laval,1957,1957-01-01,1957-12-31,,,"23 cm: xxiii, 342 p.",,"La p. t. porte en outre : ""Textes français et canadiens-français"". -- Comprend une bibliogr. et un appendice",Français,Québec,Secondaire,Secondaire,
00004274,Chez nous et notre famille : guide du maître,,Foi et liberté,Ginn and Company,[19--?],1899-12-31,1999-12-31,,,21 cm: 27 p.,,,Français,"Toronto, ON",Primaire,1ère année,
00004275,Suggestions for Teachers of Science,,Ontario Teachers' Manuals,The Copp Clark Company Ltd.,[1917?],1917-01-01,1917-12-31,,,"19 cm: viii, 258 p.",,"La p. t. porte en outre : ""Fifth forms of public schools and the lower school classes of continuation and high schools"" et "" Authorized by the Minister of Education""",Anglais,"Toronto, ON",,,
00004276,Grammar in Elementary Schools,"MARTYN, H. G.",,The Ryerson Press,[1932?],1932-01-01,1932-12-31,,,"20 cm: vii, 128 p.",,Comprend un index et un bibliogr.,Anglais,"Toronto, ON",Primaire,Primaire,
00004277,Frou-Frou et Fin-Fin : guide pédagogique à l'usage du maître,,,s.n.,[19--?],1899-12-31,1999-12-31,,,22 cm: 23 p.,,Comprend un lexique,Français,,Primaire,1ère année,
00004278,La Dissertation littéraire générale : classes supérieures de lettres et enseignement supérieur,"CHASSANG, A.|SENNINGER, Ch.",,Librairie Hachette,1963,1963-01-01,1963-12-31,,,23 cm: 442 p.,,Comprend un index,Français,"Paris, FR",Secondaire,Supérieur,
00004279,Comment écrire une dissertation littéraire : conseils pratiques aux futurs bacheliers,"DASSONVILLE, Michel",Collection des études françaises dans l'enseignement secondaire,Les Presses universitaires de Laval,1955,1955-01-01,1955-12-31,,,"21 cm: xiv, 166 p., ill.",,Comprend des appendices et des notes en bas de page,Français,Québec,Secondaire|Universitaire et Collégial,Secondaire; supérieur,
00004280,Invitation à l'étude,"MINVILLE, Esdras",,Fides,[1943?],1943-01-01,1943-12-31,,,19 cm: 169 p.,,"La p. t. porte en outre : ""L'Institut de recherches économiques et sociales"". -- Comprend des notes en bas de page",Français,"Montréal, QC",Secondaire,Secondaire,
00004281,Essai de méthodologie de l'analyse littéraire,"CANTRAINE, Roger|DESONAY, Fernand",,Éditions Labor,1969,1969-01-01,1969-12-31,,,17 cm: 150 p.,,Comprend des textes et extraits cités et des appendices,Français,"Bruxelles, BE",Secondaire,Secondaire,
00004282,Glossaire de la critique littéraire contemporaine,"ANGENOT, Marc",,Hurtubise HMH ltée.,1972,1972-01-01,1972-12-31,,,20 cm: 242 p.,,,Français,"Montréal, QC",,,
00004283,Le Flambeau sacré de Mariline,"LEPAGE, Robert",,Centre franco-ontarien de ressources pédagogiques,1982,1982-01-01,1982-12-31,,,98 p.,,"La p. couv. porte en outre : ""Exploitation de texte cahier du maître"". -- La p. t. porte en outre : ""Cahier pédagogique pour l'enseignement du roman"". -- Comprend une bibliogr. et des notes en bas de page",Français,"Ottawa, ON",,,
00004284,En compagnie d'Edouard & Micha [enregistrement sonore],"BOUDREAULT, Micha",,Edouard & Micha inc.,[1983?],1983-01-01,1983-12-31,,,11 documents + 2 disques,,"Le contenant porte en outre : ""Trousse pour l'apprentissage de la musique : disque microsillon (ou cassette) de 10 chansons originales; recueil (pour étudiant) : musique en feuilles des 10 chansons, suggestions pour la création d'une chanson ; arrangements musicaux : Chorales (4), ensemble à cordes (1), harmonies scolaires (4), voix, percussions Orff (1) et guide pour l'enseignant : analyse des 10 chansons, suggestions pour la création d'une chanson. -- ISBN 0919183 14 X (Trousse)",Français,"Toronto, ON",Primaire,Primaire,
00004285,Chantons avec Edouard & Micha : trousse pédagogique [enregistrement sonore],"BOUDREAULT, Micha|LABONTÉ, Edouard",,Edouard & Micha inc.,[1980?],1980-01-01,1980-12-31,,,"28 cm: 56, 52, 72 p. + 2 disques, ill. (certaines en coul.)",,"Le contenant porte en outre : ""Trousse pédagogique : disque microsillon ou cassette : 12 chansons originales, duo vocal avec arrangements de 40 instruments (Paroles et musique, Micha Boudreault et Édouard LaBonté, membres de CAPAC); livret de l'élève : paroles et musique des chansons, illustrations, définitions et autres éléments d'enrichissement des connaissances, 56 pages; cahier d'activités : exercices et activités de musique, de français, d'arts plastiques, de matnématiques et de sciences de l'environnement, en relation avec les mots et la musique des chansons, 52 pages et guide pédagogique : buts et objectifs, notions musicales pour professeurs généralistes, suggestions, explications complémentaires, clé de correction au cahier d'activités, 72 pages"". -- ISBN 0919183 00 X (Trousse)",Français,"St-Sauveur, QC",Primaire,Primaire,
00006767,Côté Campus [enregistrement vidéo],TVOntario,,Office de la télécommunication éducative de l'Ontario,[1989?],1989-01-01,1989-12-31,,,"14 vidéocassetes (30 min chacun) , son;, coul.,13 mm",,,Français,,,,
00006770,"Causeries pédagogiques aux instituteurs de la Commission des écoles catholiques de Montréal, 1924-1925","MAURICE, J.-O.",,Arbour et Dupont,1925,1925-01-01,1925-12-31,,,21 cm: 128 p.,,,Français,"Montréal, QC",,,Anglais|Psychologie
00006771,"Petit Questionnaire sur l'histoire sainte, la grammaire française, le calcul, le système des poids et mesures, l'histoire et la géographie du Canada
",,,F.S.C.,1891,1891-01-01,1891-12-31,,,19 cm: 103 p.,,Comprend des notes en ajout,Français,"Montréal, QC",,,Catéchisme|Histoire|Géographie|Mathématiques
00006772,"Travaux manuels pour les garçons à l'école primaire (6e, 7e, 8e et 9e années)",Québec. Département de l'instruction publique,,Québec Province. Département de l'instruction publique,[19--?],1899-12-31,1999-12-31,,,"28 cm: 43 p., ill.",,Programme et méthodologie à l'usage du Département de l'instruction publique de la province de Québec,Français,Québec,,,Économie domestique|Métiers de la construction
00006774,Traité de littérature française à l'usage de la jeunesse,Une religieuse ursuline du Sacré-Coeur,,"J. B. Rolland & fils, Libraires-éditeurs",[1867?]-[1884?],1867-01-01,1884-12-31,,16e éd.,18 cm: 152 p.,,En mauvais état,Français,"Montréal, QC",,,
00006775,"Définitions géométriques, suivies des éléments d'architecture et d'histoire naturelle appliquée au dessin linéaire à main levée  : partie de l'élève.  Premier livre
","Soeur Saint-Théotiste
",,Soeurs de la Congrégation de Notre-Dame de Montréal,1879,1879-01-01,1879-12-31,,,17 cm: 75 p.,,"Rédigé par soeur Saint-Théotiste (Marie-Marguerite Filion). Manuel à l'usage des élèves de la Congrégation de Notre-Dame
",Français,"Montréal, QC",,,Architecture|Mathématiques|Sciences
00006776,"Abrégé de l'histoire sainte, de l'histoire de France et de l'histoire du Canada : à l'usage des commençants",,,"J. B. Rolland & fils, libraires",1881,1881-01-01,1881-12-31,,,17 cm: 130 p.,,Don de Louis Charbonneau,Français,"Montréal, QC",,,Catéchisme
00006778,Manuel des bienséances à l'usage des candidats aux brevets d'école primaire,"ROULEAU, T.-G.",,Librairie Langlais,1897,1897-01-01,1897-12-31,,,18 cm: 92 p.,,"Don : Charbonneau, Louis",Français,Québec,,,
00006780,ABÉCÉ nouvelle méthode de lecture par l'image et l'ancienne épellation. Premier livret,"TREMBLAY, Nérée",,J. A. Langlais & Fils Libraires-édireurs,1904,1904-01-01,1904-12-31,,,"8 cm: 42 p., ill.",,"Don : Généreux, Estelle et Julie",Français,"Montréal, QC",,,Français|Lecture
00006781,Syllabaire,,,s. éd.,[1907?],1907-01-01,1907-12-31,,,16 cm,,"livre sans page de titre. -- Don : Charbonneau, Louis",Français,,,,
00006782,Grammaire latine (complète),"PETITMANGIN, H.",,J. de Gigord,1923,1923-01-01,1923-12-31,,9e éd.,"18 cm: viii, 192 p.",,Comprend des appendices à la fin de l'ouvrage,Français,"Paris, FR",,,
00006783,Geography notes : supplementary exercises,,,Educational Publishing Co.,1923,1923-01-01,1923-12-31,,,"16 cm: 112 p., ill., cartes",,,Anglais,"Toronto, ON",,,
00006784,"Quoi dire, comment dire et quoi faire : éducation sexuelle","MERCIER, L.P.",,Éditions B. Valiquette,1930,1930-01-01,1930-12-31,,,18 cm: 62 p.,,"Livre signé par l'auteur et dédicacé à M. le docteur [G.] Bouchard, Hull 1-1-44. -- Comprend des réf. bibliogr.",Français,"Montréal, QC",,,Savoir-vivre|Sciences humaines
00006785,Programme of Studies for Grades 1 to 6 of the Public and Separate Schools 1960,Ontario Department of Education,,The Minister of Ontario,[1960?],1960-01-01,1960-12-31,,,20 cm: 122 p.,,,Anglais,"Toronto, ON",,,
00006786,Programme of Studies for Grades 1 to IV of the Public and Separate Schools 1941,Ontario Department of Education,,The Minister of Ontario,[1941?],1941-01-01,1941-12-31,,,20 cm: 153p.,,,Anglais,"Toronto, ON",,,
00006787,Programme of Studies for Grades 1 to IV of the Public and Separate Schools 1941,Ontario Department of Education,,The Minister of Ontario,[1941?],1941-01-01,1941-12-31,,,20 cm: 153 p.,,,Anglais,"Toronto, ON",,,
00006788,Report on the Schools Attended by French-Speaking Pupils 1941,Ontario Department of Education,,The Minister of Ontario,[1941?],1941-01-01,1941-12-31,,,20 cm: 16 p.,,,Anglais,"Toronto, ON",,,
00006789,Report on the Schools Attended by French-Speaking Pupils 1942,Ontario Department of Education,,The Minister of Ontario,[1942?],1942-01-01,1942-12-31,,,20 cm: 6 p.,,,Anglais,"Toronto, ON",,,
00006790,"Grades 13 Papers 1956, 1957, 1958 : English, Special French, History, Geography, Music",Ontario Department of Education,,s.n.,[1958?],1958-01-01,1958-12-31,,,20 cm,,,Anglais,"Toronto, ON",,,
00006791,"The Department of Education Act, 1954 : Statutes of Ontario, 1954, Chapter 20",Ontario Department of Education,,Baptiste Johnston,1957,1957-01-01,1957-12-31,,,25 cm,,,Anglais,"Toronto, ON",,,
00006792,"Regulations, Examinations and Courses of Study of the University of Ottawa Normal School for Second Class Certificates Session 1928-1929",Ontario Department of Education,,s.n.,1928,1928-01-01,1928-12-31,,,25 cm,,,Anglais,"Toronto, ON",,,
00006793,Report of the Minister of Education Ontario for the Year 1885,Ontario Department of Education,,Warwick & Sons,1886,1886-01-01,1886-12-31,,,25 cm,,,Anglais,"Toronto, ON",,,
00006794,Report of the Minister of Education Ontario for the Year 1890,Ontario Department of Education,,Warwick & Sons,1891,1891-01-01,1891-12-31,,,25 cm,,,Anglais,"Toronto, ON",,,
00006795,Programme détaillé du Cours d'études des Écoles Séparées,,,s.n.,1923,1923-01-01,1923-12-31,,,20 cm: 36 p.,,,Français,"Ottawa, ON",,,
00006796,L'éducation au Québec (19e - 20e siècles),"LAJEUNESSE, Marcel",,Les Éditions du Boréal express,[1971?],1971-01-01,1971-12-31,,,20 cm: 145 p.,,,Français,,,,
00006797,Annual Examinations 1950,"Department of Educations, Ontario",,s.n.,[1950?],1950-01-01,1950-12-31,,,20 cm,,,Anglais,,,,
00006798,Annual Examinations 1948,"Department of Educations, Ontario",,s.n.,[1948?],1948-01-01,1948-12-31,,,20 cm,,,Anglais,,,,
00006799,Annual Examinations 1944,"Department of Educations, Ontario",,s.n.,[1944?],1944-01-01,1944-12-31,,,20 cm,,,Anglais,,,,
00006800,Annual Examinations 1940,"Department of Educations, Ontario",,s.n.,[1940?],1940-01-01,1940-12-31,,,20 cm,,,Anglais,,,,
00006801,Annual Examinations 1939,"Department of Educations, Ontario",,s.n.,[1939?],1939-01-01,1939-12-31,,,20 cm,,,Anglais,,,,
00006802,"L'École primaire : septembre 1965, 1re - 7e",,,s.n.,[1965?],1965-01-01,1965-12-31,,,20 cm: 93 p.,,,Français,,,,
00006803,"Géographie : province d'Ontario, 8e année",,André Journaux,Librairie Hatier,1965,1965-01-01,1965-12-31,,,"25 cm, ill.",,,Français,"Paris, FR",Primaire|Intermédiaire,6e et 7e année,
00006804,"Géographie: cours Ozouf, classe de seconde",,,Édition Fernand Nathan,1961,1961-01-01,1961-12-31,,,"26 cm: 31 p., ill.",ISBN 0-7702-0605-0,,Français,,,,
00006805,"Connaissance du monde contemporain : recueil de documents, programme de 1973, 2e année de B.E.P.","DUPÂQUIER, J.|SOLETCHNIK, J.",,Bordas ,1974,1974-01-01,1974-12-31,,,"24 cm: 156 p., ill.",,,Français,,,,
00006806,Nouvelle France : histoire du Canada : tome II (1763-1958),"TESSIER, Albert",,Éditions du Pélican,1959,1959-01-01,1959-12-31,,,"21 cm: 231 p., ill.",,,Français,Québec,,,
00006807,The Middle Age,"MCCLURE, C. H.|SCHECK, Charles C.|WRIGHT, W. W.",Our Developing Civilization: A Series of Social Studies Textbooks Based on History,Laidlaw Brothers,[1938?],1938-01-01,1938-12-31,,,"18 cm: 228, xxii p. en pag. multiple",,,Anglais,"Chicago, IL",,,
00006808,Jean de Brébeuf : le géant des Missions Hurrons 1593-1649,"LAVIOLETTE, Guy",,Apostolat de la Presse,1953,1953-01-01,1953-12-31,,,"25 cm: 32 p., ill.",,,Français,"Sherbrooke, QC",,,
00006809,Thirteen famous Poems,"STEVENSON, O. J.",,"The Coop Clark Company, Limited",[1923?],1923-01-01,1923-12-31,,,18 cm: 203 p.,,,Anglais,"Toronto, ON",,,
00006810,Think-and-Do Book to acompany The Three Pre-Primers of The New Basic Readers,"STEVENSON, O. J.",,W.J. Gage Limited,[1962?],1962-01-01,1962-12-31,,,18 cm: 120 p.,,,Anglais,"Toronto, ON",,,
00006811,"Le Système scolaire de la Province du Québec : aperçu général, tome 1","AUDET, Louis-Philippe",,Éditions de l'érable,1950,1950-01-01,1950-12-31,,,25 cm: 345 p.,,,Français,Québec,,,
00006812,"Géographie, 8e année","GAY, F.-J.","Collection ""André Journaux""",Librairie Hatier,1965,1965-01-01,1965-12-31,,,25 cm,,,Français,"Paris, FR",Intermédiaire,8e année,
00006813,"Géographie:cours Ozouf, classe seconde",,,Édition Fernand Nathan,1961,1961-01-01,1961-12-31,,,"319 p., ill.",,,Français,,,,
00006817,Arithmétique : cours primaire supérieur : sixième et septième année : livre de l'élève,Les Frères des écoles chrétiennes,,Les Frères des écoles chrétiennes,1949,1949-01-01,1949-12-31,,,"18 cm: 408 p., ill",,,Français,"Montréal, QC",,,
00006818,Arithmétique : quatrième et cinquième années,Les Clercs de Saint-Viateur,,Librairie Saint-Viateur,1945,1945-01-01,1945-12-31,,,"18 cm: 213 p., ill",,,Français,"Montréal, QC",,,
00006819,Arithmétique : sixième et septième années,Les Clercs de Saint-Viateur,,"Librairie Saint-Viateur  
",[1945?],1945-01-01,1945-12-31,,,"18 cm: 213 p., ill",,,Français,"Montréal, QC",,,
00006820,Nouvelle France : histoire du Canada : tome I (1524-1763),"TESSIER, Albert",,Éditions du Pélican,1959,1959-01-01,1959-12-31,,,"21 cm: 231 p., ill.",,,Français,Québec,,,
00006821,Géographie - Atlas : cours moyen et supérieur,,,Librairie Beauchemin,1905,1905-01-01,1905-12-31,,,"29 cm: 146 p., ill., graph. et cartes en coul.",,3e édition,Français,"Montréal, QC",,,
